2025-01-14 15:56:09 - ERROR - Erro ao obter posição de QSOL11: name 'ast' is not defined
2025-01-14 15:56:09 - ERROR - Posição inicial de QSOL11 não encontrada.
2025-01-14 15:56:34 - ERROR - Erro ao obter posição de QSOL11: name 'ast' is not defined
2025-01-14 15:56:34 - ERROR - Posição inicial de QSOL11 não encontrada.
2025-01-14 15:56:45 - ERROR - Erro ao obter posição de QSOL11: name 'ast' is not defined
2025-01-14 15:56:45 - ERROR - Posição inicial de QSOL11 não encontrada.
2025-01-14 15:57:19 - ERROR - Erro ao obter posição de QSOL11: name 'ast' is not defined
2025-01-14 15:57:19 - ERROR - Posição inicial de QSOL11 não encontrada.
2025-01-14 15:57:41 - ERROR - Erro ao obter posição de QSOL11: name 'ast' is not defined
2025-01-14 15:57:41 - ERROR - Posição inicial de QSOL11 não encontrada.
2025-01-14 16:01:28 - ERROR - Erro ao obter posição de QSOL11: 'str' object has no attribute 'decode'
2025-01-14 16:01:28 - ERROR - Posição inicial de QSOL11 não encontrada.
2025-01-14 16:01:42 - ERROR - Erro ao obter posição de QSOL11: 'str' object has no attribute 'decode'
2025-01-14 16:01:42 - ERROR - Posição inicial de QSOL11 não encontrada.
2025-01-14 16:05:33 - ERROR - Erro no loop principal: send_order_binance() missing 2 required positional arguments: 'amount' and 'price'
2025-01-14 16:08:15 - ERROR - Erro no loop principal: send_order_binance() missing 1 required positional argument: 'price'
2025-01-14 16:10:45 - ERROR - Erro no loop principal: binance Account has insufficient balance for requested action.
2025-01-14 18:13:40 - ERROR - Erro no loop principal: binance {"code":-1102,"msg":"Mandatory parameter 'quantity' was not sent, was empty/null, or malformed."}
2025-01-14 18:36:13 - ERROR - Posição inicial de HASH11 não encontrada.
2025-01-14 18:36:38 - ERROR - Erro no loop principal: name 'symbol_binance' is not defined
2025-01-14 18:37:54 - ERROR - Erro no loop principal: name 'currency_per_quota' is not defined
2025-01-14 18:41:13 - ERROR - Erro no loop principal: name 'quantity_to_buy' is not defined
2025-01-14 18:42:54 - ERROR - Erro no loop principal: name 'time' is not defined
2025-01-14 18:43:41 - ERROR - Erro no loop principal: binance amount of AVAX/USDT:USDT must be greater than minimum amount precision of 0
2025-01-14 18:44:51 - ERROR - Erro no loop principal: binance amount of SOL/USDT:USDT must be greater than minimum amount precision of 0
2025-01-14 18:49:10 - ERROR - Erro ao obter precisão para ADA/USDT: binance markets not loaded
2025-01-14 18:49:10 - ERROR - Erro ao obter precisão para BTC/USDT: binance markets not loaded
2025-01-14 18:49:10 - ERROR - Erro ao obter precisão para ETH/USDT: binance markets not loaded
2025-01-14 18:49:10 - ERROR - Erro ao obter precisão para SOL/USDT: binance markets not loaded
2025-01-14 18:49:10 - ERROR - Erro ao obter precisão para XRP/USDT: binance markets not loaded
2025-01-14 18:49:10 - ERROR - Erro ao obter precisão para ADA/USDT: binance markets not loaded
2025-01-14 18:49:10 - ERROR - Erro ao obter precisão para BTC/USDT: binance markets not loaded
2025-01-14 18:49:10 - ERROR - Erro ao obter precisão para ETH/USDT: binance markets not loaded
2025-01-14 18:49:10 - ERROR - Erro ao obter precisão para SOL/USDT: binance markets not loaded
2025-01-14 18:49:10 - ERROR - Erro ao obter precisão para XRP/USDT: binance markets not loaded
2025-01-14 18:49:10 - ERROR - Erro ao obter precisão para ADA/USDT: binance markets not loaded
2025-01-14 18:49:10 - ERROR - Erro ao obter precisão para BTC/USDT: binance markets not loaded
2025-01-14 18:49:10 - ERROR - Erro ao obter precisão para ETH/USDT: binance markets not loaded
2025-01-14 18:49:10 - ERROR - Erro ao obter precisão para SOL/USDT: binance markets not loaded
2025-01-14 18:49:10 - ERROR - Erro ao obter precisão para XRP/USDT: binance markets not loaded
2025-01-14 18:49:11 - ERROR - Erro ao obter precisão para ADA/USDT: binance markets not loaded
2025-01-14 18:49:11 - ERROR - Erro ao obter precisão para BTC/USDT: binance markets not loaded
2025-01-14 18:49:11 - ERROR - Erro ao obter precisão para ETH/USDT: binance markets not loaded
2025-01-14 18:49:11 - ERROR - Erro ao obter precisão para SOL/USDT: binance markets not loaded
2025-01-14 18:49:11 - ERROR - Erro ao obter precisão para XRP/USDT: binance markets not loaded
2025-01-14 18:49:11 - ERROR - Erro ao obter precisão para ADA/USDT: binance markets not loaded
2025-01-14 18:49:11 - ERROR - Erro ao obter precisão para BTC/USDT: binance markets not loaded
2025-01-14 18:49:11 - ERROR - Erro ao obter precisão para ETH/USDT: binance markets not loaded
2025-01-14 18:49:11 - ERROR - Erro ao obter precisão para SOL/USDT: binance markets not loaded
2025-01-14 18:49:11 - ERROR - Erro ao obter precisão para XRP/USDT: binance markets not loaded
2025-01-14 18:49:12 - ERROR - Erro ao obter precisão para ADA/USDT: binance markets not loaded
2025-01-14 18:49:12 - ERROR - Erro ao obter precisão para BTC/USDT: binance markets not loaded
2025-01-14 18:49:12 - ERROR - Erro ao obter precisão para ETH/USDT: binance markets not loaded
2025-01-14 18:49:12 - ERROR - Erro ao obter precisão para SOL/USDT: binance markets not loaded
2025-01-14 18:49:12 - ERROR - Erro ao obter precisão para XRP/USDT: binance markets not loaded
2025-01-14 18:49:12 - ERROR - Erro ao obter precisão para ADA/USDT: binance markets not loaded
2025-01-14 18:49:12 - ERROR - Erro ao obter precisão para BTC/USDT: binance markets not loaded
2025-01-14 18:49:12 - ERROR - Erro ao obter precisão para ETH/USDT: binance markets not loaded
2025-01-14 18:49:12 - ERROR - Erro ao obter precisão para SOL/USDT: binance markets not loaded
2025-01-14 18:49:12 - ERROR - Erro ao obter precisão para XRP/USDT: binance markets not loaded
2025-01-14 18:49:13 - ERROR - Erro ao obter precisão para ADA/USDT: binance markets not loaded
2025-01-14 18:49:13 - ERROR - Erro ao obter precisão para BTC/USDT: binance markets not loaded
2025-01-14 18:49:13 - ERROR - Erro ao obter precisão para ETH/USDT: binance markets not loaded
2025-01-14 18:49:13 - ERROR - Erro ao obter precisão para SOL/USDT: binance markets not loaded
2025-01-14 18:49:13 - ERROR - Erro ao obter precisão para XRP/USDT: binance markets not loaded
2025-01-14 18:49:13 - ERROR - Erro ao obter precisão para ADA/USDT: binance markets not loaded
2025-01-14 18:49:13 - ERROR - Erro ao obter precisão para BTC/USDT: binance markets not loaded
2025-01-14 18:49:13 - ERROR - Erro ao obter precisão para ETH/USDT: binance markets not loaded
2025-01-14 18:49:13 - ERROR - Erro ao obter precisão para SOL/USDT: binance markets not loaded
2025-01-14 18:49:13 - ERROR - Erro ao obter precisão para XRP/USDT: binance markets not loaded
2025-01-14 18:49:13 - ERROR - Erro ao obter precisão para ADA/USDT: binance markets not loaded
2025-01-14 18:49:13 - ERROR - Erro ao obter precisão para BTC/USDT: binance markets not loaded
2025-01-14 18:49:13 - ERROR - Erro ao obter precisão para ETH/USDT: binance markets not loaded
2025-01-14 18:49:13 - ERROR - Erro ao obter precisão para SOL/USDT: binance markets not loaded
2025-01-14 18:49:13 - ERROR - Erro ao obter precisão para XRP/USDT: binance markets not loaded
2025-01-14 18:49:14 - ERROR - Erro ao obter precisão para ADA/USDT: binance markets not loaded
2025-01-14 18:49:14 - ERROR - Erro ao obter precisão para BTC/USDT: binance markets not loaded
2025-01-14 18:49:14 - ERROR - Erro ao obter precisão para ETH/USDT: binance markets not loaded
2025-01-14 18:49:14 - ERROR - Erro ao obter precisão para SOL/USDT: binance markets not loaded
2025-01-14 18:49:14 - ERROR - Erro ao obter precisão para XRP/USDT: binance markets not loaded
2025-01-14 18:49:14 - ERROR - Erro ao obter precisão para ADA/USDT: binance markets not loaded
2025-01-14 18:49:14 - ERROR - Erro ao obter precisão para BTC/USDT: binance markets not loaded
2025-01-14 18:49:14 - ERROR - Erro ao obter precisão para ETH/USDT: binance markets not loaded
2025-01-14 18:49:14 - ERROR - Erro ao obter precisão para SOL/USDT: binance markets not loaded
2025-01-14 18:49:14 - ERROR - Erro ao obter precisão para XRP/USDT: binance markets not loaded
2025-01-14 18:49:15 - ERROR - Erro ao obter precisão para ADA/USDT: binance markets not loaded
2025-01-14 18:49:15 - ERROR - Erro ao obter precisão para BTC/USDT: binance markets not loaded
2025-01-14 18:49:15 - ERROR - Erro ao obter precisão para ETH/USDT: binance markets not loaded
2025-01-14 18:49:15 - ERROR - Erro ao obter precisão para SOL/USDT: binance markets not loaded
2025-01-14 18:49:15 - ERROR - Erro ao obter precisão para XRP/USDT: binance markets not loaded
2025-01-14 18:49:15 - ERROR - Erro ao obter precisão para ADA/USDT: binance markets not loaded
2025-01-14 18:49:15 - ERROR - Erro ao obter precisão para BTC/USDT: binance markets not loaded
2025-01-14 18:49:15 - ERROR - Erro ao obter precisão para ETH/USDT: binance markets not loaded
2025-01-14 18:49:15 - ERROR - Erro ao obter precisão para SOL/USDT: binance markets not loaded
2025-01-14 18:49:15 - ERROR - Erro ao obter precisão para XRP/USDT: binance markets not loaded
2025-01-14 18:49:16 - ERROR - Erro ao obter precisão para ADA/USDT: binance markets not loaded
2025-01-14 18:49:16 - ERROR - Erro ao obter precisão para BTC/USDT: binance markets not loaded
2025-01-14 18:49:16 - ERROR - Erro ao obter precisão para ETH/USDT: binance markets not loaded
2025-01-14 18:49:16 - ERROR - Erro ao obter precisão para SOL/USDT: binance markets not loaded
2025-01-14 18:49:16 - ERROR - Erro ao obter precisão para XRP/USDT: binance markets not loaded
2025-01-14 18:49:16 - ERROR - Erro ao obter precisão para ADA/USDT: binance markets not loaded
2025-01-14 18:49:16 - ERROR - Erro ao obter precisão para BTC/USDT: binance markets not loaded
2025-01-14 18:49:16 - ERROR - Erro ao obter precisão para ETH/USDT: binance markets not loaded
2025-01-14 18:49:16 - ERROR - Erro ao obter precisão para SOL/USDT: binance markets not loaded
2025-01-14 18:49:16 - ERROR - Erro ao obter precisão para XRP/USDT: binance markets not loaded
2025-01-14 18:49:16 - ERROR - Erro ao obter precisão para ADA/USDT: binance markets not loaded
2025-01-14 18:49:16 - ERROR - Erro ao obter precisão para BTC/USDT: binance markets not loaded
2025-01-14 18:49:16 - ERROR - Erro ao obter precisão para ETH/USDT: binance markets not loaded
2025-01-14 18:49:16 - ERROR - Erro ao obter precisão para SOL/USDT: binance markets not loaded
2025-01-14 18:49:16 - ERROR - Erro ao obter precisão para XRP/USDT: binance markets not loaded
2025-01-14 18:49:17 - ERROR - Erro ao obter precisão para ADA/USDT: binance markets not loaded
2025-01-14 18:49:17 - ERROR - Erro ao obter precisão para BTC/USDT: binance markets not loaded
2025-01-14 18:49:17 - ERROR - Erro ao obter precisão para ETH/USDT: binance markets not loaded
2025-01-14 18:49:17 - ERROR - Erro ao obter precisão para SOL/USDT: binance markets not loaded
2025-01-14 18:49:17 - ERROR - Erro ao obter precisão para XRP/USDT: binance markets not loaded
2025-01-14 18:49:17 - ERROR - Erro ao obter precisão para ADA/USDT: binance markets not loaded
2025-01-14 18:49:17 - ERROR - Erro ao obter precisão para BTC/USDT: binance markets not loaded
2025-01-14 18:49:17 - ERROR - Erro ao obter precisão para ETH/USDT: binance markets not loaded
2025-01-14 18:49:17 - ERROR - Erro ao obter precisão para SOL/USDT: binance markets not loaded
2025-01-14 18:49:17 - ERROR - Erro ao obter precisão para XRP/USDT: binance markets not loaded
2025-01-14 18:49:18 - ERROR - Erro ao obter precisão para ADA/USDT: binance markets not loaded
2025-01-14 18:49:18 - ERROR - Erro ao obter precisão para BTC/USDT: binance markets not loaded
2025-01-14 18:49:18 - ERROR - Erro ao obter precisão para ETH/USDT: binance markets not loaded
2025-01-14 18:49:18 - ERROR - Erro ao obter precisão para SOL/USDT: binance markets not loaded
2025-01-14 18:49:18 - ERROR - Erro ao obter precisão para XRP/USDT: binance markets not loaded
2025-01-14 18:49:18 - ERROR - Erro ao obter precisão para ADA/USDT: binance markets not loaded
2025-01-14 18:49:18 - ERROR - Erro ao obter precisão para BTC/USDT: binance markets not loaded
2025-01-14 18:49:18 - ERROR - Erro ao obter precisão para ETH/USDT: binance markets not loaded
2025-01-14 18:49:18 - ERROR - Erro ao obter precisão para SOL/USDT: binance markets not loaded
2025-01-14 18:49:18 - ERROR - Erro ao obter precisão para XRP/USDT: binance markets not loaded
2025-01-14 18:49:19 - ERROR - Erro ao obter precisão para ADA/USDT: binance markets not loaded
2025-01-14 18:49:19 - ERROR - Erro ao obter precisão para BTC/USDT: binance markets not loaded
2025-01-14 18:49:19 - ERROR - Erro ao obter precisão para ETH/USDT: binance markets not loaded
2025-01-14 18:49:19 - ERROR - Erro ao obter precisão para SOL/USDT: binance markets not loaded
2025-01-14 18:49:19 - ERROR - Erro ao obter precisão para XRP/USDT: binance markets not loaded
2025-01-14 18:49:19 - ERROR - Erro ao obter precisão para ADA/USDT: binance markets not loaded
2025-01-14 18:49:19 - ERROR - Erro ao obter precisão para BTC/USDT: binance markets not loaded
2025-01-14 18:49:19 - ERROR - Erro ao obter precisão para ETH/USDT: binance markets not loaded
2025-01-14 18:49:19 - ERROR - Erro ao obter precisão para SOL/USDT: binance markets not loaded
2025-01-14 18:49:19 - ERROR - Erro ao obter precisão para XRP/USDT: binance markets not loaded
2025-01-14 18:49:20 - ERROR - Erro ao obter precisão para ADA/USDT: binance markets not loaded
2025-01-14 18:49:20 - ERROR - Erro ao obter precisão para BTC/USDT: binance markets not loaded
2025-01-14 18:49:20 - ERROR - Erro ao obter precisão para ETH/USDT: binance markets not loaded
2025-01-14 18:49:20 - ERROR - Erro ao obter precisão para SOL/USDT: binance markets not loaded
2025-01-14 18:49:20 - ERROR - Erro ao obter precisão para XRP/USDT: binance markets not loaded
2025-01-14 18:49:20 - ERROR - Erro ao obter precisão para ADA/USDT: binance markets not loaded
2025-01-14 18:49:20 - ERROR - Erro ao obter precisão para BTC/USDT: binance markets not loaded
2025-01-14 18:49:20 - ERROR - Erro ao obter precisão para ETH/USDT: binance markets not loaded
2025-01-14 18:49:20 - ERROR - Erro ao obter precisão para SOL/USDT: binance markets not loaded
2025-01-14 18:49:20 - ERROR - Erro ao obter precisão para XRP/USDT: binance markets not loaded
2025-01-14 18:49:20 - ERROR - Erro ao obter precisão para ADA/USDT: binance markets not loaded
2025-01-14 18:49:20 - ERROR - Erro ao obter precisão para BTC/USDT: binance markets not loaded
2025-01-14 18:49:20 - ERROR - Erro ao obter precisão para ETH/USDT: binance markets not loaded
2025-01-14 18:49:20 - ERROR - Erro ao obter precisão para SOL/USDT: binance markets not loaded
2025-01-14 18:49:20 - ERROR - Erro ao obter precisão para XRP/USDT: binance markets not loaded
2025-01-14 18:49:21 - ERROR - Erro ao obter precisão para ADA/USDT: binance markets not loaded
2025-01-14 18:49:21 - ERROR - Erro ao obter precisão para BTC/USDT: binance markets not loaded
2025-01-14 18:49:21 - ERROR - Erro ao obter precisão para ETH/USDT: binance markets not loaded
2025-01-14 18:49:21 - ERROR - Erro ao obter precisão para SOL/USDT: binance markets not loaded
2025-01-14 18:49:21 - ERROR - Erro ao obter precisão para XRP/USDT: binance markets not loaded
2025-01-14 18:49:21 - ERROR - Erro ao obter precisão para ADA/USDT: binance markets not loaded
2025-01-14 18:49:21 - ERROR - Erro ao obter precisão para BTC/USDT: binance markets not loaded
2025-01-14 18:49:21 - ERROR - Erro ao obter precisão para ETH/USDT: binance markets not loaded
2025-01-14 18:49:21 - ERROR - Erro ao obter precisão para SOL/USDT: binance markets not loaded
2025-01-14 18:49:21 - ERROR - Erro ao obter precisão para XRP/USDT: binance markets not loaded
2025-01-14 18:49:22 - ERROR - Erro ao obter precisão para ADA/USDT: binance markets not loaded
2025-01-14 18:49:22 - ERROR - Erro ao obter precisão para BTC/USDT: binance markets not loaded
2025-01-14 18:49:22 - ERROR - Erro ao obter precisão para ETH/USDT: binance markets not loaded
2025-01-14 18:49:22 - ERROR - Erro ao obter precisão para SOL/USDT: binance markets not loaded
2025-01-14 18:49:22 - ERROR - Erro ao obter precisão para XRP/USDT: binance markets not loaded
2025-01-14 18:49:22 - ERROR - Erro ao obter precisão para ADA/USDT: binance markets not loaded
2025-01-14 18:49:22 - ERROR - Erro ao obter precisão para BTC/USDT: binance markets not loaded
2025-01-14 18:49:22 - ERROR - Erro ao obter precisão para ETH/USDT: binance markets not loaded
2025-01-14 18:49:22 - ERROR - Erro ao obter precisão para SOL/USDT: binance markets not loaded
2025-01-14 18:49:22 - ERROR - Erro ao obter precisão para XRP/USDT: binance markets not loaded
2025-01-14 18:49:23 - ERROR - Erro ao obter precisão para ADA/USDT: binance markets not loaded
2025-01-14 18:49:23 - ERROR - Erro ao obter precisão para BTC/USDT: binance markets not loaded
2025-01-14 18:49:23 - ERROR - Erro ao obter precisão para ETH/USDT: binance markets not loaded
2025-01-14 18:49:23 - ERROR - Erro ao obter precisão para SOL/USDT: binance markets not loaded
2025-01-14 18:49:23 - ERROR - Erro ao obter precisão para XRP/USDT: binance markets not loaded
2025-01-14 18:49:23 - ERROR - Erro ao obter precisão para ADA/USDT: binance markets not loaded
2025-01-14 18:49:23 - ERROR - Erro ao obter precisão para BTC/USDT: binance markets not loaded
2025-01-14 18:49:23 - ERROR - Erro ao obter precisão para ETH/USDT: binance markets not loaded
2025-01-14 18:49:23 - ERROR - Erro ao obter precisão para SOL/USDT: binance markets not loaded
2025-01-14 18:49:23 - ERROR - Erro ao obter precisão para XRP/USDT: binance markets not loaded
2025-01-14 18:49:23 - ERROR - Erro ao obter precisão para ADA/USDT: binance markets not loaded
2025-01-14 18:49:23 - ERROR - Erro ao obter precisão para BTC/USDT: binance markets not loaded
2025-01-14 18:49:23 - ERROR - Erro ao obter precisão para ETH/USDT: binance markets not loaded
2025-01-14 18:49:23 - ERROR - Erro ao obter precisão para SOL/USDT: binance markets not loaded
2025-01-14 18:49:23 - ERROR - Erro ao obter precisão para XRP/USDT: binance markets not loaded
2025-01-14 18:49:24 - ERROR - Erro ao obter precisão para ADA/USDT: binance markets not loaded
2025-01-14 18:49:24 - ERROR - Erro ao obter precisão para BTC/USDT: binance markets not loaded
2025-01-14 18:49:24 - ERROR - Erro ao obter precisão para ETH/USDT: binance markets not loaded
2025-01-14 18:49:24 - ERROR - Erro ao obter precisão para SOL/USDT: binance markets not loaded
2025-01-14 18:49:24 - ERROR - Erro ao obter precisão para XRP/USDT: binance markets not loaded
2025-01-14 18:49:24 - ERROR - Erro ao obter precisão para ADA/USDT: binance markets not loaded
2025-01-14 18:49:24 - ERROR - Erro ao obter precisão para BTC/USDT: binance markets not loaded
2025-01-14 18:49:24 - ERROR - Erro ao obter precisão para ETH/USDT: binance markets not loaded
2025-01-14 18:49:24 - ERROR - Erro ao obter precisão para SOL/USDT: binance markets not loaded
2025-01-14 18:49:24 - ERROR - Erro ao obter precisão para XRP/USDT: binance markets not loaded
2025-01-14 18:49:25 - ERROR - Erro ao obter precisão para ADA/USDT: binance markets not loaded
2025-01-14 18:49:25 - ERROR - Erro ao obter precisão para BTC/USDT: binance markets not loaded
2025-01-14 18:49:25 - ERROR - Erro ao obter precisão para ETH/USDT: binance markets not loaded
2025-01-14 18:49:25 - ERROR - Erro ao obter precisão para SOL/USDT: binance markets not loaded
2025-01-14 18:49:25 - ERROR - Erro ao obter precisão para XRP/USDT: binance markets not loaded
2025-01-14 18:49:25 - ERROR - Erro ao obter precisão para ADA/USDT: binance markets not loaded
2025-01-14 18:49:25 - ERROR - Erro ao obter precisão para BTC/USDT: binance markets not loaded
2025-01-14 18:49:25 - ERROR - Erro ao obter precisão para ETH/USDT: binance markets not loaded
2025-01-14 18:49:25 - ERROR - Erro ao obter precisão para SOL/USDT: binance markets not loaded
2025-01-14 18:49:25 - ERROR - Erro ao obter precisão para XRP/USDT: binance markets not loaded
2025-01-14 18:49:26 - ERROR - Erro ao obter precisão para ADA/USDT: binance markets not loaded
2025-01-14 18:49:26 - ERROR - Erro ao obter precisão para BTC/USDT: binance markets not loaded
2025-01-14 18:49:26 - ERROR - Erro ao obter precisão para ETH/USDT: binance markets not loaded
2025-01-14 18:49:26 - ERROR - Erro ao obter precisão para SOL/USDT: binance markets not loaded
2025-01-14 18:49:26 - ERROR - Erro ao obter precisão para XRP/USDT: binance markets not loaded
2025-01-14 18:49:26 - ERROR - Erro ao obter precisão para ADA/USDT: binance markets not loaded
2025-01-14 18:49:26 - ERROR - Erro ao obter precisão para BTC/USDT: binance markets not loaded
2025-01-14 18:49:26 - ERROR - Erro ao obter precisão para ETH/USDT: binance markets not loaded
2025-01-14 18:49:26 - ERROR - Erro ao obter precisão para SOL/USDT: binance markets not loaded
2025-01-14 18:49:26 - ERROR - Erro ao obter precisão para XRP/USDT: binance markets not loaded
2025-01-14 18:49:26 - ERROR - Erro ao obter precisão para ADA/USDT: binance markets not loaded
2025-01-14 18:49:26 - ERROR - Erro ao obter precisão para BTC/USDT: binance markets not loaded
2025-01-14 18:49:26 - ERROR - Erro ao obter precisão para ETH/USDT: binance markets not loaded
2025-01-14 18:49:26 - ERROR - Erro ao obter precisão para SOL/USDT: binance markets not loaded
2025-01-14 18:49:26 - ERROR - Erro ao obter precisão para XRP/USDT: binance markets not loaded
2025-01-14 18:49:27 - ERROR - Erro ao obter precisão para ADA/USDT: binance markets not loaded
2025-01-14 18:49:27 - ERROR - Erro ao obter precisão para BTC/USDT: binance markets not loaded
2025-01-14 18:49:27 - ERROR - Erro ao obter precisão para ETH/USDT: binance markets not loaded
2025-01-14 18:49:27 - ERROR - Erro ao obter precisão para SOL/USDT: binance markets not loaded
2025-01-14 18:49:27 - ERROR - Erro ao obter precisão para XRP/USDT: binance markets not loaded
2025-01-14 18:49:27 - ERROR - Erro ao obter precisão para ADA/USDT: binance markets not loaded
2025-01-14 18:49:27 - ERROR - Erro ao obter precisão para BTC/USDT: binance markets not loaded
2025-01-14 18:49:27 - ERROR - Erro ao obter precisão para ETH/USDT: binance markets not loaded
2025-01-14 18:49:27 - ERROR - Erro ao obter precisão para SOL/USDT: binance markets not loaded
2025-01-14 18:49:27 - ERROR - Erro ao obter precisão para XRP/USDT: binance markets not loaded
2025-01-14 18:49:28 - ERROR - Erro ao obter precisão para ADA/USDT: binance markets not loaded
2025-01-14 18:49:28 - ERROR - Erro ao obter precisão para BTC/USDT: binance markets not loaded
2025-01-14 18:49:28 - ERROR - Erro ao obter precisão para ETH/USDT: binance markets not loaded
2025-01-14 18:49:28 - ERROR - Erro ao obter precisão para SOL/USDT: binance markets not loaded
2025-01-14 18:49:28 - ERROR - Erro ao obter precisão para XRP/USDT: binance markets not loaded
2025-01-14 18:49:28 - ERROR - Erro ao obter precisão para ADA/USDT: binance markets not loaded
2025-01-14 18:49:28 - ERROR - Erro ao obter precisão para BTC/USDT: binance markets not loaded
2025-01-14 18:49:28 - ERROR - Erro ao obter precisão para ETH/USDT: binance markets not loaded
2025-01-14 18:49:28 - ERROR - Erro ao obter precisão para SOL/USDT: binance markets not loaded
2025-01-14 18:49:28 - ERROR - Erro ao obter precisão para XRP/USDT: binance markets not loaded
2025-01-14 18:49:29 - ERROR - Erro ao obter precisão para ADA/USDT: binance markets not loaded
2025-01-14 18:49:29 - ERROR - Erro ao obter precisão para BTC/USDT: binance markets not loaded
2025-01-14 18:49:29 - ERROR - Erro ao obter precisão para ETH/USDT: binance markets not loaded
2025-01-14 18:49:29 - ERROR - Erro ao obter precisão para SOL/USDT: binance markets not loaded
2025-01-14 18:49:29 - ERROR - Erro ao obter precisão para XRP/USDT: binance markets not loaded
2025-01-14 18:49:29 - ERROR - Erro ao obter precisão para ADA/USDT: binance markets not loaded
2025-01-14 18:49:29 - ERROR - Erro ao obter precisão para BTC/USDT: binance markets not loaded
2025-01-14 18:49:29 - ERROR - Erro ao obter precisão para ETH/USDT: binance markets not loaded
2025-01-14 18:49:29 - ERROR - Erro ao obter precisão para SOL/USDT: binance markets not loaded
2025-01-14 18:49:29 - ERROR - Erro ao obter precisão para XRP/USDT: binance markets not loaded
2025-01-14 18:49:29 - ERROR - Erro ao obter precisão para ADA/USDT: binance markets not loaded
2025-01-14 18:49:29 - ERROR - Erro ao obter precisão para BTC/USDT: binance markets not loaded
2025-01-14 18:49:29 - ERROR - Erro ao obter precisão para ETH/USDT: binance markets not loaded
2025-01-14 18:49:29 - ERROR - Erro ao obter precisão para SOL/USDT: binance markets not loaded
2025-01-14 18:49:29 - ERROR - Erro ao obter precisão para XRP/USDT: binance markets not loaded
2025-01-14 18:49:30 - ERROR - Erro ao obter precisão para ADA/USDT: binance markets not loaded
2025-01-14 18:49:30 - ERROR - Erro ao obter precisão para BTC/USDT: binance markets not loaded
2025-01-14 18:49:30 - ERROR - Erro ao obter precisão para ETH/USDT: binance markets not loaded
2025-01-14 18:49:30 - ERROR - Erro ao obter precisão para SOL/USDT: binance markets not loaded
2025-01-14 18:49:30 - ERROR - Erro ao obter precisão para XRP/USDT: binance markets not loaded
2025-01-14 18:49:30 - ERROR - Erro ao obter precisão para ADA/USDT: binance markets not loaded
2025-01-14 18:49:30 - ERROR - Erro ao obter precisão para BTC/USDT: binance markets not loaded
2025-01-14 18:49:30 - ERROR - Erro ao obter precisão para ETH/USDT: binance markets not loaded
2025-01-14 18:49:30 - ERROR - Erro ao obter precisão para SOL/USDT: binance markets not loaded
2025-01-14 18:49:30 - ERROR - Erro ao obter precisão para XRP/USDT: binance markets not loaded
2025-01-14 18:49:31 - ERROR - Erro ao obter precisão para ADA/USDT: binance markets not loaded
2025-01-14 18:49:31 - ERROR - Erro ao obter precisão para BTC/USDT: binance markets not loaded
2025-01-14 18:49:31 - ERROR - Erro ao obter precisão para ETH/USDT: binance markets not loaded
2025-01-14 18:49:31 - ERROR - Erro ao obter precisão para SOL/USDT: binance markets not loaded
2025-01-14 18:49:31 - ERROR - Erro ao obter precisão para XRP/USDT: binance markets not loaded
2025-01-14 18:49:31 - ERROR - Erro ao obter precisão para ADA/USDT: binance markets not loaded
2025-01-14 18:49:31 - ERROR - Erro ao obter precisão para BTC/USDT: binance markets not loaded
2025-01-14 18:49:31 - ERROR - Erro ao obter precisão para ETH/USDT: binance markets not loaded
2025-01-14 18:49:31 - ERROR - Erro ao obter precisão para SOL/USDT: binance markets not loaded
2025-01-14 18:49:31 - ERROR - Erro ao obter precisão para XRP/USDT: binance markets not loaded
2025-01-14 18:49:32 - ERROR - Erro ao obter precisão para ADA/USDT: binance markets not loaded
2025-01-14 18:49:32 - ERROR - Erro ao obter precisão para BTC/USDT: binance markets not loaded
2025-01-14 18:49:32 - ERROR - Erro ao obter precisão para ETH/USDT: binance markets not loaded
2025-01-14 18:49:32 - ERROR - Erro ao obter precisão para SOL/USDT: binance markets not loaded
2025-01-14 18:49:32 - ERROR - Erro ao obter precisão para XRP/USDT: binance markets not loaded
2025-01-14 18:49:32 - ERROR - Erro ao obter precisão para ADA/USDT: binance markets not loaded
2025-01-14 18:49:32 - ERROR - Erro ao obter precisão para BTC/USDT: binance markets not loaded
2025-01-14 18:49:32 - ERROR - Erro ao obter precisão para ETH/USDT: binance markets not loaded
2025-01-14 18:49:32 - ERROR - Erro ao obter precisão para SOL/USDT: binance markets not loaded
2025-01-14 18:49:32 - ERROR - Erro ao obter precisão para XRP/USDT: binance markets not loaded
2025-01-14 18:49:32 - ERROR - Erro ao obter precisão para ADA/USDT: binance markets not loaded
2025-01-14 18:49:32 - ERROR - Erro ao obter precisão para BTC/USDT: binance markets not loaded
2025-01-14 18:49:32 - ERROR - Erro ao obter precisão para ETH/USDT: binance markets not loaded
2025-01-14 18:49:32 - ERROR - Erro ao obter precisão para SOL/USDT: binance markets not loaded
2025-01-14 18:49:32 - ERROR - Erro ao obter precisão para XRP/USDT: binance markets not loaded
2025-01-14 18:49:33 - ERROR - Erro ao obter precisão para ADA/USDT: binance markets not loaded
2025-01-14 18:49:33 - ERROR - Erro ao obter precisão para BTC/USDT: binance markets not loaded
2025-01-14 18:49:33 - ERROR - Erro ao obter precisão para ETH/USDT: binance markets not loaded
2025-01-14 18:49:33 - ERROR - Erro ao obter precisão para SOL/USDT: binance markets not loaded
2025-01-14 18:49:33 - ERROR - Erro ao obter precisão para XRP/USDT: binance markets not loaded
2025-01-14 18:49:33 - ERROR - Erro ao obter precisão para ADA/USDT: binance markets not loaded
2025-01-14 18:49:33 - ERROR - Erro ao obter precisão para BTC/USDT: binance markets not loaded
2025-01-14 18:49:33 - ERROR - Erro ao obter precisão para ETH/USDT: binance markets not loaded
2025-01-14 18:49:33 - ERROR - Erro ao obter precisão para SOL/USDT: binance markets not loaded
2025-01-14 18:49:33 - ERROR - Erro ao obter precisão para XRP/USDT: binance markets not loaded
2025-01-14 18:49:34 - ERROR - Erro ao obter precisão para ADA/USDT: binance markets not loaded
2025-01-14 18:49:34 - ERROR - Erro ao obter precisão para BTC/USDT: binance markets not loaded
2025-01-14 18:49:34 - ERROR - Erro ao obter precisão para ETH/USDT: binance markets not loaded
2025-01-14 18:49:34 - ERROR - Erro ao obter precisão para SOL/USDT: binance markets not loaded
2025-01-14 18:49:34 - ERROR - Erro ao obter precisão para XRP/USDT: binance markets not loaded
2025-01-14 18:49:34 - ERROR - Erro ao obter precisão para ADA/USDT: binance markets not loaded
2025-01-14 18:49:34 - ERROR - Erro ao obter precisão para BTC/USDT: binance markets not loaded
2025-01-14 18:49:34 - ERROR - Erro ao obter precisão para ETH/USDT: binance markets not loaded
2025-01-14 18:49:34 - ERROR - Erro ao obter precisão para SOL/USDT: binance markets not loaded
2025-01-14 18:49:34 - ERROR - Erro ao obter precisão para XRP/USDT: binance markets not loaded
2025-01-14 18:49:35 - ERROR - Erro ao obter precisão para ADA/USDT: binance markets not loaded
2025-01-14 18:49:35 - ERROR - Erro ao obter precisão para BTC/USDT: binance markets not loaded
2025-01-14 18:49:35 - ERROR - Erro ao obter precisão para ETH/USDT: binance markets not loaded
2025-01-14 18:49:35 - ERROR - Erro ao obter precisão para SOL/USDT: binance markets not loaded
2025-01-14 18:49:35 - ERROR - Erro ao obter precisão para XRP/USDT: binance markets not loaded
2025-01-14 18:49:35 - ERROR - Erro ao obter precisão para ADA/USDT: binance markets not loaded
2025-01-14 18:49:35 - ERROR - Erro ao obter precisão para BTC/USDT: binance markets not loaded
2025-01-14 18:49:35 - ERROR - Erro ao obter precisão para ETH/USDT: binance markets not loaded
2025-01-14 18:49:35 - ERROR - Erro ao obter precisão para SOL/USDT: binance markets not loaded
2025-01-14 18:49:35 - ERROR - Erro ao obter precisão para XRP/USDT: binance markets not loaded
2025-01-14 18:49:35 - ERROR - Erro ao obter precisão para ADA/USDT: binance markets not loaded
2025-01-14 18:49:35 - ERROR - Erro ao obter precisão para BTC/USDT: binance markets not loaded
2025-01-14 18:49:35 - ERROR - Erro ao obter precisão para ETH/USDT: binance markets not loaded
2025-01-14 18:49:35 - ERROR - Erro ao obter precisão para SOL/USDT: binance markets not loaded
2025-01-14 18:49:35 - ERROR - Erro ao obter precisão para XRP/USDT: binance markets not loaded
2025-01-14 18:49:36 - ERROR - Erro ao obter precisão para ADA/USDT: binance markets not loaded
2025-01-14 18:49:36 - ERROR - Erro ao obter precisão para BTC/USDT: binance markets not loaded
2025-01-14 18:49:36 - ERROR - Erro ao obter precisão para ETH/USDT: binance markets not loaded
2025-01-14 18:49:36 - ERROR - Erro ao obter precisão para SOL/USDT: binance markets not loaded
2025-01-14 18:49:36 - ERROR - Erro ao obter precisão para XRP/USDT: binance markets not loaded
2025-01-14 18:49:36 - ERROR - Erro ao obter precisão para ADA/USDT: binance markets not loaded
2025-01-14 18:49:36 - ERROR - Erro ao obter precisão para BTC/USDT: binance markets not loaded
2025-01-14 18:49:36 - ERROR - Erro ao obter precisão para ETH/USDT: binance markets not loaded
2025-01-14 18:49:36 - ERROR - Erro ao obter precisão para SOL/USDT: binance markets not loaded
2025-01-14 18:49:36 - ERROR - Erro ao obter precisão para XRP/USDT: binance markets not loaded
2025-01-14 18:49:37 - ERROR - Erro ao obter precisão para ADA/USDT: binance markets not loaded
2025-01-14 18:49:37 - ERROR - Erro ao obter precisão para BTC/USDT: binance markets not loaded
2025-01-14 18:49:37 - ERROR - Erro ao obter precisão para ETH/USDT: binance markets not loaded
2025-01-14 18:49:37 - ERROR - Erro ao obter precisão para SOL/USDT: binance markets not loaded
2025-01-14 18:49:37 - ERROR - Erro ao obter precisão para XRP/USDT: binance markets not loaded
2025-01-14 18:49:37 - ERROR - Erro ao obter precisão para ADA/USDT: binance markets not loaded
2025-01-14 18:49:37 - ERROR - Erro ao obter precisão para BTC/USDT: binance markets not loaded
2025-01-14 18:49:37 - ERROR - Erro ao obter precisão para ETH/USDT: binance markets not loaded
2025-01-14 18:49:37 - ERROR - Erro ao obter precisão para SOL/USDT: binance markets not loaded
2025-01-14 18:49:37 - ERROR - Erro ao obter precisão para XRP/USDT: binance markets not loaded
2025-01-14 18:49:38 - ERROR - Erro ao obter precisão para ADA/USDT: binance markets not loaded
2025-01-14 18:49:38 - ERROR - Erro ao obter precisão para BTC/USDT: binance markets not loaded
2025-01-14 18:49:38 - ERROR - Erro ao obter precisão para ETH/USDT: binance markets not loaded
2025-01-14 18:49:38 - ERROR - Erro ao obter precisão para SOL/USDT: binance markets not loaded
2025-01-14 18:49:38 - ERROR - Erro ao obter precisão para XRP/USDT: binance markets not loaded
2025-01-14 18:49:38 - ERROR - Erro ao obter precisão para ADA/USDT: binance markets not loaded
2025-01-14 18:49:38 - ERROR - Erro ao obter precisão para BTC/USDT: binance markets not loaded
2025-01-14 18:49:38 - ERROR - Erro ao obter precisão para ETH/USDT: binance markets not loaded
2025-01-14 18:49:38 - ERROR - Erro ao obter precisão para SOL/USDT: binance markets not loaded
2025-01-14 18:49:38 - ERROR - Erro ao obter precisão para XRP/USDT: binance markets not loaded
2025-01-14 18:49:38 - ERROR - Erro ao obter precisão para ADA/USDT: binance markets not loaded
2025-01-14 18:49:38 - ERROR - Erro ao obter precisão para BTC/USDT: binance markets not loaded
2025-01-14 18:49:38 - ERROR - Erro ao obter precisão para ETH/USDT: binance markets not loaded
2025-01-14 18:49:38 - ERROR - Erro ao obter precisão para SOL/USDT: binance markets not loaded
2025-01-14 18:49:38 - ERROR - Erro ao obter precisão para XRP/USDT: binance markets not loaded
2025-01-14 18:49:39 - ERROR - Erro ao obter precisão para ADA/USDT: binance markets not loaded
2025-01-14 18:49:39 - ERROR - Erro ao obter precisão para BTC/USDT: binance markets not loaded
2025-01-14 18:49:39 - ERROR - Erro ao obter precisão para ETH/USDT: binance markets not loaded
2025-01-14 18:49:39 - ERROR - Erro ao obter precisão para SOL/USDT: binance markets not loaded
2025-01-14 18:49:39 - ERROR - Erro ao obter precisão para XRP/USDT: binance markets not loaded
2025-01-14 18:49:39 - ERROR - Erro ao obter precisão para ADA/USDT: binance markets not loaded
2025-01-14 18:49:39 - ERROR - Erro ao obter precisão para BTC/USDT: binance markets not loaded
2025-01-14 18:49:39 - ERROR - Erro ao obter precisão para ETH/USDT: binance markets not loaded
2025-01-14 18:49:39 - ERROR - Erro ao obter precisão para SOL/USDT: binance markets not loaded
2025-01-14 18:49:39 - ERROR - Erro ao obter precisão para XRP/USDT: binance markets not loaded
2025-01-14 18:49:40 - ERROR - Erro ao obter precisão para ADA/USDT: binance markets not loaded
2025-01-14 18:49:40 - ERROR - Erro ao obter precisão para BTC/USDT: binance markets not loaded
2025-01-14 18:49:40 - ERROR - Erro ao obter precisão para ETH/USDT: binance markets not loaded
2025-01-14 18:49:40 - ERROR - Erro ao obter precisão para SOL/USDT: binance markets not loaded
2025-01-14 18:49:40 - ERROR - Erro ao obter precisão para XRP/USDT: binance markets not loaded
2025-01-14 18:49:40 - ERROR - Erro ao obter precisão para ADA/USDT: binance markets not loaded
2025-01-14 18:49:40 - ERROR - Erro ao obter precisão para BTC/USDT: binance markets not loaded
2025-01-14 18:49:40 - ERROR - Erro ao obter precisão para ETH/USDT: binance markets not loaded
2025-01-14 18:49:40 - ERROR - Erro ao obter precisão para SOL/USDT: binance markets not loaded
2025-01-14 18:49:40 - ERROR - Erro ao obter precisão para XRP/USDT: binance markets not loaded
2025-01-14 18:49:41 - ERROR - Erro ao obter precisão para ADA/USDT: binance markets not loaded
2025-01-14 18:49:41 - ERROR - Erro ao obter precisão para BTC/USDT: binance markets not loaded
2025-01-14 18:49:41 - ERROR - Erro ao obter precisão para ETH/USDT: binance markets not loaded
2025-01-14 18:49:41 - ERROR - Erro ao obter precisão para SOL/USDT: binance markets not loaded
2025-01-14 18:49:41 - ERROR - Erro ao obter precisão para XRP/USDT: binance markets not loaded
2025-01-14 18:49:41 - ERROR - Erro ao obter precisão para ADA/USDT: binance markets not loaded
2025-01-14 18:49:41 - ERROR - Erro ao obter precisão para BTC/USDT: binance markets not loaded
2025-01-14 18:49:41 - ERROR - Erro ao obter precisão para ETH/USDT: binance markets not loaded
2025-01-14 18:49:41 - ERROR - Erro ao obter precisão para SOL/USDT: binance markets not loaded
2025-01-14 18:49:41 - ERROR - Erro ao obter precisão para XRP/USDT: binance markets not loaded
2025-01-14 18:49:41 - ERROR - Erro ao obter precisão para ADA/USDT: binance markets not loaded
2025-01-14 18:49:41 - ERROR - Erro ao obter precisão para BTC/USDT: binance markets not loaded
2025-01-14 18:49:41 - ERROR - Erro ao obter precisão para ETH/USDT: binance markets not loaded
2025-01-14 18:49:41 - ERROR - Erro ao obter precisão para SOL/USDT: binance markets not loaded
2025-01-14 18:49:41 - ERROR - Erro ao obter precisão para XRP/USDT: binance markets not loaded
2025-01-14 18:49:42 - ERROR - Erro ao obter precisão para ADA/USDT: binance markets not loaded
2025-01-14 18:49:42 - ERROR - Erro ao obter precisão para BTC/USDT: binance markets not loaded
2025-01-14 18:49:42 - ERROR - Erro ao obter precisão para ETH/USDT: binance markets not loaded
2025-01-14 18:49:42 - ERROR - Erro ao obter precisão para SOL/USDT: binance markets not loaded
2025-01-14 18:49:42 - ERROR - Erro ao obter precisão para XRP/USDT: binance markets not loaded
2025-01-14 18:49:42 - ERROR - Erro ao obter precisão para ADA/USDT: binance markets not loaded
2025-01-14 18:49:42 - ERROR - Erro ao obter precisão para BTC/USDT: binance markets not loaded
2025-01-14 18:49:42 - ERROR - Erro ao obter precisão para ETH/USDT: binance markets not loaded
2025-01-14 18:49:42 - ERROR - Erro ao obter precisão para SOL/USDT: binance markets not loaded
2025-01-14 18:49:42 - ERROR - Erro ao obter precisão para XRP/USDT: binance markets not loaded
2025-01-14 18:49:43 - ERROR - Erro ao obter precisão para ADA/USDT: binance markets not loaded
2025-01-14 18:49:43 - ERROR - Erro ao obter precisão para BTC/USDT: binance markets not loaded
2025-01-14 18:49:43 - ERROR - Erro ao obter precisão para ETH/USDT: binance markets not loaded
2025-01-14 18:49:43 - ERROR - Erro ao obter precisão para SOL/USDT: binance markets not loaded
2025-01-14 18:49:43 - ERROR - Erro ao obter precisão para XRP/USDT: binance markets not loaded
2025-01-14 18:49:43 - ERROR - Erro ao obter precisão para ADA/USDT: binance markets not loaded
2025-01-14 18:49:43 - ERROR - Erro ao obter precisão para BTC/USDT: binance markets not loaded
2025-01-14 18:49:43 - ERROR - Erro ao obter precisão para ETH/USDT: binance markets not loaded
2025-01-14 18:49:43 - ERROR - Erro ao obter precisão para SOL/USDT: binance markets not loaded
2025-01-14 18:49:43 - ERROR - Erro ao obter precisão para XRP/USDT: binance markets not loaded
2025-01-14 18:49:44 - ERROR - Erro ao obter precisão para ADA/USDT: binance markets not loaded
2025-01-14 18:49:44 - ERROR - Erro ao obter precisão para BTC/USDT: binance markets not loaded
2025-01-14 18:49:44 - ERROR - Erro ao obter precisão para ETH/USDT: binance markets not loaded
2025-01-14 18:49:44 - ERROR - Erro ao obter precisão para SOL/USDT: binance markets not loaded
2025-01-14 18:49:44 - ERROR - Erro ao obter precisão para XRP/USDT: binance markets not loaded
2025-01-14 18:49:44 - ERROR - Erro ao obter precisão para ADA/USDT: binance markets not loaded
2025-01-14 18:49:44 - ERROR - Erro ao obter precisão para BTC/USDT: binance markets not loaded
2025-01-14 18:49:44 - ERROR - Erro ao obter precisão para ETH/USDT: binance markets not loaded
2025-01-14 18:49:44 - ERROR - Erro ao obter precisão para SOL/USDT: binance markets not loaded
2025-01-14 18:49:44 - ERROR - Erro ao obter precisão para XRP/USDT: binance markets not loaded
2025-01-14 18:49:44 - ERROR - Erro ao obter precisão para ADA/USDT: binance markets not loaded
2025-01-14 18:49:44 - ERROR - Erro ao obter precisão para BTC/USDT: binance markets not loaded
2025-01-14 18:49:44 - ERROR - Erro ao obter precisão para ETH/USDT: binance markets not loaded
2025-01-14 18:49:44 - ERROR - Erro ao obter precisão para SOL/USDT: binance markets not loaded
2025-01-14 18:49:44 - ERROR - Erro ao obter precisão para XRP/USDT: binance markets not loaded
2025-01-14 18:49:45 - ERROR - Erro ao obter precisão para ADA/USDT: binance markets not loaded
2025-01-14 18:49:45 - ERROR - Erro ao obter precisão para BTC/USDT: binance markets not loaded
2025-01-14 18:49:45 - ERROR - Erro ao obter precisão para ETH/USDT: binance markets not loaded
2025-01-14 18:49:45 - ERROR - Erro ao obter precisão para SOL/USDT: binance markets not loaded
2025-01-14 18:49:45 - ERROR - Erro ao obter precisão para XRP/USDT: binance markets not loaded
2025-01-14 18:49:45 - ERROR - Erro ao obter precisão para ADA/USDT: binance markets not loaded
2025-01-14 18:49:45 - ERROR - Erro ao obter precisão para BTC/USDT: binance markets not loaded
2025-01-14 18:49:45 - ERROR - Erro ao obter precisão para ETH/USDT: binance markets not loaded
2025-01-14 18:49:45 - ERROR - Erro ao obter precisão para SOL/USDT: binance markets not loaded
2025-01-14 18:49:45 - ERROR - Erro ao obter precisão para XRP/USDT: binance markets not loaded
2025-01-14 18:49:46 - ERROR - Erro ao obter precisão para ADA/USDT: binance markets not loaded
2025-01-14 18:49:46 - ERROR - Erro ao obter precisão para BTC/USDT: binance markets not loaded
2025-01-14 18:49:46 - ERROR - Erro ao obter precisão para ETH/USDT: binance markets not loaded
2025-01-14 18:49:46 - ERROR - Erro ao obter precisão para SOL/USDT: binance markets not loaded
2025-01-14 18:49:46 - ERROR - Erro ao obter precisão para XRP/USDT: binance markets not loaded
2025-01-14 18:49:46 - ERROR - Erro ao obter precisão para ADA/USDT: binance markets not loaded
2025-01-14 18:49:46 - ERROR - Erro ao obter precisão para BTC/USDT: binance markets not loaded
2025-01-14 18:49:46 - ERROR - Erro ao obter precisão para ETH/USDT: binance markets not loaded
2025-01-14 18:49:46 - ERROR - Erro ao obter precisão para SOL/USDT: binance markets not loaded
2025-01-14 18:49:46 - ERROR - Erro ao obter precisão para XRP/USDT: binance markets not loaded
2025-01-14 18:49:47 - ERROR - Erro ao obter precisão para ADA/USDT: binance markets not loaded
2025-01-14 18:49:47 - ERROR - Erro ao obter precisão para BTC/USDT: binance markets not loaded
2025-01-14 18:49:47 - ERROR - Erro ao obter precisão para ETH/USDT: binance markets not loaded
2025-01-14 18:49:47 - ERROR - Erro ao obter precisão para SOL/USDT: binance markets not loaded
2025-01-14 18:49:47 - ERROR - Erro ao obter precisão para XRP/USDT: binance markets not loaded
2025-01-14 18:49:47 - ERROR - Erro ao obter precisão para ADA/USDT: binance markets not loaded
2025-01-14 18:49:47 - ERROR - Erro ao obter precisão para BTC/USDT: binance markets not loaded
2025-01-14 18:49:47 - ERROR - Erro ao obter precisão para ETH/USDT: binance markets not loaded
2025-01-14 18:49:47 - ERROR - Erro ao obter precisão para SOL/USDT: binance markets not loaded
2025-01-14 18:49:47 - ERROR - Erro ao obter precisão para XRP/USDT: binance markets not loaded
2025-01-14 18:49:47 - ERROR - Erro ao obter precisão para ADA/USDT: binance markets not loaded
2025-01-14 18:49:47 - ERROR - Erro ao obter precisão para BTC/USDT: binance markets not loaded
2025-01-14 18:49:47 - ERROR - Erro ao obter precisão para ETH/USDT: binance markets not loaded
2025-01-14 18:49:47 - ERROR - Erro ao obter precisão para SOL/USDT: binance markets not loaded
2025-01-14 18:49:47 - ERROR - Erro ao obter precisão para XRP/USDT: binance markets not loaded
2025-01-14 18:49:48 - ERROR - Erro ao obter precisão para ADA/USDT: binance markets not loaded
2025-01-14 18:49:48 - ERROR - Erro ao obter precisão para BTC/USDT: binance markets not loaded
2025-01-14 18:49:48 - ERROR - Erro ao obter precisão para ETH/USDT: binance markets not loaded
2025-01-14 18:49:48 - ERROR - Erro ao obter precisão para SOL/USDT: binance markets not loaded
2025-01-14 18:49:48 - ERROR - Erro ao obter precisão para XRP/USDT: binance markets not loaded
2025-01-14 18:49:48 - ERROR - Erro ao obter precisão para ADA/USDT: binance markets not loaded
2025-01-14 18:49:48 - ERROR - Erro ao obter precisão para BTC/USDT: binance markets not loaded
2025-01-14 18:49:48 - ERROR - Erro ao obter precisão para ETH/USDT: binance markets not loaded
2025-01-14 18:49:48 - ERROR - Erro ao obter precisão para SOL/USDT: binance markets not loaded
2025-01-14 18:49:48 - ERROR - Erro ao obter precisão para XRP/USDT: binance markets not loaded
2025-01-14 18:49:49 - ERROR - Erro ao obter precisão para ADA/USDT: binance markets not loaded
2025-01-14 18:49:49 - ERROR - Erro ao obter precisão para BTC/USDT: binance markets not loaded
2025-01-14 18:49:49 - ERROR - Erro ao obter precisão para ETH/USDT: binance markets not loaded
2025-01-14 18:49:49 - ERROR - Erro ao obter precisão para SOL/USDT: binance markets not loaded
2025-01-14 18:49:49 - ERROR - Erro ao obter precisão para XRP/USDT: binance markets not loaded
2025-01-14 18:49:49 - ERROR - Erro ao obter precisão para ADA/USDT: binance markets not loaded
2025-01-14 18:49:49 - ERROR - Erro ao obter precisão para BTC/USDT: binance markets not loaded
2025-01-14 18:49:49 - ERROR - Erro ao obter precisão para ETH/USDT: binance markets not loaded
2025-01-14 18:49:49 - ERROR - Erro ao obter precisão para SOL/USDT: binance markets not loaded
2025-01-14 18:49:49 - ERROR - Erro ao obter precisão para XRP/USDT: binance markets not loaded
2025-01-14 18:49:50 - ERROR - Erro ao obter precisão para ADA/USDT: binance markets not loaded
2025-01-14 18:49:50 - ERROR - Erro ao obter precisão para BTC/USDT: binance markets not loaded
2025-01-14 18:49:50 - ERROR - Erro ao obter precisão para ETH/USDT: binance markets not loaded
2025-01-14 18:49:50 - ERROR - Erro ao obter precisão para SOL/USDT: binance markets not loaded
2025-01-14 18:49:50 - ERROR - Erro ao obter precisão para XRP/USDT: binance markets not loaded
2025-01-14 18:49:50 - ERROR - Erro ao obter precisão para ADA/USDT: binance markets not loaded
2025-01-14 18:49:50 - ERROR - Erro ao obter precisão para BTC/USDT: binance markets not loaded
2025-01-14 18:49:50 - ERROR - Erro ao obter precisão para ETH/USDT: binance markets not loaded
2025-01-14 18:49:50 - ERROR - Erro ao obter precisão para SOL/USDT: binance markets not loaded
2025-01-14 18:49:50 - ERROR - Erro ao obter precisão para XRP/USDT: binance markets not loaded
2025-01-14 18:49:51 - ERROR - Erro ao obter precisão para ADA/USDT: binance markets not loaded
2025-01-14 18:49:51 - ERROR - Erro ao obter precisão para BTC/USDT: binance markets not loaded
2025-01-14 18:49:51 - ERROR - Erro ao obter precisão para ETH/USDT: binance markets not loaded
2025-01-14 18:49:51 - ERROR - Erro ao obter precisão para SOL/USDT: binance markets not loaded
2025-01-14 18:49:51 - ERROR - Erro ao obter precisão para XRP/USDT: binance markets not loaded
2025-01-14 18:49:51 - ERROR - Erro ao obter precisão para ADA/USDT: binance markets not loaded
2025-01-14 18:49:51 - ERROR - Erro ao obter precisão para BTC/USDT: binance markets not loaded
2025-01-14 18:49:51 - ERROR - Erro ao obter precisão para ETH/USDT: binance markets not loaded
2025-01-14 18:49:51 - ERROR - Erro ao obter precisão para SOL/USDT: binance markets not loaded
2025-01-14 18:49:51 - ERROR - Erro ao obter precisão para XRP/USDT: binance markets not loaded
2025-01-14 18:49:51 - ERROR - Erro ao obter precisão para ADA/USDT: binance markets not loaded
2025-01-14 18:49:51 - ERROR - Erro ao obter precisão para BTC/USDT: binance markets not loaded
2025-01-14 18:49:51 - ERROR - Erro ao obter precisão para ETH/USDT: binance markets not loaded
2025-01-14 18:49:51 - ERROR - Erro ao obter precisão para SOL/USDT: binance markets not loaded
2025-01-14 18:49:51 - ERROR - Erro ao obter precisão para XRP/USDT: binance markets not loaded
2025-01-14 18:49:52 - ERROR - Erro ao obter precisão para ADA/USDT: binance markets not loaded
2025-01-14 18:49:52 - ERROR - Erro ao obter precisão para BTC/USDT: binance markets not loaded
2025-01-14 18:49:52 - ERROR - Erro ao obter precisão para ETH/USDT: binance markets not loaded
2025-01-14 18:49:52 - ERROR - Erro ao obter precisão para SOL/USDT: binance markets not loaded
2025-01-14 18:49:52 - ERROR - Erro ao obter precisão para XRP/USDT: binance markets not loaded
2025-01-14 18:49:52 - ERROR - Erro ao obter precisão para ADA/USDT: binance markets not loaded
2025-01-14 18:49:52 - ERROR - Erro ao obter precisão para BTC/USDT: binance markets not loaded
2025-01-14 18:49:52 - ERROR - Erro ao obter precisão para ETH/USDT: binance markets not loaded
2025-01-14 18:49:52 - ERROR - Erro ao obter precisão para SOL/USDT: binance markets not loaded
2025-01-14 18:49:52 - ERROR - Erro ao obter precisão para XRP/USDT: binance markets not loaded
2025-01-14 18:49:53 - ERROR - Erro ao obter precisão para ADA/USDT: binance markets not loaded
2025-01-14 18:49:53 - ERROR - Erro ao obter precisão para BTC/USDT: binance markets not loaded
2025-01-14 18:49:53 - ERROR - Erro ao obter precisão para ETH/USDT: binance markets not loaded
2025-01-14 18:49:53 - ERROR - Erro ao obter precisão para SOL/USDT: binance markets not loaded
2025-01-14 18:49:53 - ERROR - Erro ao obter precisão para XRP/USDT: binance markets not loaded
2025-01-14 18:49:53 - ERROR - Erro ao obter precisão para ADA/USDT: binance markets not loaded
2025-01-14 18:49:53 - ERROR - Erro ao obter precisão para BTC/USDT: binance markets not loaded
2025-01-14 18:49:53 - ERROR - Erro ao obter precisão para ETH/USDT: binance markets not loaded
2025-01-14 18:49:53 - ERROR - Erro ao obter precisão para SOL/USDT: binance markets not loaded
2025-01-14 18:49:53 - ERROR - Erro ao obter precisão para XRP/USDT: binance markets not loaded
2025-01-14 18:49:54 - ERROR - Erro ao obter precisão para ADA/USDT: binance markets not loaded
2025-01-14 18:49:54 - ERROR - Erro ao obter precisão para BTC/USDT: binance markets not loaded
2025-01-14 18:49:54 - ERROR - Erro ao obter precisão para ETH/USDT: binance markets not loaded
2025-01-14 18:49:54 - ERROR - Erro ao obter precisão para SOL/USDT: binance markets not loaded
2025-01-14 18:49:54 - ERROR - Erro ao obter precisão para XRP/USDT: binance markets not loaded
2025-01-14 18:49:54 - ERROR - Erro ao obter precisão para ADA/USDT: binance markets not loaded
2025-01-14 18:49:54 - ERROR - Erro ao obter precisão para BTC/USDT: binance markets not loaded
2025-01-14 18:49:54 - ERROR - Erro ao obter precisão para ETH/USDT: binance markets not loaded
2025-01-14 18:49:54 - ERROR - Erro ao obter precisão para SOL/USDT: binance markets not loaded
2025-01-14 18:49:54 - ERROR - Erro ao obter precisão para XRP/USDT: binance markets not loaded
2025-01-14 18:49:54 - ERROR - Erro ao obter precisão para ADA/USDT: binance markets not loaded
2025-01-14 18:49:54 - ERROR - Erro ao obter precisão para BTC/USDT: binance markets not loaded
2025-01-14 18:49:54 - ERROR - Erro ao obter precisão para ETH/USDT: binance markets not loaded
2025-01-14 18:49:54 - ERROR - Erro ao obter precisão para SOL/USDT: binance markets not loaded
2025-01-14 18:49:54 - ERROR - Erro ao obter precisão para XRP/USDT: binance markets not loaded
2025-01-14 18:49:55 - ERROR - Erro ao obter precisão para ADA/USDT: binance markets not loaded
2025-01-14 18:49:55 - ERROR - Erro ao obter precisão para BTC/USDT: binance markets not loaded
2025-01-14 18:49:55 - ERROR - Erro ao obter precisão para ETH/USDT: binance markets not loaded
2025-01-14 18:49:55 - ERROR - Erro ao obter precisão para SOL/USDT: binance markets not loaded
2025-01-14 18:49:55 - ERROR - Erro ao obter precisão para XRP/USDT: binance markets not loaded
2025-01-14 18:49:55 - ERROR - Erro ao obter precisão para ADA/USDT: binance markets not loaded
2025-01-14 18:49:55 - ERROR - Erro ao obter precisão para BTC/USDT: binance markets not loaded
2025-01-14 18:49:55 - ERROR - Erro ao obter precisão para ETH/USDT: binance markets not loaded
2025-01-14 18:49:55 - ERROR - Erro ao obter precisão para SOL/USDT: binance markets not loaded
2025-01-14 18:49:55 - ERROR - Erro ao obter precisão para XRP/USDT: binance markets not loaded
2025-01-14 18:49:56 - ERROR - Erro ao obter precisão para ADA/USDT: binance markets not loaded
2025-01-14 18:49:56 - ERROR - Erro ao obter precisão para BTC/USDT: binance markets not loaded
2025-01-14 18:49:56 - ERROR - Erro ao obter precisão para ETH/USDT: binance markets not loaded
2025-01-14 18:49:56 - ERROR - Erro ao obter precisão para SOL/USDT: binance markets not loaded
2025-01-14 18:49:56 - ERROR - Erro ao obter precisão para XRP/USDT: binance markets not loaded
2025-01-14 18:49:56 - ERROR - Erro ao obter precisão para ADA/USDT: binance markets not loaded
2025-01-14 18:49:56 - ERROR - Erro ao obter precisão para BTC/USDT: binance markets not loaded
2025-01-14 18:49:56 - ERROR - Erro ao obter precisão para ETH/USDT: binance markets not loaded
2025-01-14 18:49:56 - ERROR - Erro ao obter precisão para SOL/USDT: binance markets not loaded
2025-01-14 18:49:56 - ERROR - Erro ao obter precisão para XRP/USDT: binance markets not loaded
2025-01-14 18:49:57 - ERROR - Erro ao obter precisão para ADA/USDT: binance markets not loaded
2025-01-14 18:49:57 - ERROR - Erro ao obter precisão para BTC/USDT: binance markets not loaded
2025-01-14 18:49:57 - ERROR - Erro ao obter precisão para ETH/USDT: binance markets not loaded
2025-01-14 18:49:57 - ERROR - Erro ao obter precisão para SOL/USDT: binance markets not loaded
2025-01-14 18:49:57 - ERROR - Erro ao obter precisão para XRP/USDT: binance markets not loaded
2025-01-14 18:49:57 - ERROR - Erro ao obter precisão para ADA/USDT: binance markets not loaded
2025-01-14 18:49:57 - ERROR - Erro ao obter precisão para BTC/USDT: binance markets not loaded
2025-01-14 18:49:57 - ERROR - Erro ao obter precisão para ETH/USDT: binance markets not loaded
2025-01-14 18:49:57 - ERROR - Erro ao obter precisão para SOL/USDT: binance markets not loaded
2025-01-14 18:49:57 - ERROR - Erro ao obter precisão para XRP/USDT: binance markets not loaded
2025-01-14 18:49:57 - ERROR - Erro ao obter precisão para ADA/USDT: binance markets not loaded
2025-01-14 18:49:57 - ERROR - Erro ao obter precisão para BTC/USDT: binance markets not loaded
2025-01-14 18:49:57 - ERROR - Erro ao obter precisão para ETH/USDT: binance markets not loaded
2025-01-14 18:49:57 - ERROR - Erro ao obter precisão para SOL/USDT: binance markets not loaded
2025-01-14 18:49:57 - ERROR - Erro ao obter precisão para XRP/USDT: binance markets not loaded
2025-01-14 18:49:58 - ERROR - Erro ao obter precisão para ADA/USDT: binance markets not loaded
2025-01-14 18:49:58 - ERROR - Erro ao obter precisão para BTC/USDT: binance markets not loaded
2025-01-14 18:49:58 - ERROR - Erro ao obter precisão para ETH/USDT: binance markets not loaded
2025-01-14 18:49:58 - ERROR - Erro ao obter precisão para SOL/USDT: binance markets not loaded
2025-01-14 18:49:58 - ERROR - Erro ao obter precisão para XRP/USDT: binance markets not loaded
2025-01-14 18:49:58 - ERROR - Erro ao obter precisão para ADA/USDT: binance markets not loaded
2025-01-14 18:49:58 - ERROR - Erro ao obter precisão para BTC/USDT: binance markets not loaded
2025-01-14 18:49:58 - ERROR - Erro ao obter precisão para ETH/USDT: binance markets not loaded
2025-01-14 18:49:58 - ERROR - Erro ao obter precisão para SOL/USDT: binance markets not loaded
2025-01-14 18:49:58 - ERROR - Erro ao obter precisão para XRP/USDT: binance markets not loaded
2025-01-14 18:49:59 - ERROR - Erro ao obter precisão para ADA/USDT: binance markets not loaded
2025-01-14 18:49:59 - ERROR - Erro ao obter precisão para BTC/USDT: binance markets not loaded
2025-01-14 18:49:59 - ERROR - Erro ao obter precisão para ETH/USDT: binance markets not loaded
2025-01-14 18:49:59 - ERROR - Erro ao obter precisão para SOL/USDT: binance markets not loaded
2025-01-14 18:49:59 - ERROR - Erro ao obter precisão para XRP/USDT: binance markets not loaded
2025-01-14 18:49:59 - ERROR - Erro ao obter precisão para ADA/USDT: binance markets not loaded
2025-01-14 18:49:59 - ERROR - Erro ao obter precisão para BTC/USDT: binance markets not loaded
2025-01-14 18:49:59 - ERROR - Erro ao obter precisão para ETH/USDT: binance markets not loaded
2025-01-14 18:49:59 - ERROR - Erro ao obter precisão para SOL/USDT: binance markets not loaded
2025-01-14 18:49:59 - ERROR - Erro ao obter precisão para XRP/USDT: binance markets not loaded
2025-01-14 18:50:00 - ERROR - Erro ao obter precisão para ADA/USDT: binance markets not loaded
2025-01-14 18:50:00 - ERROR - Erro ao obter precisão para BTC/USDT: binance markets not loaded
2025-01-14 18:50:00 - ERROR - Erro ao obter precisão para ETH/USDT: binance markets not loaded
2025-01-14 18:50:00 - ERROR - Erro ao obter precisão para SOL/USDT: binance markets not loaded
2025-01-14 18:50:00 - ERROR - Erro ao obter precisão para XRP/USDT: binance markets not loaded
2025-01-14 18:50:00 - ERROR - Erro ao obter precisão para ADA/USDT: binance markets not loaded
2025-01-14 18:50:00 - ERROR - Erro ao obter precisão para BTC/USDT: binance markets not loaded
2025-01-14 18:50:00 - ERROR - Erro ao obter precisão para ETH/USDT: binance markets not loaded
2025-01-14 18:50:00 - ERROR - Erro ao obter precisão para SOL/USDT: binance markets not loaded
2025-01-14 18:50:00 - ERROR - Erro ao obter precisão para XRP/USDT: binance markets not loaded
2025-01-14 18:50:00 - ERROR - Erro ao obter precisão para ADA/USDT: binance markets not loaded
2025-01-14 18:50:00 - ERROR - Erro ao obter precisão para BTC/USDT: binance markets not loaded
2025-01-14 18:50:00 - ERROR - Erro ao obter precisão para ETH/USDT: binance markets not loaded
2025-01-14 18:50:00 - ERROR - Erro ao obter precisão para SOL/USDT: binance markets not loaded
2025-01-14 18:50:00 - ERROR - Erro ao obter precisão para XRP/USDT: binance markets not loaded
2025-01-14 18:50:01 - ERROR - Erro ao obter precisão para ADA/USDT: binance markets not loaded
2025-01-14 18:50:01 - ERROR - Erro ao obter precisão para BTC/USDT: binance markets not loaded
2025-01-14 18:50:01 - ERROR - Erro ao obter precisão para ETH/USDT: binance markets not loaded
2025-01-14 18:50:01 - ERROR - Erro ao obter precisão para SOL/USDT: binance markets not loaded
2025-01-14 18:50:01 - ERROR - Erro ao obter precisão para XRP/USDT: binance markets not loaded
2025-01-14 18:50:01 - ERROR - Erro ao obter precisão para ADA/USDT: binance markets not loaded
2025-01-14 18:50:01 - ERROR - Erro ao obter precisão para BTC/USDT: binance markets not loaded
2025-01-14 18:50:01 - ERROR - Erro ao obter precisão para ETH/USDT: binance markets not loaded
2025-01-14 18:50:01 - ERROR - Erro ao obter precisão para SOL/USDT: binance markets not loaded
2025-01-14 18:50:01 - ERROR - Erro ao obter precisão para XRP/USDT: binance markets not loaded
2025-01-14 18:50:02 - ERROR - Erro ao obter precisão para ADA/USDT: binance markets not loaded
2025-01-14 18:50:02 - ERROR - Erro ao obter precisão para BTC/USDT: binance markets not loaded
2025-01-14 18:50:02 - ERROR - Erro ao obter precisão para ETH/USDT: binance markets not loaded
2025-01-14 18:50:02 - ERROR - Erro ao obter precisão para SOL/USDT: binance markets not loaded
2025-01-14 18:50:02 - ERROR - Erro ao obter precisão para XRP/USDT: binance markets not loaded
2025-01-14 18:50:02 - ERROR - Erro ao obter precisão para ADA/USDT: binance markets not loaded
2025-01-14 18:50:02 - ERROR - Erro ao obter precisão para BTC/USDT: binance markets not loaded
2025-01-14 18:50:02 - ERROR - Erro ao obter precisão para ETH/USDT: binance markets not loaded
2025-01-14 18:50:02 - ERROR - Erro ao obter precisão para SOL/USDT: binance markets not loaded
2025-01-14 18:50:02 - ERROR - Erro ao obter precisão para XRP/USDT: binance markets not loaded
2025-01-14 18:50:03 - ERROR - Erro ao obter precisão para ADA/USDT: binance markets not loaded
2025-01-14 18:50:03 - ERROR - Erro ao obter precisão para BTC/USDT: binance markets not loaded
2025-01-14 18:50:03 - ERROR - Erro ao obter precisão para ETH/USDT: binance markets not loaded
2025-01-14 18:50:03 - ERROR - Erro ao obter precisão para SOL/USDT: binance markets not loaded
2025-01-14 18:50:03 - ERROR - Erro ao obter precisão para XRP/USDT: binance markets not loaded
2025-01-14 18:50:03 - ERROR - Erro ao obter precisão para ADA/USDT: binance markets not loaded
2025-01-14 18:50:03 - ERROR - Erro ao obter precisão para BTC/USDT: binance markets not loaded
2025-01-14 18:50:03 - ERROR - Erro ao obter precisão para ETH/USDT: binance markets not loaded
2025-01-14 18:50:03 - ERROR - Erro ao obter precisão para SOL/USDT: binance markets not loaded
2025-01-14 18:50:03 - ERROR - Erro ao obter precisão para XRP/USDT: binance markets not loaded
2025-01-14 18:50:03 - ERROR - Erro ao obter precisão para ADA/USDT: binance markets not loaded
2025-01-14 18:50:03 - ERROR - Erro ao obter precisão para BTC/USDT: binance markets not loaded
2025-01-14 18:50:03 - ERROR - Erro ao obter precisão para ETH/USDT: binance markets not loaded
2025-01-14 18:50:03 - ERROR - Erro ao obter precisão para SOL/USDT: binance markets not loaded
2025-01-14 18:50:03 - ERROR - Erro ao obter precisão para XRP/USDT: binance markets not loaded
2025-01-14 18:50:04 - ERROR - Erro ao obter precisão para ADA/USDT: binance markets not loaded
2025-01-14 18:50:04 - ERROR - Erro ao obter precisão para BTC/USDT: binance markets not loaded
2025-01-14 18:50:04 - ERROR - Erro ao obter precisão para ETH/USDT: binance markets not loaded
2025-01-14 18:50:04 - ERROR - Erro ao obter precisão para SOL/USDT: binance markets not loaded
2025-01-14 18:50:04 - ERROR - Erro ao obter precisão para XRP/USDT: binance markets not loaded
2025-01-14 18:50:04 - ERROR - Erro ao obter precisão para ADA/USDT: binance markets not loaded
2025-01-14 18:50:04 - ERROR - Erro ao obter precisão para BTC/USDT: binance markets not loaded
2025-01-14 18:50:04 - ERROR - Erro ao obter precisão para ETH/USDT: binance markets not loaded
2025-01-14 18:50:04 - ERROR - Erro ao obter precisão para SOL/USDT: binance markets not loaded
2025-01-14 18:50:04 - ERROR - Erro ao obter precisão para XRP/USDT: binance markets not loaded
2025-01-14 18:50:05 - ERROR - Erro ao obter precisão para ADA/USDT: binance markets not loaded
2025-01-14 18:50:05 - ERROR - Erro ao obter precisão para BTC/USDT: binance markets not loaded
2025-01-14 18:50:05 - ERROR - Erro ao obter precisão para ETH/USDT: binance markets not loaded
2025-01-14 18:50:05 - ERROR - Erro ao obter precisão para SOL/USDT: binance markets not loaded
2025-01-14 18:50:05 - ERROR - Erro ao obter precisão para XRP/USDT: binance markets not loaded
2025-01-14 18:50:05 - ERROR - Erro ao obter precisão para ADA/USDT: binance markets not loaded
2025-01-14 18:50:05 - ERROR - Erro ao obter precisão para BTC/USDT: binance markets not loaded
2025-01-14 18:50:05 - ERROR - Erro ao obter precisão para ETH/USDT: binance markets not loaded
2025-01-14 18:50:05 - ERROR - Erro ao obter precisão para SOL/USDT: binance markets not loaded
2025-01-14 18:50:05 - ERROR - Erro ao obter precisão para XRP/USDT: binance markets not loaded
2025-01-14 18:50:06 - ERROR - Erro ao obter precisão para ADA/USDT: binance markets not loaded
2025-01-14 18:50:06 - ERROR - Erro ao obter precisão para BTC/USDT: binance markets not loaded
2025-01-14 18:50:06 - ERROR - Erro ao obter precisão para ETH/USDT: binance markets not loaded
2025-01-14 18:50:06 - ERROR - Erro ao obter precisão para SOL/USDT: binance markets not loaded
2025-01-14 18:50:06 - ERROR - Erro ao obter precisão para XRP/USDT: binance markets not loaded
2025-01-14 18:50:06 - ERROR - Erro ao obter precisão para ADA/USDT: binance markets not loaded
2025-01-14 18:50:06 - ERROR - Erro ao obter precisão para BTC/USDT: binance markets not loaded
2025-01-14 18:50:06 - ERROR - Erro ao obter precisão para ETH/USDT: binance markets not loaded
2025-01-14 18:50:06 - ERROR - Erro ao obter precisão para SOL/USDT: binance markets not loaded
2025-01-14 18:50:06 - ERROR - Erro ao obter precisão para XRP/USDT: binance markets not loaded
2025-01-14 18:50:06 - ERROR - Erro ao obter precisão para ADA/USDT: binance markets not loaded
2025-01-14 18:50:06 - ERROR - Erro ao obter precisão para BTC/USDT: binance markets not loaded
2025-01-14 18:50:06 - ERROR - Erro ao obter precisão para ETH/USDT: binance markets not loaded
2025-01-14 18:50:06 - ERROR - Erro ao obter precisão para SOL/USDT: binance markets not loaded
2025-01-14 18:50:06 - ERROR - Erro ao obter precisão para XRP/USDT: binance markets not loaded
2025-01-14 18:50:07 - ERROR - Erro ao obter precisão para ADA/USDT: binance markets not loaded
2025-01-14 18:50:07 - ERROR - Erro ao obter precisão para BTC/USDT: binance markets not loaded
2025-01-14 18:50:07 - ERROR - Erro ao obter precisão para ETH/USDT: binance markets not loaded
2025-01-14 18:50:07 - ERROR - Erro ao obter precisão para SOL/USDT: binance markets not loaded
2025-01-14 18:50:07 - ERROR - Erro ao obter precisão para XRP/USDT: binance markets not loaded
2025-01-14 18:50:07 - ERROR - Erro ao obter precisão para ADA/USDT: binance markets not loaded
2025-01-14 18:50:07 - ERROR - Erro ao obter precisão para BTC/USDT: binance markets not loaded
2025-01-14 18:50:07 - ERROR - Erro ao obter precisão para ETH/USDT: binance markets not loaded
2025-01-14 18:50:07 - ERROR - Erro ao obter precisão para SOL/USDT: binance markets not loaded
2025-01-14 18:50:07 - ERROR - Erro ao obter precisão para XRP/USDT: binance markets not loaded
2025-01-14 18:50:08 - ERROR - Erro ao obter precisão para ADA/USDT: binance markets not loaded
2025-01-14 18:50:08 - ERROR - Erro ao obter precisão para BTC/USDT: binance markets not loaded
2025-01-14 18:50:08 - ERROR - Erro ao obter precisão para ETH/USDT: binance markets not loaded
2025-01-14 18:50:08 - ERROR - Erro ao obter precisão para SOL/USDT: binance markets not loaded
2025-01-14 18:50:08 - ERROR - Erro ao obter precisão para XRP/USDT: binance markets not loaded
2025-01-14 18:50:08 - ERROR - Erro ao obter precisão para ADA/USDT: binance markets not loaded
2025-01-14 18:50:08 - ERROR - Erro ao obter precisão para BTC/USDT: binance markets not loaded
2025-01-14 18:50:08 - ERROR - Erro ao obter precisão para ETH/USDT: binance markets not loaded
2025-01-14 18:50:08 - ERROR - Erro ao obter precisão para SOL/USDT: binance markets not loaded
2025-01-14 18:50:08 - ERROR - Erro ao obter precisão para XRP/USDT: binance markets not loaded
2025-01-14 18:50:09 - ERROR - Erro ao obter precisão para ADA/USDT: binance markets not loaded
2025-01-14 18:50:09 - ERROR - Erro ao obter precisão para BTC/USDT: binance markets not loaded
2025-01-14 18:50:09 - ERROR - Erro ao obter precisão para ETH/USDT: binance markets not loaded
2025-01-14 18:50:09 - ERROR - Erro ao obter precisão para SOL/USDT: binance markets not loaded
2025-01-14 18:50:09 - ERROR - Erro ao obter precisão para XRP/USDT: binance markets not loaded
2025-01-14 18:50:09 - ERROR - Erro ao obter precisão para ADA/USDT: binance markets not loaded
2025-01-14 18:50:09 - ERROR - Erro ao obter precisão para BTC/USDT: binance markets not loaded
2025-01-14 18:50:09 - ERROR - Erro ao obter precisão para ETH/USDT: binance markets not loaded
2025-01-14 18:50:09 - ERROR - Erro ao obter precisão para SOL/USDT: binance markets not loaded
2025-01-14 18:50:09 - ERROR - Erro ao obter precisão para XRP/USDT: binance markets not loaded
2025-01-14 18:50:09 - ERROR - Erro ao obter precisão para ADA/USDT: binance markets not loaded
2025-01-14 18:50:09 - ERROR - Erro ao obter precisão para BTC/USDT: binance markets not loaded
2025-01-14 18:50:09 - ERROR - Erro ao obter precisão para ETH/USDT: binance markets not loaded
2025-01-14 18:50:09 - ERROR - Erro ao obter precisão para SOL/USDT: binance markets not loaded
2025-01-14 18:50:09 - ERROR - Erro ao obter precisão para XRP/USDT: binance markets not loaded
2025-01-14 18:50:10 - ERROR - Erro ao obter precisão para ADA/USDT: binance markets not loaded
2025-01-14 18:50:10 - ERROR - Erro ao obter precisão para BTC/USDT: binance markets not loaded
2025-01-14 18:50:10 - ERROR - Erro ao obter precisão para ETH/USDT: binance markets not loaded
2025-01-14 18:50:10 - ERROR - Erro ao obter precisão para SOL/USDT: binance markets not loaded
2025-01-14 18:50:10 - ERROR - Erro ao obter precisão para XRP/USDT: binance markets not loaded
2025-01-14 18:50:10 - ERROR - Erro ao obter precisão para ADA/USDT: binance markets not loaded
2025-01-14 18:50:10 - ERROR - Erro ao obter precisão para BTC/USDT: binance markets not loaded
2025-01-14 18:50:10 - ERROR - Erro ao obter precisão para ETH/USDT: binance markets not loaded
2025-01-14 18:50:10 - ERROR - Erro ao obter precisão para SOL/USDT: binance markets not loaded
2025-01-14 18:50:10 - ERROR - Erro ao obter precisão para XRP/USDT: binance markets not loaded
2025-01-14 18:50:11 - ERROR - Erro ao obter precisão para ADA/USDT: binance markets not loaded
2025-01-14 18:50:11 - ERROR - Erro ao obter precisão para BTC/USDT: binance markets not loaded
2025-01-14 18:50:11 - ERROR - Erro ao obter precisão para ETH/USDT: binance markets not loaded
2025-01-14 18:50:11 - ERROR - Erro ao obter precisão para SOL/USDT: binance markets not loaded
2025-01-14 18:50:11 - ERROR - Erro ao obter precisão para XRP/USDT: binance markets not loaded
2025-01-14 18:50:11 - ERROR - Erro ao obter precisão para ADA/USDT: binance markets not loaded
2025-01-14 18:50:11 - ERROR - Erro ao obter precisão para BTC/USDT: binance markets not loaded
2025-01-14 18:50:11 - ERROR - Erro ao obter precisão para ETH/USDT: binance markets not loaded
2025-01-14 18:50:11 - ERROR - Erro ao obter precisão para SOL/USDT: binance markets not loaded
2025-01-14 18:50:11 - ERROR - Erro ao obter precisão para XRP/USDT: binance markets not loaded
2025-01-14 18:50:12 - ERROR - Erro ao obter precisão para ADA/USDT: binance markets not loaded
2025-01-14 18:50:12 - ERROR - Erro ao obter precisão para BTC/USDT: binance markets not loaded
2025-01-14 18:50:12 - ERROR - Erro ao obter precisão para ETH/USDT: binance markets not loaded
2025-01-14 18:50:12 - ERROR - Erro ao obter precisão para SOL/USDT: binance markets not loaded
2025-01-14 18:50:12 - ERROR - Erro ao obter precisão para XRP/USDT: binance markets not loaded
2025-01-14 18:50:12 - ERROR - Erro ao obter precisão para ADA/USDT: binance markets not loaded
2025-01-14 18:50:12 - ERROR - Erro ao obter precisão para BTC/USDT: binance markets not loaded
2025-01-14 18:50:12 - ERROR - Erro ao obter precisão para ETH/USDT: binance markets not loaded
2025-01-14 18:50:12 - ERROR - Erro ao obter precisão para SOL/USDT: binance markets not loaded
2025-01-14 18:50:12 - ERROR - Erro ao obter precisão para XRP/USDT: binance markets not loaded
2025-01-14 18:50:12 - ERROR - Erro ao obter precisão para ADA/USDT: binance markets not loaded
2025-01-14 18:50:12 - ERROR - Erro ao obter precisão para BTC/USDT: binance markets not loaded
2025-01-14 18:50:12 - ERROR - Erro ao obter precisão para ETH/USDT: binance markets not loaded
2025-01-14 18:50:12 - ERROR - Erro ao obter precisão para SOL/USDT: binance markets not loaded
2025-01-14 18:50:12 - ERROR - Erro ao obter precisão para XRP/USDT: binance markets not loaded
2025-01-14 18:50:13 - ERROR - Erro ao obter precisão para ADA/USDT: binance markets not loaded
2025-01-14 18:50:13 - ERROR - Erro ao obter precisão para BTC/USDT: binance markets not loaded
2025-01-14 18:50:13 - ERROR - Erro ao obter precisão para ETH/USDT: binance markets not loaded
2025-01-14 18:50:13 - ERROR - Erro ao obter precisão para SOL/USDT: binance markets not loaded
2025-01-14 18:50:13 - ERROR - Erro ao obter precisão para XRP/USDT: binance markets not loaded
2025-01-14 18:50:13 - ERROR - Erro ao obter precisão para ADA/USDT: binance markets not loaded
2025-01-14 18:50:13 - ERROR - Erro ao obter precisão para BTC/USDT: binance markets not loaded
2025-01-14 18:50:13 - ERROR - Erro ao obter precisão para ETH/USDT: binance markets not loaded
2025-01-14 18:50:13 - ERROR - Erro ao obter precisão para SOL/USDT: binance markets not loaded
2025-01-14 18:50:13 - ERROR - Erro ao obter precisão para XRP/USDT: binance markets not loaded
2025-01-14 18:50:14 - ERROR - Erro ao obter precisão para ADA/USDT: binance markets not loaded
2025-01-14 18:50:14 - ERROR - Erro ao obter precisão para BTC/USDT: binance markets not loaded
2025-01-14 18:50:14 - ERROR - Erro ao obter precisão para ETH/USDT: binance markets not loaded
2025-01-14 18:50:14 - ERROR - Erro ao obter precisão para SOL/USDT: binance markets not loaded
2025-01-14 18:50:14 - ERROR - Erro ao obter precisão para XRP/USDT: binance markets not loaded
2025-01-14 18:50:14 - ERROR - Erro ao obter precisão para ADA/USDT: binance markets not loaded
2025-01-14 18:50:14 - ERROR - Erro ao obter precisão para BTC/USDT: binance markets not loaded
2025-01-14 18:50:14 - ERROR - Erro ao obter precisão para ETH/USDT: binance markets not loaded
2025-01-14 18:50:14 - ERROR - Erro ao obter precisão para SOL/USDT: binance markets not loaded
2025-01-14 18:50:14 - ERROR - Erro ao obter precisão para XRP/USDT: binance markets not loaded
2025-01-14 18:50:15 - ERROR - Erro ao obter precisão para ADA/USDT: binance markets not loaded
2025-01-14 18:50:15 - ERROR - Erro ao obter precisão para BTC/USDT: binance markets not loaded
2025-01-14 18:50:15 - ERROR - Erro ao obter precisão para ETH/USDT: binance markets not loaded
2025-01-14 18:50:15 - ERROR - Erro ao obter precisão para SOL/USDT: binance markets not loaded
2025-01-14 18:50:15 - ERROR - Erro ao obter precisão para XRP/USDT: binance markets not loaded
2025-01-14 18:50:15 - ERROR - Erro ao obter precisão para ADA/USDT: binance markets not loaded
2025-01-14 18:50:15 - ERROR - Erro ao obter precisão para BTC/USDT: binance markets not loaded
2025-01-14 18:50:15 - ERROR - Erro ao obter precisão para ETH/USDT: binance markets not loaded
2025-01-14 18:50:15 - ERROR - Erro ao obter precisão para SOL/USDT: binance markets not loaded
2025-01-14 18:50:15 - ERROR - Erro ao obter precisão para XRP/USDT: binance markets not loaded
2025-01-14 18:50:15 - ERROR - Erro ao obter precisão para ADA/USDT: binance markets not loaded
2025-01-14 18:50:15 - ERROR - Erro ao obter precisão para BTC/USDT: binance markets not loaded
2025-01-14 18:50:15 - ERROR - Erro ao obter precisão para ETH/USDT: binance markets not loaded
2025-01-14 18:50:15 - ERROR - Erro ao obter precisão para SOL/USDT: binance markets not loaded
2025-01-14 18:50:15 - ERROR - Erro ao obter precisão para XRP/USDT: binance markets not loaded
2025-01-14 18:50:16 - ERROR - Erro ao obter precisão para ADA/USDT: binance markets not loaded
2025-01-14 18:50:16 - ERROR - Erro ao obter precisão para BTC/USDT: binance markets not loaded
2025-01-14 18:50:16 - ERROR - Erro ao obter precisão para ETH/USDT: binance markets not loaded
2025-01-14 18:50:16 - ERROR - Erro ao obter precisão para SOL/USDT: binance markets not loaded
2025-01-14 18:50:16 - ERROR - Erro ao obter precisão para XRP/USDT: binance markets not loaded
2025-01-14 18:50:16 - ERROR - Erro ao obter precisão para ADA/USDT: binance markets not loaded
2025-01-14 18:50:16 - ERROR - Erro ao obter precisão para BTC/USDT: binance markets not loaded
2025-01-14 18:50:16 - ERROR - Erro ao obter precisão para ETH/USDT: binance markets not loaded
2025-01-14 18:50:16 - ERROR - Erro ao obter precisão para SOL/USDT: binance markets not loaded
2025-01-14 18:50:16 - ERROR - Erro ao obter precisão para XRP/USDT: binance markets not loaded
2025-01-14 18:50:17 - ERROR - Erro ao obter precisão para ADA/USDT: binance markets not loaded
2025-01-14 18:50:17 - ERROR - Erro ao obter precisão para BTC/USDT: binance markets not loaded
2025-01-14 18:50:17 - ERROR - Erro ao obter precisão para ETH/USDT: binance markets not loaded
2025-01-14 18:50:17 - ERROR - Erro ao obter precisão para SOL/USDT: binance markets not loaded
2025-01-14 18:50:17 - ERROR - Erro ao obter precisão para XRP/USDT: binance markets not loaded
2025-01-14 18:50:17 - ERROR - Erro ao obter precisão para ADA/USDT: binance markets not loaded
2025-01-14 18:50:17 - ERROR - Erro ao obter precisão para BTC/USDT: binance markets not loaded
2025-01-14 18:50:17 - ERROR - Erro ao obter precisão para ETH/USDT: binance markets not loaded
2025-01-14 18:50:17 - ERROR - Erro ao obter precisão para SOL/USDT: binance markets not loaded
2025-01-14 18:50:17 - ERROR - Erro ao obter precisão para XRP/USDT: binance markets not loaded
2025-01-14 18:50:18 - ERROR - Erro ao obter precisão para ADA/USDT: binance markets not loaded
2025-01-14 18:50:18 - ERROR - Erro ao obter precisão para BTC/USDT: binance markets not loaded
2025-01-14 18:50:18 - ERROR - Erro ao obter precisão para ETH/USDT: binance markets not loaded
2025-01-14 18:50:18 - ERROR - Erro ao obter precisão para SOL/USDT: binance markets not loaded
2025-01-14 18:50:18 - ERROR - Erro ao obter precisão para XRP/USDT: binance markets not loaded
2025-01-14 18:50:18 - ERROR - Erro ao obter precisão para ADA/USDT: binance markets not loaded
2025-01-14 18:50:18 - ERROR - Erro ao obter precisão para BTC/USDT: binance markets not loaded
2025-01-14 18:50:18 - ERROR - Erro ao obter precisão para ETH/USDT: binance markets not loaded
2025-01-14 18:50:18 - ERROR - Erro ao obter precisão para SOL/USDT: binance markets not loaded
2025-01-14 18:50:18 - ERROR - Erro ao obter precisão para XRP/USDT: binance markets not loaded
2025-01-14 18:50:18 - ERROR - Erro ao obter precisão para ADA/USDT: binance markets not loaded
2025-01-14 18:50:18 - ERROR - Erro ao obter precisão para BTC/USDT: binance markets not loaded
2025-01-14 18:50:18 - ERROR - Erro ao obter precisão para ETH/USDT: binance markets not loaded
2025-01-14 18:50:18 - ERROR - Erro ao obter precisão para SOL/USDT: binance markets not loaded
2025-01-14 18:50:18 - ERROR - Erro ao obter precisão para XRP/USDT: binance markets not loaded
2025-01-14 18:50:19 - ERROR - Erro ao obter precisão para ADA/USDT: binance markets not loaded
2025-01-14 18:50:19 - ERROR - Erro ao obter precisão para BTC/USDT: binance markets not loaded
2025-01-14 18:50:19 - ERROR - Erro ao obter precisão para ETH/USDT: binance markets not loaded
2025-01-14 18:50:19 - ERROR - Erro ao obter precisão para SOL/USDT: binance markets not loaded
2025-01-14 18:50:19 - ERROR - Erro ao obter precisão para XRP/USDT: binance markets not loaded
2025-01-14 18:50:19 - ERROR - Erro ao obter precisão para ADA/USDT: binance markets not loaded
2025-01-14 18:50:19 - ERROR - Erro ao obter precisão para BTC/USDT: binance markets not loaded
2025-01-14 18:50:19 - ERROR - Erro ao obter precisão para ETH/USDT: binance markets not loaded
2025-01-14 18:50:19 - ERROR - Erro ao obter precisão para SOL/USDT: binance markets not loaded
2025-01-14 18:50:19 - ERROR - Erro ao obter precisão para XRP/USDT: binance markets not loaded
2025-01-14 18:50:20 - ERROR - Erro ao obter precisão para ADA/USDT: binance markets not loaded
2025-01-14 18:50:20 - ERROR - Erro ao obter precisão para BTC/USDT: binance markets not loaded
2025-01-14 18:50:20 - ERROR - Erro ao obter precisão para ETH/USDT: binance markets not loaded
2025-01-14 18:50:20 - ERROR - Erro ao obter precisão para SOL/USDT: binance markets not loaded
2025-01-14 18:50:20 - ERROR - Erro ao obter precisão para XRP/USDT: binance markets not loaded
2025-01-14 18:50:20 - ERROR - Erro ao obter precisão para ADA/USDT: binance markets not loaded
2025-01-14 18:50:20 - ERROR - Erro ao obter precisão para BTC/USDT: binance markets not loaded
2025-01-14 18:50:20 - ERROR - Erro ao obter precisão para ETH/USDT: binance markets not loaded
2025-01-14 18:50:20 - ERROR - Erro ao obter precisão para SOL/USDT: binance markets not loaded
2025-01-14 18:50:20 - ERROR - Erro ao obter precisão para XRP/USDT: binance markets not loaded
2025-01-14 18:50:21 - ERROR - Erro ao obter precisão para ADA/USDT: binance markets not loaded
2025-01-14 18:50:21 - ERROR - Erro ao obter precisão para BTC/USDT: binance markets not loaded
2025-01-14 18:50:21 - ERROR - Erro ao obter precisão para ETH/USDT: binance markets not loaded
2025-01-14 18:50:21 - ERROR - Erro ao obter precisão para SOL/USDT: binance markets not loaded
2025-01-14 18:50:21 - ERROR - Erro ao obter precisão para XRP/USDT: binance markets not loaded
2025-01-14 18:50:21 - ERROR - Erro ao obter precisão para ADA/USDT: binance markets not loaded
2025-01-14 18:50:21 - ERROR - Erro ao obter precisão para BTC/USDT: binance markets not loaded
2025-01-14 18:50:21 - ERROR - Erro ao obter precisão para ETH/USDT: binance markets not loaded
2025-01-14 18:50:21 - ERROR - Erro ao obter precisão para SOL/USDT: binance markets not loaded
2025-01-14 18:50:21 - ERROR - Erro ao obter precisão para XRP/USDT: binance markets not loaded
2025-01-14 18:50:22 - ERROR - Erro ao obter precisão para ADA/USDT: binance markets not loaded
2025-01-14 18:50:22 - ERROR - Erro ao obter precisão para BTC/USDT: binance markets not loaded
2025-01-14 18:50:22 - ERROR - Erro ao obter precisão para ETH/USDT: binance markets not loaded
2025-01-14 18:50:22 - ERROR - Erro ao obter precisão para SOL/USDT: binance markets not loaded
2025-01-14 18:50:22 - ERROR - Erro ao obter precisão para XRP/USDT: binance markets not loaded
2025-01-14 18:50:22 - ERROR - Erro ao obter precisão para ADA/USDT: binance markets not loaded
2025-01-14 18:50:22 - ERROR - Erro ao obter precisão para BTC/USDT: binance markets not loaded
2025-01-14 18:50:22 - ERROR - Erro ao obter precisão para ETH/USDT: binance markets not loaded
2025-01-14 18:50:22 - ERROR - Erro ao obter precisão para SOL/USDT: binance markets not loaded
2025-01-14 18:50:22 - ERROR - Erro ao obter precisão para XRP/USDT: binance markets not loaded
2025-01-14 18:50:22 - ERROR - Erro ao obter precisão para ADA/USDT: binance markets not loaded
2025-01-14 18:50:22 - ERROR - Erro ao obter precisão para BTC/USDT: binance markets not loaded
2025-01-14 18:50:22 - ERROR - Erro ao obter precisão para ETH/USDT: binance markets not loaded
2025-01-14 18:50:22 - ERROR - Erro ao obter precisão para SOL/USDT: binance markets not loaded
2025-01-14 18:50:22 - ERROR - Erro ao obter precisão para XRP/USDT: binance markets not loaded
2025-01-14 18:50:23 - ERROR - Erro ao obter precisão para ADA/USDT: binance markets not loaded
2025-01-14 18:50:23 - ERROR - Erro ao obter precisão para BTC/USDT: binance markets not loaded
2025-01-14 18:50:23 - ERROR - Erro ao obter precisão para ETH/USDT: binance markets not loaded
2025-01-14 18:50:23 - ERROR - Erro ao obter precisão para SOL/USDT: binance markets not loaded
2025-01-14 18:50:23 - ERROR - Erro ao obter precisão para XRP/USDT: binance markets not loaded
2025-01-14 18:50:23 - ERROR - Erro ao obter precisão para ADA/USDT: binance markets not loaded
2025-01-14 18:50:23 - ERROR - Erro ao obter precisão para BTC/USDT: binance markets not loaded
2025-01-14 18:50:23 - ERROR - Erro ao obter precisão para ETH/USDT: binance markets not loaded
2025-01-14 18:50:23 - ERROR - Erro ao obter precisão para SOL/USDT: binance markets not loaded
2025-01-14 18:50:23 - ERROR - Erro ao obter precisão para XRP/USDT: binance markets not loaded
2025-01-14 18:50:24 - ERROR - Erro ao obter precisão para ADA/USDT: binance markets not loaded
2025-01-14 18:50:24 - ERROR - Erro ao obter precisão para BTC/USDT: binance markets not loaded
2025-01-14 18:50:24 - ERROR - Erro ao obter precisão para ETH/USDT: binance markets not loaded
2025-01-14 18:50:24 - ERROR - Erro ao obter precisão para SOL/USDT: binance markets not loaded
2025-01-14 18:50:24 - ERROR - Erro ao obter precisão para XRP/USDT: binance markets not loaded
2025-01-14 18:50:24 - ERROR - Erro ao obter precisão para ADA/USDT: binance markets not loaded
2025-01-14 18:50:24 - ERROR - Erro ao obter precisão para BTC/USDT: binance markets not loaded
2025-01-14 18:50:24 - ERROR - Erro ao obter precisão para ETH/USDT: binance markets not loaded
2025-01-14 18:50:24 - ERROR - Erro ao obter precisão para SOL/USDT: binance markets not loaded
2025-01-14 18:50:24 - ERROR - Erro ao obter precisão para XRP/USDT: binance markets not loaded
2025-01-14 18:50:25 - ERROR - Erro ao obter precisão para ADA/USDT: binance markets not loaded
2025-01-14 18:50:25 - ERROR - Erro ao obter precisão para BTC/USDT: binance markets not loaded
2025-01-14 18:50:25 - ERROR - Erro ao obter precisão para ETH/USDT: binance markets not loaded
2025-01-14 18:50:25 - ERROR - Erro ao obter precisão para SOL/USDT: binance markets not loaded
2025-01-14 18:50:25 - ERROR - Erro ao obter precisão para XRP/USDT: binance markets not loaded
2025-01-14 18:50:25 - ERROR - Erro ao obter precisão para ADA/USDT: binance markets not loaded
2025-01-14 18:50:25 - ERROR - Erro ao obter precisão para BTC/USDT: binance markets not loaded
2025-01-14 18:50:25 - ERROR - Erro ao obter precisão para ETH/USDT: binance markets not loaded
2025-01-14 18:50:25 - ERROR - Erro ao obter precisão para SOL/USDT: binance markets not loaded
2025-01-14 18:50:25 - ERROR - Erro ao obter precisão para XRP/USDT: binance markets not loaded
2025-01-14 18:50:25 - ERROR - Erro ao obter precisão para ADA/USDT: binance markets not loaded
2025-01-14 18:50:25 - ERROR - Erro ao obter precisão para BTC/USDT: binance markets not loaded
2025-01-14 18:50:25 - ERROR - Erro ao obter precisão para ETH/USDT: binance markets not loaded
2025-01-14 18:50:25 - ERROR - Erro ao obter precisão para SOL/USDT: binance markets not loaded
2025-01-14 18:50:25 - ERROR - Erro ao obter precisão para XRP/USDT: binance markets not loaded
2025-01-14 18:50:26 - ERROR - Erro ao obter precisão para ADA/USDT: binance markets not loaded
2025-01-14 18:50:26 - ERROR - Erro ao obter precisão para BTC/USDT: binance markets not loaded
2025-01-14 18:50:26 - ERROR - Erro ao obter precisão para ETH/USDT: binance markets not loaded
2025-01-14 18:50:26 - ERROR - Erro ao obter precisão para SOL/USDT: binance markets not loaded
2025-01-14 18:50:26 - ERROR - Erro ao obter precisão para XRP/USDT: binance markets not loaded
2025-01-14 18:50:26 - ERROR - Erro ao obter precisão para ADA/USDT: binance markets not loaded
2025-01-14 18:50:26 - ERROR - Erro ao obter precisão para BTC/USDT: binance markets not loaded
2025-01-14 18:50:26 - ERROR - Erro ao obter precisão para ETH/USDT: binance markets not loaded
2025-01-14 18:50:26 - ERROR - Erro ao obter precisão para SOL/USDT: binance markets not loaded
2025-01-14 18:50:26 - ERROR - Erro ao obter precisão para XRP/USDT: binance markets not loaded
2025-01-14 18:50:27 - ERROR - Erro ao obter precisão para ADA/USDT: binance markets not loaded
2025-01-14 18:50:27 - ERROR - Erro ao obter precisão para BTC/USDT: binance markets not loaded
2025-01-14 18:50:27 - ERROR - Erro ao obter precisão para ETH/USDT: binance markets not loaded
2025-01-14 18:50:27 - ERROR - Erro ao obter precisão para SOL/USDT: binance markets not loaded
2025-01-14 18:50:27 - ERROR - Erro ao obter precisão para XRP/USDT: binance markets not loaded
2025-01-14 18:50:27 - ERROR - Erro ao obter precisão para ADA/USDT: binance markets not loaded
2025-01-14 18:50:27 - ERROR - Erro ao obter precisão para BTC/USDT: binance markets not loaded
2025-01-14 18:50:27 - ERROR - Erro ao obter precisão para ETH/USDT: binance markets not loaded
2025-01-14 18:50:27 - ERROR - Erro ao obter precisão para SOL/USDT: binance markets not loaded
2025-01-14 18:50:27 - ERROR - Erro ao obter precisão para XRP/USDT: binance markets not loaded
2025-01-14 18:50:28 - ERROR - Erro ao obter precisão para ADA/USDT: binance markets not loaded
2025-01-14 18:50:28 - ERROR - Erro ao obter precisão para BTC/USDT: binance markets not loaded
2025-01-14 18:50:28 - ERROR - Erro ao obter precisão para ETH/USDT: binance markets not loaded
2025-01-14 18:50:28 - ERROR - Erro ao obter precisão para SOL/USDT: binance markets not loaded
2025-01-14 18:50:28 - ERROR - Erro ao obter precisão para XRP/USDT: binance markets not loaded
2025-01-14 18:50:28 - ERROR - Erro ao obter precisão para ADA/USDT: binance markets not loaded
2025-01-14 18:50:28 - ERROR - Erro ao obter precisão para BTC/USDT: binance markets not loaded
2025-01-14 18:50:28 - ERROR - Erro ao obter precisão para ETH/USDT: binance markets not loaded
2025-01-14 18:50:28 - ERROR - Erro ao obter precisão para SOL/USDT: binance markets not loaded
2025-01-14 18:50:28 - ERROR - Erro ao obter precisão para XRP/USDT: binance markets not loaded
2025-01-14 18:50:28 - ERROR - Erro ao obter precisão para ADA/USDT: binance markets not loaded
2025-01-14 18:50:28 - ERROR - Erro ao obter precisão para BTC/USDT: binance markets not loaded
2025-01-14 18:50:28 - ERROR - Erro ao obter precisão para ETH/USDT: binance markets not loaded
2025-01-14 18:50:28 - ERROR - Erro ao obter precisão para SOL/USDT: binance markets not loaded
2025-01-14 18:50:28 - ERROR - Erro ao obter precisão para XRP/USDT: binance markets not loaded
2025-01-14 18:50:29 - ERROR - Erro ao obter precisão para ADA/USDT: binance markets not loaded
2025-01-14 18:50:29 - ERROR - Erro ao obter precisão para BTC/USDT: binance markets not loaded
2025-01-14 18:50:29 - ERROR - Erro ao obter precisão para ETH/USDT: binance markets not loaded
2025-01-14 18:50:29 - ERROR - Erro ao obter precisão para SOL/USDT: binance markets not loaded
2025-01-14 18:50:29 - ERROR - Erro ao obter precisão para XRP/USDT: binance markets not loaded
2025-01-14 18:50:29 - ERROR - Erro ao obter precisão para ADA/USDT: binance markets not loaded
2025-01-14 18:50:29 - ERROR - Erro ao obter precisão para BTC/USDT: binance markets not loaded
2025-01-14 18:50:29 - ERROR - Erro ao obter precisão para ETH/USDT: binance markets not loaded
2025-01-14 18:50:29 - ERROR - Erro ao obter precisão para SOL/USDT: binance markets not loaded
2025-01-14 18:50:29 - ERROR - Erro ao obter precisão para XRP/USDT: binance markets not loaded
2025-01-14 18:50:30 - ERROR - Erro ao obter precisão para ADA/USDT: binance markets not loaded
2025-01-14 18:50:30 - ERROR - Erro ao obter precisão para BTC/USDT: binance markets not loaded
2025-01-14 18:50:30 - ERROR - Erro ao obter precisão para ETH/USDT: binance markets not loaded
2025-01-14 18:50:30 - ERROR - Erro ao obter precisão para SOL/USDT: binance markets not loaded
2025-01-14 18:50:30 - ERROR - Erro ao obter precisão para XRP/USDT: binance markets not loaded
2025-01-14 18:50:30 - ERROR - Erro ao obter precisão para ADA/USDT: binance markets not loaded
2025-01-14 18:50:30 - ERROR - Erro ao obter precisão para BTC/USDT: binance markets not loaded
2025-01-14 18:50:30 - ERROR - Erro ao obter precisão para ETH/USDT: binance markets not loaded
2025-01-14 18:50:30 - ERROR - Erro ao obter precisão para SOL/USDT: binance markets not loaded
2025-01-14 18:50:30 - ERROR - Erro ao obter precisão para XRP/USDT: binance markets not loaded
2025-01-14 18:50:31 - ERROR - Erro ao obter precisão para ADA/USDT: binance markets not loaded
2025-01-14 18:50:31 - ERROR - Erro ao obter precisão para BTC/USDT: binance markets not loaded
2025-01-14 18:50:31 - ERROR - Erro ao obter precisão para ETH/USDT: binance markets not loaded
2025-01-14 18:50:31 - ERROR - Erro ao obter precisão para SOL/USDT: binance markets not loaded
2025-01-14 18:50:31 - ERROR - Erro ao obter precisão para XRP/USDT: binance markets not loaded
2025-01-14 18:50:31 - ERROR - Erro ao obter precisão para ADA/USDT: binance markets not loaded
2025-01-14 18:50:31 - ERROR - Erro ao obter precisão para BTC/USDT: binance markets not loaded
2025-01-14 18:50:31 - ERROR - Erro ao obter precisão para ETH/USDT: binance markets not loaded
2025-01-14 18:50:31 - ERROR - Erro ao obter precisão para SOL/USDT: binance markets not loaded
2025-01-14 18:50:31 - ERROR - Erro ao obter precisão para XRP/USDT: binance markets not loaded
2025-01-14 18:50:31 - ERROR - Erro ao obter precisão para ADA/USDT: binance markets not loaded
2025-01-14 18:50:31 - ERROR - Erro ao obter precisão para BTC/USDT: binance markets not loaded
2025-01-14 18:50:31 - ERROR - Erro ao obter precisão para ETH/USDT: binance markets not loaded
2025-01-14 18:50:31 - ERROR - Erro ao obter precisão para SOL/USDT: binance markets not loaded
2025-01-14 18:50:31 - ERROR - Erro ao obter precisão para XRP/USDT: binance markets not loaded
2025-01-14 18:50:32 - ERROR - Erro ao obter precisão para ADA/USDT: binance markets not loaded
2025-01-14 18:50:32 - ERROR - Erro ao obter precisão para BTC/USDT: binance markets not loaded
2025-01-14 18:50:32 - ERROR - Erro ao obter precisão para ETH/USDT: binance markets not loaded
2025-01-14 18:50:32 - ERROR - Erro ao obter precisão para SOL/USDT: binance markets not loaded
2025-01-14 18:50:32 - ERROR - Erro ao obter precisão para XRP/USDT: binance markets not loaded
2025-01-14 18:50:32 - ERROR - Erro ao obter precisão para ADA/USDT: binance markets not loaded
2025-01-14 18:50:32 - ERROR - Erro ao obter precisão para BTC/USDT: binance markets not loaded
2025-01-14 18:50:32 - ERROR - Erro ao obter precisão para ETH/USDT: binance markets not loaded
2025-01-14 18:50:32 - ERROR - Erro ao obter precisão para SOL/USDT: binance markets not loaded
2025-01-14 18:50:32 - ERROR - Erro ao obter precisão para XRP/USDT: binance markets not loaded
2025-01-14 18:50:33 - ERROR - Erro ao obter precisão para ADA/USDT: binance markets not loaded
2025-01-14 18:50:33 - ERROR - Erro ao obter precisão para BTC/USDT: binance markets not loaded
2025-01-14 18:50:33 - ERROR - Erro ao obter precisão para ETH/USDT: binance markets not loaded
2025-01-14 18:50:33 - ERROR - Erro ao obter precisão para SOL/USDT: binance markets not loaded
2025-01-14 18:50:33 - ERROR - Erro ao obter precisão para XRP/USDT: binance markets not loaded
2025-01-14 18:50:33 - ERROR - Erro ao obter precisão para ADA/USDT: binance markets not loaded
2025-01-14 18:50:33 - ERROR - Erro ao obter precisão para BTC/USDT: binance markets not loaded
2025-01-14 18:50:33 - ERROR - Erro ao obter precisão para ETH/USDT: binance markets not loaded
2025-01-14 18:50:33 - ERROR - Erro ao obter precisão para SOL/USDT: binance markets not loaded
2025-01-14 18:50:33 - ERROR - Erro ao obter precisão para XRP/USDT: binance markets not loaded
2025-01-14 18:50:34 - ERROR - Erro ao obter precisão para ADA/USDT: binance markets not loaded
2025-01-14 18:50:34 - ERROR - Erro ao obter precisão para BTC/USDT: binance markets not loaded
2025-01-14 18:50:34 - ERROR - Erro ao obter precisão para ETH/USDT: binance markets not loaded
2025-01-14 18:50:34 - ERROR - Erro ao obter precisão para SOL/USDT: binance markets not loaded
2025-01-14 18:50:34 - ERROR - Erro ao obter precisão para XRP/USDT: binance markets not loaded
2025-01-14 18:50:34 - ERROR - Erro ao obter precisão para ADA/USDT: binance markets not loaded
2025-01-14 18:50:34 - ERROR - Erro ao obter precisão para BTC/USDT: binance markets not loaded
2025-01-14 18:50:34 - ERROR - Erro ao obter precisão para ETH/USDT: binance markets not loaded
2025-01-14 18:50:34 - ERROR - Erro ao obter precisão para SOL/USDT: binance markets not loaded
2025-01-14 18:50:34 - ERROR - Erro ao obter precisão para XRP/USDT: binance markets not loaded
2025-01-14 18:50:34 - ERROR - Erro ao obter precisão para ADA/USDT: binance markets not loaded
2025-01-14 18:50:34 - ERROR - Erro ao obter precisão para BTC/USDT: binance markets not loaded
2025-01-14 18:50:34 - ERROR - Erro ao obter precisão para ETH/USDT: binance markets not loaded
2025-01-14 18:50:34 - ERROR - Erro ao obter precisão para SOL/USDT: binance markets not loaded
2025-01-14 18:50:34 - ERROR - Erro ao obter precisão para XRP/USDT: binance markets not loaded
2025-01-14 18:50:35 - ERROR - Erro ao obter precisão para ADA/USDT: binance markets not loaded
2025-01-14 18:50:35 - ERROR - Erro ao obter precisão para BTC/USDT: binance markets not loaded
2025-01-14 18:50:35 - ERROR - Erro ao obter precisão para ETH/USDT: binance markets not loaded
2025-01-14 18:50:35 - ERROR - Erro ao obter precisão para SOL/USDT: binance markets not loaded
2025-01-14 18:50:35 - ERROR - Erro ao obter precisão para XRP/USDT: binance markets not loaded
2025-01-14 18:50:35 - ERROR - Erro ao obter precisão para ADA/USDT: binance markets not loaded
2025-01-14 18:50:35 - ERROR - Erro ao obter precisão para BTC/USDT: binance markets not loaded
2025-01-14 18:50:35 - ERROR - Erro ao obter precisão para ETH/USDT: binance markets not loaded
2025-01-14 18:50:35 - ERROR - Erro ao obter precisão para SOL/USDT: binance markets not loaded
2025-01-14 18:50:35 - ERROR - Erro ao obter precisão para XRP/USDT: binance markets not loaded
2025-01-14 18:50:36 - ERROR - Erro ao obter precisão para ADA/USDT: binance markets not loaded
2025-01-14 18:50:36 - ERROR - Erro ao obter precisão para BTC/USDT: binance markets not loaded
2025-01-14 18:50:36 - ERROR - Erro ao obter precisão para ETH/USDT: binance markets not loaded
2025-01-14 18:50:36 - ERROR - Erro ao obter precisão para SOL/USDT: binance markets not loaded
2025-01-14 18:50:36 - ERROR - Erro ao obter precisão para XRP/USDT: binance markets not loaded
2025-01-14 18:50:36 - ERROR - Erro ao obter precisão para ADA/USDT: binance markets not loaded
2025-01-14 18:50:36 - ERROR - Erro ao obter precisão para BTC/USDT: binance markets not loaded
2025-01-14 18:50:36 - ERROR - Erro ao obter precisão para ETH/USDT: binance markets not loaded
2025-01-14 18:50:36 - ERROR - Erro ao obter precisão para SOL/USDT: binance markets not loaded
2025-01-14 18:50:36 - ERROR - Erro ao obter precisão para XRP/USDT: binance markets not loaded
2025-01-14 18:50:37 - ERROR - Erro ao obter precisão para ADA/USDT: binance markets not loaded
2025-01-14 18:50:37 - ERROR - Erro ao obter precisão para BTC/USDT: binance markets not loaded
2025-01-14 18:50:37 - ERROR - Erro ao obter precisão para ETH/USDT: binance markets not loaded
2025-01-14 18:50:37 - ERROR - Erro ao obter precisão para SOL/USDT: binance markets not loaded
2025-01-14 18:50:37 - ERROR - Erro ao obter precisão para XRP/USDT: binance markets not loaded
2025-01-14 18:50:37 - ERROR - Erro ao obter precisão para ADA/USDT: binance markets not loaded
2025-01-14 18:50:37 - ERROR - Erro ao obter precisão para BTC/USDT: binance markets not loaded
2025-01-14 18:50:37 - ERROR - Erro ao obter precisão para ETH/USDT: binance markets not loaded
2025-01-14 18:50:37 - ERROR - Erro ao obter precisão para SOL/USDT: binance markets not loaded
2025-01-14 18:50:37 - ERROR - Erro ao obter precisão para XRP/USDT: binance markets not loaded
2025-01-14 18:50:37 - ERROR - Erro ao obter precisão para ADA/USDT: binance markets not loaded
2025-01-14 18:50:37 - ERROR - Erro ao obter precisão para BTC/USDT: binance markets not loaded
2025-01-14 18:50:37 - ERROR - Erro ao obter precisão para ETH/USDT: binance markets not loaded
2025-01-14 18:50:37 - ERROR - Erro ao obter precisão para SOL/USDT: binance markets not loaded
2025-01-14 18:50:37 - ERROR - Erro ao obter precisão para XRP/USDT: binance markets not loaded
2025-01-14 18:50:38 - ERROR - Erro ao obter precisão para ADA/USDT: binance markets not loaded
2025-01-14 18:50:38 - ERROR - Erro ao obter precisão para BTC/USDT: binance markets not loaded
2025-01-14 18:50:38 - ERROR - Erro ao obter precisão para ETH/USDT: binance markets not loaded
2025-01-14 18:50:38 - ERROR - Erro ao obter precisão para SOL/USDT: binance markets not loaded
2025-01-14 18:50:38 - ERROR - Erro ao obter precisão para XRP/USDT: binance markets not loaded
2025-01-14 18:50:38 - ERROR - Erro ao obter precisão para ADA/USDT: binance markets not loaded
2025-01-14 18:50:38 - ERROR - Erro ao obter precisão para BTC/USDT: binance markets not loaded
2025-01-14 18:50:38 - ERROR - Erro ao obter precisão para ETH/USDT: binance markets not loaded
2025-01-14 18:50:38 - ERROR - Erro ao obter precisão para SOL/USDT: binance markets not loaded
2025-01-14 18:50:38 - ERROR - Erro ao obter precisão para XRP/USDT: binance markets not loaded
2025-01-14 18:50:39 - ERROR - Erro ao obter precisão para ADA/USDT: binance markets not loaded
2025-01-14 18:50:39 - ERROR - Erro ao obter precisão para BTC/USDT: binance markets not loaded
2025-01-14 18:50:39 - ERROR - Erro ao obter precisão para ETH/USDT: binance markets not loaded
2025-01-14 18:50:39 - ERROR - Erro ao obter precisão para SOL/USDT: binance markets not loaded
2025-01-14 18:50:39 - ERROR - Erro ao obter precisão para XRP/USDT: binance markets not loaded
2025-01-14 18:50:39 - ERROR - Erro ao obter precisão para ADA/USDT: binance markets not loaded
2025-01-14 18:50:39 - ERROR - Erro ao obter precisão para BTC/USDT: binance markets not loaded
2025-01-14 18:50:39 - ERROR - Erro ao obter precisão para ETH/USDT: binance markets not loaded
2025-01-14 18:50:39 - ERROR - Erro ao obter precisão para SOL/USDT: binance markets not loaded
2025-01-14 18:50:39 - ERROR - Erro ao obter precisão para XRP/USDT: binance markets not loaded
2025-01-14 18:50:40 - ERROR - Erro ao obter precisão para ADA/USDT: binance markets not loaded
2025-01-14 18:50:40 - ERROR - Erro ao obter precisão para BTC/USDT: binance markets not loaded
2025-01-14 18:50:40 - ERROR - Erro ao obter precisão para ETH/USDT: binance markets not loaded
2025-01-14 18:50:40 - ERROR - Erro ao obter precisão para SOL/USDT: binance markets not loaded
2025-01-14 18:50:40 - ERROR - Erro ao obter precisão para XRP/USDT: binance markets not loaded
2025-01-14 18:50:40 - ERROR - Erro ao obter precisão para ADA/USDT: binance markets not loaded
2025-01-14 18:50:40 - ERROR - Erro ao obter precisão para BTC/USDT: binance markets not loaded
2025-01-14 18:50:40 - ERROR - Erro ao obter precisão para ETH/USDT: binance markets not loaded
2025-01-14 18:50:40 - ERROR - Erro ao obter precisão para SOL/USDT: binance markets not loaded
2025-01-14 18:50:40 - ERROR - Erro ao obter precisão para XRP/USDT: binance markets not loaded
2025-01-14 18:50:40 - ERROR - Erro ao obter precisão para ADA/USDT: binance markets not loaded
2025-01-14 18:50:40 - ERROR - Erro ao obter precisão para BTC/USDT: binance markets not loaded
2025-01-14 18:50:40 - ERROR - Erro ao obter precisão para ETH/USDT: binance markets not loaded
2025-01-14 18:50:40 - ERROR - Erro ao obter precisão para SOL/USDT: binance markets not loaded
2025-01-14 18:50:40 - ERROR - Erro ao obter precisão para XRP/USDT: binance markets not loaded
2025-01-14 18:50:41 - ERROR - Erro ao obter precisão para ADA/USDT: binance markets not loaded
2025-01-14 18:50:41 - ERROR - Erro ao obter precisão para BTC/USDT: binance markets not loaded
2025-01-14 18:50:41 - ERROR - Erro ao obter precisão para ETH/USDT: binance markets not loaded
2025-01-14 18:50:41 - ERROR - Erro ao obter precisão para SOL/USDT: binance markets not loaded
2025-01-14 18:50:41 - ERROR - Erro ao obter precisão para XRP/USDT: binance markets not loaded
2025-01-14 18:50:41 - ERROR - Erro ao obter precisão para ADA/USDT: binance markets not loaded
2025-01-14 18:50:41 - ERROR - Erro ao obter precisão para BTC/USDT: binance markets not loaded
2025-01-14 18:50:41 - ERROR - Erro ao obter precisão para ETH/USDT: binance markets not loaded
2025-01-14 18:50:41 - ERROR - Erro ao obter precisão para SOL/USDT: binance markets not loaded
2025-01-14 18:50:41 - ERROR - Erro ao obter precisão para XRP/USDT: binance markets not loaded
2025-01-14 18:50:42 - ERROR - Erro ao obter precisão para ADA/USDT: binance markets not loaded
2025-01-14 18:50:42 - ERROR - Erro ao obter precisão para BTC/USDT: binance markets not loaded
2025-01-14 18:50:42 - ERROR - Erro ao obter precisão para ETH/USDT: binance markets not loaded
2025-01-14 18:50:42 - ERROR - Erro ao obter precisão para SOL/USDT: binance markets not loaded
2025-01-14 18:50:42 - ERROR - Erro ao obter precisão para XRP/USDT: binance markets not loaded
2025-01-14 18:50:42 - ERROR - Erro ao obter precisão para ADA/USDT: binance markets not loaded
2025-01-14 18:50:42 - ERROR - Erro ao obter precisão para BTC/USDT: binance markets not loaded
2025-01-14 18:50:42 - ERROR - Erro ao obter precisão para ETH/USDT: binance markets not loaded
2025-01-14 18:50:42 - ERROR - Erro ao obter precisão para SOL/USDT: binance markets not loaded
2025-01-14 18:50:42 - ERROR - Erro ao obter precisão para XRP/USDT: binance markets not loaded
2025-01-14 18:50:43 - ERROR - Erro ao obter precisão para ADA/USDT: binance markets not loaded
2025-01-14 18:50:43 - ERROR - Erro ao obter precisão para BTC/USDT: binance markets not loaded
2025-01-14 18:50:43 - ERROR - Erro ao obter precisão para ETH/USDT: binance markets not loaded
2025-01-14 18:50:43 - ERROR - Erro ao obter precisão para SOL/USDT: binance markets not loaded
2025-01-14 18:50:43 - ERROR - Erro ao obter precisão para XRP/USDT: binance markets not loaded
2025-01-14 18:50:43 - ERROR - Erro ao obter precisão para ADA/USDT: binance markets not loaded
2025-01-14 18:50:43 - ERROR - Erro ao obter precisão para BTC/USDT: binance markets not loaded
2025-01-14 18:50:43 - ERROR - Erro ao obter precisão para ETH/USDT: binance markets not loaded
2025-01-14 18:50:43 - ERROR - Erro ao obter precisão para SOL/USDT: binance markets not loaded
2025-01-14 18:50:43 - ERROR - Erro ao obter precisão para XRP/USDT: binance markets not loaded
2025-01-14 18:50:43 - ERROR - Erro ao obter precisão para ADA/USDT: binance markets not loaded
2025-01-14 18:50:43 - ERROR - Erro ao obter precisão para BTC/USDT: binance markets not loaded
2025-01-14 18:50:43 - ERROR - Erro ao obter precisão para ETH/USDT: binance markets not loaded
2025-01-14 18:50:43 - ERROR - Erro ao obter precisão para SOL/USDT: binance markets not loaded
2025-01-14 18:50:43 - ERROR - Erro ao obter precisão para XRP/USDT: binance markets not loaded
2025-01-14 18:50:44 - ERROR - Erro ao obter precisão para ADA/USDT: binance markets not loaded
2025-01-14 18:50:44 - ERROR - Erro ao obter precisão para BTC/USDT: binance markets not loaded
2025-01-14 18:50:44 - ERROR - Erro ao obter precisão para ETH/USDT: binance markets not loaded
2025-01-14 18:50:44 - ERROR - Erro ao obter precisão para SOL/USDT: binance markets not loaded
2025-01-14 18:50:44 - ERROR - Erro ao obter precisão para XRP/USDT: binance markets not loaded
2025-01-14 18:50:44 - ERROR - Erro ao obter precisão para ADA/USDT: binance markets not loaded
2025-01-14 18:50:44 - ERROR - Erro ao obter precisão para BTC/USDT: binance markets not loaded
2025-01-14 18:50:44 - ERROR - Erro ao obter precisão para ETH/USDT: binance markets not loaded
2025-01-14 18:50:44 - ERROR - Erro ao obter precisão para SOL/USDT: binance markets not loaded
2025-01-14 18:50:44 - ERROR - Erro ao obter precisão para XRP/USDT: binance markets not loaded
2025-01-14 18:50:45 - ERROR - Erro ao obter precisão para ADA/USDT: binance markets not loaded
2025-01-14 18:50:45 - ERROR - Erro ao obter precisão para BTC/USDT: binance markets not loaded
2025-01-14 18:50:45 - ERROR - Erro ao obter precisão para ETH/USDT: binance markets not loaded
2025-01-14 18:50:45 - ERROR - Erro ao obter precisão para SOL/USDT: binance markets not loaded
2025-01-14 18:50:45 - ERROR - Erro ao obter precisão para XRP/USDT: binance markets not loaded
2025-01-14 18:50:45 - ERROR - Erro ao obter precisão para ADA/USDT: binance markets not loaded
2025-01-14 18:50:45 - ERROR - Erro ao obter precisão para BTC/USDT: binance markets not loaded
2025-01-14 18:50:45 - ERROR - Erro ao obter precisão para ETH/USDT: binance markets not loaded
2025-01-14 18:50:45 - ERROR - Erro ao obter precisão para SOL/USDT: binance markets not loaded
2025-01-14 18:50:45 - ERROR - Erro ao obter precisão para XRP/USDT: binance markets not loaded
2025-01-14 18:50:46 - ERROR - Erro ao obter precisão para ADA/USDT: binance markets not loaded
2025-01-14 18:50:46 - ERROR - Erro ao obter precisão para BTC/USDT: binance markets not loaded
2025-01-14 18:50:46 - ERROR - Erro ao obter precisão para ETH/USDT: binance markets not loaded
2025-01-14 18:50:46 - ERROR - Erro ao obter precisão para SOL/USDT: binance markets not loaded
2025-01-14 18:50:46 - ERROR - Erro ao obter precisão para XRP/USDT: binance markets not loaded
2025-01-14 18:50:46 - ERROR - Erro ao obter precisão para ADA/USDT: binance markets not loaded
2025-01-14 18:50:46 - ERROR - Erro ao obter precisão para BTC/USDT: binance markets not loaded
2025-01-14 18:50:46 - ERROR - Erro ao obter precisão para ETH/USDT: binance markets not loaded
2025-01-14 18:50:46 - ERROR - Erro ao obter precisão para SOL/USDT: binance markets not loaded
2025-01-14 18:50:46 - ERROR - Erro ao obter precisão para XRP/USDT: binance markets not loaded
2025-01-14 18:50:46 - ERROR - Erro ao obter precisão para ADA/USDT: binance markets not loaded
2025-01-14 18:50:46 - ERROR - Erro ao obter precisão para BTC/USDT: binance markets not loaded
2025-01-14 18:50:46 - ERROR - Erro ao obter precisão para ETH/USDT: binance markets not loaded
2025-01-14 18:50:46 - ERROR - Erro ao obter precisão para SOL/USDT: binance markets not loaded
2025-01-14 18:50:46 - ERROR - Erro ao obter precisão para XRP/USDT: binance markets not loaded
2025-01-14 18:50:47 - ERROR - Erro ao obter precisão para ADA/USDT: binance markets not loaded
2025-01-14 18:50:47 - ERROR - Erro ao obter precisão para BTC/USDT: binance markets not loaded
2025-01-14 18:50:47 - ERROR - Erro ao obter precisão para ETH/USDT: binance markets not loaded
2025-01-14 18:50:47 - ERROR - Erro ao obter precisão para SOL/USDT: binance markets not loaded
2025-01-14 18:50:47 - ERROR - Erro ao obter precisão para XRP/USDT: binance markets not loaded
2025-01-14 18:50:47 - ERROR - Erro ao obter precisão para ADA/USDT: binance markets not loaded
2025-01-14 18:50:47 - ERROR - Erro ao obter precisão para BTC/USDT: binance markets not loaded
2025-01-14 18:50:47 - ERROR - Erro ao obter precisão para ETH/USDT: binance markets not loaded
2025-01-14 18:50:47 - ERROR - Erro ao obter precisão para SOL/USDT: binance markets not loaded
2025-01-14 18:50:47 - ERROR - Erro ao obter precisão para XRP/USDT: binance markets not loaded
2025-01-14 18:50:48 - ERROR - Erro ao obter precisão para ADA/USDT: binance markets not loaded
2025-01-14 18:50:48 - ERROR - Erro ao obter precisão para BTC/USDT: binance markets not loaded
2025-01-14 18:50:48 - ERROR - Erro ao obter precisão para ETH/USDT: binance markets not loaded
2025-01-14 18:50:48 - ERROR - Erro ao obter precisão para SOL/USDT: binance markets not loaded
2025-01-14 18:50:48 - ERROR - Erro ao obter precisão para XRP/USDT: binance markets not loaded
2025-01-14 18:50:48 - ERROR - Erro ao obter precisão para ADA/USDT: binance markets not loaded
2025-01-14 18:50:48 - ERROR - Erro ao obter precisão para BTC/USDT: binance markets not loaded
2025-01-14 18:50:48 - ERROR - Erro ao obter precisão para ETH/USDT: binance markets not loaded
2025-01-14 18:50:48 - ERROR - Erro ao obter precisão para SOL/USDT: binance markets not loaded
2025-01-14 18:50:48 - ERROR - Erro ao obter precisão para XRP/USDT: binance markets not loaded
2025-01-14 18:50:49 - ERROR - Erro ao obter precisão para ADA/USDT: binance markets not loaded
2025-01-14 18:50:49 - ERROR - Erro ao obter precisão para BTC/USDT: binance markets not loaded
2025-01-14 18:50:49 - ERROR - Erro ao obter precisão para ETH/USDT: binance markets not loaded
2025-01-14 18:50:49 - ERROR - Erro ao obter precisão para SOL/USDT: binance markets not loaded
2025-01-14 18:50:49 - ERROR - Erro ao obter precisão para XRP/USDT: binance markets not loaded
2025-01-14 18:50:49 - ERROR - Erro ao obter precisão para ADA/USDT: binance markets not loaded
2025-01-14 18:50:49 - ERROR - Erro ao obter precisão para BTC/USDT: binance markets not loaded
2025-01-14 18:50:49 - ERROR - Erro ao obter precisão para ETH/USDT: binance markets not loaded
2025-01-14 18:50:49 - ERROR - Erro ao obter precisão para SOL/USDT: binance markets not loaded
2025-01-14 18:50:49 - ERROR - Erro ao obter precisão para XRP/USDT: binance markets not loaded
2025-01-14 18:50:49 - ERROR - Erro ao obter precisão para ADA/USDT: binance markets not loaded
2025-01-14 18:50:49 - ERROR - Erro ao obter precisão para BTC/USDT: binance markets not loaded
2025-01-14 18:50:49 - ERROR - Erro ao obter precisão para ETH/USDT: binance markets not loaded
2025-01-14 18:50:49 - ERROR - Erro ao obter precisão para SOL/USDT: binance markets not loaded
2025-01-14 18:50:49 - ERROR - Erro ao obter precisão para XRP/USDT: binance markets not loaded
2025-01-14 18:50:50 - ERROR - Erro ao obter precisão para ADA/USDT: binance markets not loaded
2025-01-14 18:50:50 - ERROR - Erro ao obter precisão para BTC/USDT: binance markets not loaded
2025-01-14 18:50:50 - ERROR - Erro ao obter precisão para ETH/USDT: binance markets not loaded
2025-01-14 18:50:50 - ERROR - Erro ao obter precisão para SOL/USDT: binance markets not loaded
2025-01-14 18:50:50 - ERROR - Erro ao obter precisão para XRP/USDT: binance markets not loaded
2025-01-14 18:50:50 - ERROR - Erro ao obter precisão para ADA/USDT: binance markets not loaded
2025-01-14 18:50:50 - ERROR - Erro ao obter precisão para BTC/USDT: binance markets not loaded
2025-01-14 18:50:50 - ERROR - Erro ao obter precisão para ETH/USDT: binance markets not loaded
2025-01-14 18:50:50 - ERROR - Erro ao obter precisão para SOL/USDT: binance markets not loaded
2025-01-14 18:50:50 - ERROR - Erro ao obter precisão para XRP/USDT: binance markets not loaded
2025-01-14 18:50:51 - ERROR - Erro ao obter precisão para ADA/USDT: binance markets not loaded
2025-01-14 18:50:51 - ERROR - Erro ao obter precisão para BTC/USDT: binance markets not loaded
2025-01-14 18:50:51 - ERROR - Erro ao obter precisão para ETH/USDT: binance markets not loaded
2025-01-14 18:50:51 - ERROR - Erro ao obter precisão para SOL/USDT: binance markets not loaded
2025-01-14 18:50:51 - ERROR - Erro ao obter precisão para XRP/USDT: binance markets not loaded
2025-01-14 18:50:51 - ERROR - Erro ao obter precisão para ADA/USDT: binance markets not loaded
2025-01-14 18:50:51 - ERROR - Erro ao obter precisão para BTC/USDT: binance markets not loaded
2025-01-14 18:50:51 - ERROR - Erro ao obter precisão para ETH/USDT: binance markets not loaded
2025-01-14 18:50:51 - ERROR - Erro ao obter precisão para SOL/USDT: binance markets not loaded
2025-01-14 18:50:51 - ERROR - Erro ao obter precisão para XRP/USDT: binance markets not loaded
2025-01-14 18:50:52 - ERROR - Erro ao obter precisão para ADA/USDT: binance markets not loaded
2025-01-14 18:50:52 - ERROR - Erro ao obter precisão para BTC/USDT: binance markets not loaded
2025-01-14 18:50:52 - ERROR - Erro ao obter precisão para ETH/USDT: binance markets not loaded
2025-01-14 18:50:52 - ERROR - Erro ao obter precisão para SOL/USDT: binance markets not loaded
2025-01-14 18:50:52 - ERROR - Erro ao obter precisão para XRP/USDT: binance markets not loaded
2025-01-14 18:50:52 - ERROR - Erro ao obter precisão para ADA/USDT: binance markets not loaded
2025-01-14 18:50:52 - ERROR - Erro ao obter precisão para BTC/USDT: binance markets not loaded
2025-01-14 18:50:52 - ERROR - Erro ao obter precisão para ETH/USDT: binance markets not loaded
2025-01-14 18:50:52 - ERROR - Erro ao obter precisão para SOL/USDT: binance markets not loaded
2025-01-14 18:50:52 - ERROR - Erro ao obter precisão para XRP/USDT: binance markets not loaded
2025-01-14 18:50:53 - ERROR - Erro ao obter precisão para ADA/USDT: binance markets not loaded
2025-01-14 18:50:53 - ERROR - Erro ao obter precisão para BTC/USDT: binance markets not loaded
2025-01-14 18:50:53 - ERROR - Erro ao obter precisão para ETH/USDT: binance markets not loaded
2025-01-14 18:50:53 - ERROR - Erro ao obter precisão para SOL/USDT: binance markets not loaded
2025-01-14 18:50:53 - ERROR - Erro ao obter precisão para XRP/USDT: binance markets not loaded
2025-01-14 18:50:53 - ERROR - Erro ao obter precisão para ADA/USDT: binance markets not loaded
2025-01-14 18:50:53 - ERROR - Erro ao obter precisão para BTC/USDT: binance markets not loaded
2025-01-14 18:50:53 - ERROR - Erro ao obter precisão para ETH/USDT: binance markets not loaded
2025-01-14 18:50:53 - ERROR - Erro ao obter precisão para SOL/USDT: binance markets not loaded
2025-01-14 18:50:53 - ERROR - Erro ao obter precisão para XRP/USDT: binance markets not loaded
2025-01-14 18:50:53 - ERROR - Erro ao obter precisão para ADA/USDT: binance markets not loaded
2025-01-14 18:50:53 - ERROR - Erro ao obter precisão para BTC/USDT: binance markets not loaded
2025-01-14 18:50:53 - ERROR - Erro ao obter precisão para ETH/USDT: binance markets not loaded
2025-01-14 18:50:53 - ERROR - Erro ao obter precisão para SOL/USDT: binance markets not loaded
2025-01-14 18:50:53 - ERROR - Erro ao obter precisão para XRP/USDT: binance markets not loaded
2025-01-14 18:50:54 - ERROR - Erro ao obter precisão para ADA/USDT: binance markets not loaded
2025-01-14 18:50:54 - ERROR - Erro ao obter precisão para BTC/USDT: binance markets not loaded
2025-01-14 18:50:54 - ERROR - Erro ao obter precisão para ETH/USDT: binance markets not loaded
2025-01-14 18:50:54 - ERROR - Erro ao obter precisão para SOL/USDT: binance markets not loaded
2025-01-14 18:50:54 - ERROR - Erro ao obter precisão para XRP/USDT: binance markets not loaded
2025-01-14 18:50:54 - ERROR - Erro ao obter precisão para ADA/USDT: binance markets not loaded
2025-01-14 18:50:54 - ERROR - Erro ao obter precisão para BTC/USDT: binance markets not loaded
2025-01-14 18:50:54 - ERROR - Erro ao obter precisão para ETH/USDT: binance markets not loaded
2025-01-14 18:50:54 - ERROR - Erro ao obter precisão para SOL/USDT: binance markets not loaded
2025-01-14 18:50:54 - ERROR - Erro ao obter precisão para XRP/USDT: binance markets not loaded
2025-01-14 18:50:55 - ERROR - Erro ao obter precisão para ADA/USDT: binance markets not loaded
2025-01-14 18:50:55 - ERROR - Erro ao obter precisão para BTC/USDT: binance markets not loaded
2025-01-14 18:50:55 - ERROR - Erro ao obter precisão para ETH/USDT: binance markets not loaded
2025-01-14 18:50:55 - ERROR - Erro ao obter precisão para SOL/USDT: binance markets not loaded
2025-01-14 18:50:55 - ERROR - Erro ao obter precisão para XRP/USDT: binance markets not loaded
2025-01-14 18:50:55 - ERROR - Erro ao obter precisão para ADA/USDT: binance markets not loaded
2025-01-14 18:50:55 - ERROR - Erro ao obter precisão para BTC/USDT: binance markets not loaded
2025-01-14 18:50:55 - ERROR - Erro ao obter precisão para ETH/USDT: binance markets not loaded
2025-01-14 18:50:55 - ERROR - Erro ao obter precisão para SOL/USDT: binance markets not loaded
2025-01-14 18:50:55 - ERROR - Erro ao obter precisão para XRP/USDT: binance markets not loaded
2025-01-14 18:50:56 - ERROR - Erro ao obter precisão para ADA/USDT: binance markets not loaded
2025-01-14 18:50:56 - ERROR - Erro ao obter precisão para BTC/USDT: binance markets not loaded
2025-01-14 18:50:56 - ERROR - Erro ao obter precisão para ETH/USDT: binance markets not loaded
2025-01-14 18:50:56 - ERROR - Erro ao obter precisão para SOL/USDT: binance markets not loaded
2025-01-14 18:50:56 - ERROR - Erro ao obter precisão para XRP/USDT: binance markets not loaded
2025-01-14 18:50:56 - ERROR - Erro ao obter precisão para ADA/USDT: binance markets not loaded
2025-01-14 18:50:56 - ERROR - Erro ao obter precisão para BTC/USDT: binance markets not loaded
2025-01-14 18:50:56 - ERROR - Erro ao obter precisão para ETH/USDT: binance markets not loaded
2025-01-14 18:50:56 - ERROR - Erro ao obter precisão para SOL/USDT: binance markets not loaded
2025-01-14 18:50:56 - ERROR - Erro ao obter precisão para XRP/USDT: binance markets not loaded
2025-01-14 18:50:56 - ERROR - Erro ao obter precisão para ADA/USDT: binance markets not loaded
2025-01-14 18:50:56 - ERROR - Erro ao obter precisão para BTC/USDT: binance markets not loaded
2025-01-14 18:50:56 - ERROR - Erro ao obter precisão para ETH/USDT: binance markets not loaded
2025-01-14 18:50:56 - ERROR - Erro ao obter precisão para SOL/USDT: binance markets not loaded
2025-01-14 18:50:56 - ERROR - Erro ao obter precisão para XRP/USDT: binance markets not loaded
2025-01-14 18:50:57 - ERROR - Erro ao obter precisão para ADA/USDT: binance markets not loaded
2025-01-14 18:50:57 - ERROR - Erro ao obter precisão para BTC/USDT: binance markets not loaded
2025-01-14 18:50:57 - ERROR - Erro ao obter precisão para ETH/USDT: binance markets not loaded
2025-01-14 18:50:57 - ERROR - Erro ao obter precisão para SOL/USDT: binance markets not loaded
2025-01-14 18:50:57 - ERROR - Erro ao obter precisão para XRP/USDT: binance markets not loaded
2025-01-14 18:50:57 - ERROR - Erro ao obter precisão para ADA/USDT: binance markets not loaded
2025-01-14 18:50:57 - ERROR - Erro ao obter precisão para BTC/USDT: binance markets not loaded
2025-01-14 18:50:57 - ERROR - Erro ao obter precisão para ETH/USDT: binance markets not loaded
2025-01-14 18:50:57 - ERROR - Erro ao obter precisão para SOL/USDT: binance markets not loaded
2025-01-14 18:50:57 - ERROR - Erro ao obter precisão para XRP/USDT: binance markets not loaded
2025-01-14 18:50:58 - ERROR - Erro ao obter precisão para ADA/USDT: binance markets not loaded
2025-01-14 18:50:58 - ERROR - Erro ao obter precisão para BTC/USDT: binance markets not loaded
2025-01-14 18:50:58 - ERROR - Erro ao obter precisão para ETH/USDT: binance markets not loaded
2025-01-14 18:50:58 - ERROR - Erro ao obter precisão para SOL/USDT: binance markets not loaded
2025-01-14 18:50:58 - ERROR - Erro ao obter precisão para XRP/USDT: binance markets not loaded
2025-01-14 18:50:58 - ERROR - Erro ao obter precisão para ADA/USDT: binance markets not loaded
2025-01-14 18:50:58 - ERROR - Erro ao obter precisão para BTC/USDT: binance markets not loaded
2025-01-14 18:50:58 - ERROR - Erro ao obter precisão para ETH/USDT: binance markets not loaded
2025-01-14 18:50:58 - ERROR - Erro ao obter precisão para SOL/USDT: binance markets not loaded
2025-01-14 18:50:58 - ERROR - Erro ao obter precisão para XRP/USDT: binance markets not loaded
2025-01-14 18:50:59 - ERROR - Erro ao obter precisão para ADA/USDT: binance markets not loaded
2025-01-14 18:50:59 - ERROR - Erro ao obter precisão para BTC/USDT: binance markets not loaded
2025-01-14 18:50:59 - ERROR - Erro ao obter precisão para ETH/USDT: binance markets not loaded
2025-01-14 18:50:59 - ERROR - Erro ao obter precisão para SOL/USDT: binance markets not loaded
2025-01-14 18:50:59 - ERROR - Erro ao obter precisão para XRP/USDT: binance markets not loaded
2025-01-14 18:50:59 - ERROR - Erro ao obter precisão para ADA/USDT: binance markets not loaded
2025-01-14 18:50:59 - ERROR - Erro ao obter precisão para BTC/USDT: binance markets not loaded
2025-01-14 18:50:59 - ERROR - Erro ao obter precisão para ETH/USDT: binance markets not loaded
2025-01-14 18:50:59 - ERROR - Erro ao obter precisão para SOL/USDT: binance markets not loaded
2025-01-14 18:50:59 - ERROR - Erro ao obter precisão para XRP/USDT: binance markets not loaded
2025-01-14 18:50:59 - ERROR - Erro ao obter precisão para ADA/USDT: binance markets not loaded
2025-01-14 18:50:59 - ERROR - Erro ao obter precisão para BTC/USDT: binance markets not loaded
2025-01-14 18:50:59 - ERROR - Erro ao obter precisão para ETH/USDT: binance markets not loaded
2025-01-14 18:50:59 - ERROR - Erro ao obter precisão para SOL/USDT: binance markets not loaded
2025-01-14 18:50:59 - ERROR - Erro ao obter precisão para XRP/USDT: binance markets not loaded
2025-01-14 18:51:00 - ERROR - Erro ao obter precisão para ADA/USDT: binance markets not loaded
2025-01-14 18:51:00 - ERROR - Erro ao obter precisão para BTC/USDT: binance markets not loaded
2025-01-14 18:51:00 - ERROR - Erro ao obter precisão para ETH/USDT: binance markets not loaded
2025-01-14 18:51:00 - ERROR - Erro ao obter precisão para SOL/USDT: binance markets not loaded
2025-01-14 18:51:00 - ERROR - Erro ao obter precisão para XRP/USDT: binance markets not loaded
2025-01-14 18:51:00 - ERROR - Erro ao obter precisão para ADA/USDT: binance markets not loaded
2025-01-14 18:51:00 - ERROR - Erro ao obter precisão para BTC/USDT: binance markets not loaded
2025-01-14 18:51:00 - ERROR - Erro ao obter precisão para ETH/USDT: binance markets not loaded
2025-01-14 18:51:00 - ERROR - Erro ao obter precisão para SOL/USDT: binance markets not loaded
2025-01-14 18:51:00 - ERROR - Erro ao obter precisão para XRP/USDT: binance markets not loaded
2025-01-14 18:51:01 - ERROR - Erro ao obter precisão para ADA/USDT: binance markets not loaded
2025-01-14 18:51:01 - ERROR - Erro ao obter precisão para BTC/USDT: binance markets not loaded
2025-01-14 18:51:01 - ERROR - Erro ao obter precisão para ETH/USDT: binance markets not loaded
2025-01-14 18:51:01 - ERROR - Erro ao obter precisão para SOL/USDT: binance markets not loaded
2025-01-14 18:51:01 - ERROR - Erro ao obter precisão para XRP/USDT: binance markets not loaded
2025-01-14 18:51:01 - ERROR - Erro ao obter precisão para ADA/USDT: binance markets not loaded
2025-01-14 18:51:01 - ERROR - Erro ao obter precisão para BTC/USDT: binance markets not loaded
2025-01-14 18:51:01 - ERROR - Erro ao obter precisão para ETH/USDT: binance markets not loaded
2025-01-14 18:51:01 - ERROR - Erro ao obter precisão para SOL/USDT: binance markets not loaded
2025-01-14 18:51:01 - ERROR - Erro ao obter precisão para XRP/USDT: binance markets not loaded
2025-01-14 18:51:02 - ERROR - Erro ao obter precisão para ADA/USDT: binance markets not loaded
2025-01-14 18:51:02 - ERROR - Erro ao obter precisão para BTC/USDT: binance markets not loaded
2025-01-14 18:51:02 - ERROR - Erro ao obter precisão para ETH/USDT: binance markets not loaded
2025-01-14 18:51:02 - ERROR - Erro ao obter precisão para SOL/USDT: binance markets not loaded
2025-01-14 18:51:02 - ERROR - Erro ao obter precisão para XRP/USDT: binance markets not loaded
2025-01-14 18:51:02 - ERROR - Erro ao obter precisão para ADA/USDT: binance markets not loaded
2025-01-14 18:51:02 - ERROR - Erro ao obter precisão para BTC/USDT: binance markets not loaded
2025-01-14 18:51:02 - ERROR - Erro ao obter precisão para ETH/USDT: binance markets not loaded
2025-01-14 18:51:02 - ERROR - Erro ao obter precisão para SOL/USDT: binance markets not loaded
2025-01-14 18:51:02 - ERROR - Erro ao obter precisão para XRP/USDT: binance markets not loaded
2025-01-14 18:51:02 - ERROR - Erro ao obter precisão para ADA/USDT: binance markets not loaded
2025-01-14 18:51:02 - ERROR - Erro ao obter precisão para BTC/USDT: binance markets not loaded
2025-01-14 18:51:02 - ERROR - Erro ao obter precisão para ETH/USDT: binance markets not loaded
2025-01-14 18:51:02 - ERROR - Erro ao obter precisão para SOL/USDT: binance markets not loaded
2025-01-14 18:51:02 - ERROR - Erro ao obter precisão para XRP/USDT: binance markets not loaded
2025-01-14 18:51:03 - ERROR - Erro ao obter precisão para ADA/USDT: binance markets not loaded
2025-01-14 18:51:03 - ERROR - Erro ao obter precisão para BTC/USDT: binance markets not loaded
2025-01-14 18:51:03 - ERROR - Erro ao obter precisão para ETH/USDT: binance markets not loaded
2025-01-14 18:51:03 - ERROR - Erro ao obter precisão para SOL/USDT: binance markets not loaded
2025-01-14 18:51:03 - ERROR - Erro ao obter precisão para XRP/USDT: binance markets not loaded
2025-01-14 18:51:03 - ERROR - Erro ao obter precisão para ADA/USDT: binance markets not loaded
2025-01-14 18:51:03 - ERROR - Erro ao obter precisão para BTC/USDT: binance markets not loaded
2025-01-14 18:51:03 - ERROR - Erro ao obter precisão para ETH/USDT: binance markets not loaded
2025-01-14 18:51:03 - ERROR - Erro ao obter precisão para SOL/USDT: binance markets not loaded
2025-01-14 18:51:03 - ERROR - Erro ao obter precisão para XRP/USDT: binance markets not loaded
2025-01-14 18:51:04 - ERROR - Erro ao obter precisão para ADA/USDT: binance markets not loaded
2025-01-14 18:51:04 - ERROR - Erro ao obter precisão para BTC/USDT: binance markets not loaded
2025-01-14 18:51:04 - ERROR - Erro ao obter precisão para ETH/USDT: binance markets not loaded
2025-01-14 18:51:04 - ERROR - Erro ao obter precisão para SOL/USDT: binance markets not loaded
2025-01-14 18:51:04 - ERROR - Erro ao obter precisão para XRP/USDT: binance markets not loaded
2025-01-14 18:51:04 - ERROR - Erro ao obter precisão para ADA/USDT: binance markets not loaded
2025-01-14 18:51:04 - ERROR - Erro ao obter precisão para BTC/USDT: binance markets not loaded
2025-01-14 18:51:04 - ERROR - Erro ao obter precisão para ETH/USDT: binance markets not loaded
2025-01-14 18:51:04 - ERROR - Erro ao obter precisão para SOL/USDT: binance markets not loaded
2025-01-14 18:51:04 - ERROR - Erro ao obter precisão para XRP/USDT: binance markets not loaded
2025-01-14 18:51:05 - ERROR - Erro ao obter precisão para ADA/USDT: binance markets not loaded
2025-01-14 18:51:05 - ERROR - Erro ao obter precisão para BTC/USDT: binance markets not loaded
2025-01-14 18:51:05 - ERROR - Erro ao obter precisão para ETH/USDT: binance markets not loaded
2025-01-14 18:51:05 - ERROR - Erro ao obter precisão para SOL/USDT: binance markets not loaded
2025-01-14 18:51:05 - ERROR - Erro ao obter precisão para XRP/USDT: binance markets not loaded
2025-01-14 18:51:05 - ERROR - Erro ao obter precisão para ADA/USDT: binance markets not loaded
2025-01-14 18:51:05 - ERROR - Erro ao obter precisão para BTC/USDT: binance markets not loaded
2025-01-14 18:51:05 - ERROR - Erro ao obter precisão para ETH/USDT: binance markets not loaded
2025-01-14 18:51:05 - ERROR - Erro ao obter precisão para SOL/USDT: binance markets not loaded
2025-01-14 18:51:05 - ERROR - Erro ao obter precisão para XRP/USDT: binance markets not loaded
2025-01-14 18:51:05 - ERROR - Erro ao obter precisão para ADA/USDT: binance markets not loaded
2025-01-14 18:51:05 - ERROR - Erro ao obter precisão para BTC/USDT: binance markets not loaded
2025-01-14 18:51:05 - ERROR - Erro ao obter precisão para ETH/USDT: binance markets not loaded
2025-01-14 18:51:05 - ERROR - Erro ao obter precisão para SOL/USDT: binance markets not loaded
2025-01-14 18:51:05 - ERROR - Erro ao obter precisão para XRP/USDT: binance markets not loaded
2025-01-14 18:51:06 - ERROR - Erro ao obter precisão para ADA/USDT: binance markets not loaded
2025-01-14 18:51:06 - ERROR - Erro ao obter precisão para BTC/USDT: binance markets not loaded
2025-01-14 18:51:06 - ERROR - Erro ao obter precisão para ETH/USDT: binance markets not loaded
2025-01-14 18:51:06 - ERROR - Erro ao obter precisão para SOL/USDT: binance markets not loaded
2025-01-14 18:51:06 - ERROR - Erro ao obter precisão para XRP/USDT: binance markets not loaded
2025-01-14 18:51:06 - ERROR - Erro ao obter precisão para ADA/USDT: binance markets not loaded
2025-01-14 18:51:06 - ERROR - Erro ao obter precisão para BTC/USDT: binance markets not loaded
2025-01-14 18:51:06 - ERROR - Erro ao obter precisão para ETH/USDT: binance markets not loaded
2025-01-14 18:51:06 - ERROR - Erro ao obter precisão para SOL/USDT: binance markets not loaded
2025-01-14 18:51:06 - ERROR - Erro ao obter precisão para XRP/USDT: binance markets not loaded
2025-01-14 18:51:07 - ERROR - Erro ao obter precisão para ADA/USDT: binance markets not loaded
2025-01-14 18:51:07 - ERROR - Erro ao obter precisão para BTC/USDT: binance markets not loaded
2025-01-14 18:51:07 - ERROR - Erro ao obter precisão para ETH/USDT: binance markets not loaded
2025-01-14 18:51:07 - ERROR - Erro ao obter precisão para SOL/USDT: binance markets not loaded
2025-01-14 18:51:07 - ERROR - Erro ao obter precisão para XRP/USDT: binance markets not loaded
2025-01-14 18:51:07 - ERROR - Erro ao obter precisão para ADA/USDT: binance markets not loaded
2025-01-14 18:51:07 - ERROR - Erro ao obter precisão para BTC/USDT: binance markets not loaded
2025-01-14 18:51:07 - ERROR - Erro ao obter precisão para ETH/USDT: binance markets not loaded
2025-01-14 18:51:07 - ERROR - Erro ao obter precisão para SOL/USDT: binance markets not loaded
2025-01-14 18:51:07 - ERROR - Erro ao obter precisão para XRP/USDT: binance markets not loaded
2025-01-14 18:51:08 - ERROR - Erro ao obter precisão para ADA/USDT: binance markets not loaded
2025-01-14 18:51:08 - ERROR - Erro ao obter precisão para BTC/USDT: binance markets not loaded
2025-01-14 18:51:08 - ERROR - Erro ao obter precisão para ETH/USDT: binance markets not loaded
2025-01-14 18:51:08 - ERROR - Erro ao obter precisão para SOL/USDT: binance markets not loaded
2025-01-14 18:51:08 - ERROR - Erro ao obter precisão para XRP/USDT: binance markets not loaded
2025-01-14 18:51:08 - ERROR - Erro ao obter precisão para ADA/USDT: binance markets not loaded
2025-01-14 18:51:08 - ERROR - Erro ao obter precisão para BTC/USDT: binance markets not loaded
2025-01-14 18:51:08 - ERROR - Erro ao obter precisão para ETH/USDT: binance markets not loaded
2025-01-14 18:51:08 - ERROR - Erro ao obter precisão para SOL/USDT: binance markets not loaded
2025-01-14 18:51:08 - ERROR - Erro ao obter precisão para XRP/USDT: binance markets not loaded
2025-01-14 18:51:08 - ERROR - Erro ao obter precisão para ADA/USDT: binance markets not loaded
2025-01-14 18:51:08 - ERROR - Erro ao obter precisão para BTC/USDT: binance markets not loaded
2025-01-14 18:51:08 - ERROR - Erro ao obter precisão para ETH/USDT: binance markets not loaded
2025-01-14 18:51:08 - ERROR - Erro ao obter precisão para SOL/USDT: binance markets not loaded
2025-01-14 18:51:08 - ERROR - Erro ao obter precisão para XRP/USDT: binance markets not loaded
2025-01-14 18:51:09 - ERROR - Erro ao obter precisão para ADA/USDT: binance markets not loaded
2025-01-14 18:51:09 - ERROR - Erro ao obter precisão para BTC/USDT: binance markets not loaded
2025-01-14 18:51:09 - ERROR - Erro ao obter precisão para ETH/USDT: binance markets not loaded
2025-01-14 18:51:09 - ERROR - Erro ao obter precisão para SOL/USDT: binance markets not loaded
2025-01-14 18:51:09 - ERROR - Erro ao obter precisão para XRP/USDT: binance markets not loaded
2025-01-14 18:51:09 - ERROR - Erro ao obter precisão para ADA/USDT: binance markets not loaded
2025-01-14 18:51:09 - ERROR - Erro ao obter precisão para BTC/USDT: binance markets not loaded
2025-01-14 18:51:09 - ERROR - Erro ao obter precisão para ETH/USDT: binance markets not loaded
2025-01-14 18:51:09 - ERROR - Erro ao obter precisão para SOL/USDT: binance markets not loaded
2025-01-14 18:51:09 - ERROR - Erro ao obter precisão para XRP/USDT: binance markets not loaded
2025-01-14 18:51:10 - ERROR - Erro ao obter precisão para ADA/USDT: binance markets not loaded
2025-01-14 18:51:10 - ERROR - Erro ao obter precisão para BTC/USDT: binance markets not loaded
2025-01-14 18:51:10 - ERROR - Erro ao obter precisão para ETH/USDT: binance markets not loaded
2025-01-14 18:51:10 - ERROR - Erro ao obter precisão para SOL/USDT: binance markets not loaded
2025-01-14 18:51:10 - ERROR - Erro ao obter precisão para XRP/USDT: binance markets not loaded
2025-01-14 18:51:10 - ERROR - Erro ao obter precisão para ADA/USDT: binance markets not loaded
2025-01-14 18:51:10 - ERROR - Erro ao obter precisão para BTC/USDT: binance markets not loaded
2025-01-14 18:51:10 - ERROR - Erro ao obter precisão para ETH/USDT: binance markets not loaded
2025-01-14 18:51:10 - ERROR - Erro ao obter precisão para SOL/USDT: binance markets not loaded
2025-01-14 18:51:10 - ERROR - Erro ao obter precisão para XRP/USDT: binance markets not loaded
2025-01-14 18:51:11 - ERROR - Erro ao obter precisão para ADA/USDT: binance markets not loaded
2025-01-14 18:51:11 - ERROR - Erro ao obter precisão para BTC/USDT: binance markets not loaded
2025-01-14 18:51:11 - ERROR - Erro ao obter precisão para ETH/USDT: binance markets not loaded
2025-01-14 18:51:11 - ERROR - Erro ao obter precisão para SOL/USDT: binance markets not loaded
2025-01-14 18:51:11 - ERROR - Erro ao obter precisão para XRP/USDT: binance markets not loaded
2025-01-14 18:51:11 - ERROR - Erro ao obter precisão para ADA/USDT: binance markets not loaded
2025-01-14 18:51:11 - ERROR - Erro ao obter precisão para BTC/USDT: binance markets not loaded
2025-01-14 18:51:11 - ERROR - Erro ao obter precisão para ETH/USDT: binance markets not loaded
2025-01-14 18:51:11 - ERROR - Erro ao obter precisão para SOL/USDT: binance markets not loaded
2025-01-14 18:51:11 - ERROR - Erro ao obter precisão para XRP/USDT: binance markets not loaded
2025-01-14 18:51:11 - ERROR - Erro ao obter precisão para ADA/USDT: binance markets not loaded
2025-01-14 18:51:11 - ERROR - Erro ao obter precisão para BTC/USDT: binance markets not loaded
2025-01-14 18:51:11 - ERROR - Erro ao obter precisão para ETH/USDT: binance markets not loaded
2025-01-14 18:51:11 - ERROR - Erro ao obter precisão para SOL/USDT: binance markets not loaded
2025-01-14 18:51:11 - ERROR - Erro ao obter precisão para XRP/USDT: binance markets not loaded
2025-01-14 18:51:12 - ERROR - Erro ao obter precisão para ADA/USDT: binance markets not loaded
2025-01-14 18:51:12 - ERROR - Erro ao obter precisão para BTC/USDT: binance markets not loaded
2025-01-14 18:51:12 - ERROR - Erro ao obter precisão para ETH/USDT: binance markets not loaded
2025-01-14 18:51:12 - ERROR - Erro ao obter precisão para SOL/USDT: binance markets not loaded
2025-01-14 18:51:12 - ERROR - Erro ao obter precisão para XRP/USDT: binance markets not loaded
2025-01-14 18:51:12 - ERROR - Erro ao obter precisão para ADA/USDT: binance markets not loaded
2025-01-14 18:51:12 - ERROR - Erro ao obter precisão para BTC/USDT: binance markets not loaded
2025-01-14 18:51:12 - ERROR - Erro ao obter precisão para ETH/USDT: binance markets not loaded
2025-01-14 18:51:12 - ERROR - Erro ao obter precisão para SOL/USDT: binance markets not loaded
2025-01-14 18:51:12 - ERROR - Erro ao obter precisão para XRP/USDT: binance markets not loaded
2025-01-14 18:51:13 - ERROR - Erro ao obter precisão para ADA/USDT: binance markets not loaded
2025-01-14 18:51:13 - ERROR - Erro ao obter precisão para BTC/USDT: binance markets not loaded
2025-01-14 18:51:13 - ERROR - Erro ao obter precisão para ETH/USDT: binance markets not loaded
2025-01-14 18:51:13 - ERROR - Erro ao obter precisão para SOL/USDT: binance markets not loaded
2025-01-14 18:51:13 - ERROR - Erro ao obter precisão para XRP/USDT: binance markets not loaded
2025-01-14 18:51:13 - ERROR - Erro ao obter precisão para ADA/USDT: binance markets not loaded
2025-01-14 18:51:13 - ERROR - Erro ao obter precisão para BTC/USDT: binance markets not loaded
2025-01-14 18:51:13 - ERROR - Erro ao obter precisão para ETH/USDT: binance markets not loaded
2025-01-14 18:51:13 - ERROR - Erro ao obter precisão para SOL/USDT: binance markets not loaded
2025-01-14 18:51:13 - ERROR - Erro ao obter precisão para XRP/USDT: binance markets not loaded
2025-01-14 18:51:14 - ERROR - Erro ao obter precisão para ADA/USDT: binance markets not loaded
2025-01-14 18:51:14 - ERROR - Erro ao obter precisão para BTC/USDT: binance markets not loaded
2025-01-14 18:51:14 - ERROR - Erro ao obter precisão para ETH/USDT: binance markets not loaded
2025-01-14 18:51:14 - ERROR - Erro ao obter precisão para SOL/USDT: binance markets not loaded
2025-01-14 18:51:14 - ERROR - Erro ao obter precisão para XRP/USDT: binance markets not loaded
2025-01-14 18:51:14 - ERROR - Erro ao obter precisão para ADA/USDT: binance markets not loaded
2025-01-14 18:51:14 - ERROR - Erro ao obter precisão para BTC/USDT: binance markets not loaded
2025-01-14 18:51:14 - ERROR - Erro ao obter precisão para ETH/USDT: binance markets not loaded
2025-01-14 18:51:14 - ERROR - Erro ao obter precisão para SOL/USDT: binance markets not loaded
2025-01-14 18:51:14 - ERROR - Erro ao obter precisão para XRP/USDT: binance markets not loaded
2025-01-14 18:51:14 - ERROR - Erro ao obter precisão para ADA/USDT: binance markets not loaded
2025-01-14 18:51:14 - ERROR - Erro ao obter precisão para BTC/USDT: binance markets not loaded
2025-01-14 18:51:14 - ERROR - Erro ao obter precisão para ETH/USDT: binance markets not loaded
2025-01-14 18:51:14 - ERROR - Erro ao obter precisão para SOL/USDT: binance markets not loaded
2025-01-14 18:51:14 - ERROR - Erro ao obter precisão para XRP/USDT: binance markets not loaded
2025-01-14 18:51:15 - ERROR - Erro ao obter precisão para ADA/USDT: binance markets not loaded
2025-01-14 18:51:15 - ERROR - Erro ao obter precisão para BTC/USDT: binance markets not loaded
2025-01-14 18:51:15 - ERROR - Erro ao obter precisão para ETH/USDT: binance markets not loaded
2025-01-14 18:51:15 - ERROR - Erro ao obter precisão para SOL/USDT: binance markets not loaded
2025-01-14 18:51:15 - ERROR - Erro ao obter precisão para XRP/USDT: binance markets not loaded
2025-01-14 18:51:15 - ERROR - Erro ao obter precisão para ADA/USDT: binance markets not loaded
2025-01-14 18:51:15 - ERROR - Erro ao obter precisão para BTC/USDT: binance markets not loaded
2025-01-14 18:51:15 - ERROR - Erro ao obter precisão para ETH/USDT: binance markets not loaded
2025-01-14 18:51:15 - ERROR - Erro ao obter precisão para SOL/USDT: binance markets not loaded
2025-01-14 18:51:15 - ERROR - Erro ao obter precisão para XRP/USDT: binance markets not loaded
2025-01-14 18:51:16 - ERROR - Erro ao obter precisão para ADA/USDT: binance markets not loaded
2025-01-14 18:51:16 - ERROR - Erro ao obter precisão para BTC/USDT: binance markets not loaded
2025-01-14 18:51:16 - ERROR - Erro ao obter precisão para ETH/USDT: binance markets not loaded
2025-01-14 18:51:16 - ERROR - Erro ao obter precisão para SOL/USDT: binance markets not loaded
2025-01-14 18:51:16 - ERROR - Erro ao obter precisão para XRP/USDT: binance markets not loaded
2025-01-14 18:51:16 - ERROR - Erro ao obter precisão para ADA/USDT: binance markets not loaded
2025-01-14 18:51:16 - ERROR - Erro ao obter precisão para BTC/USDT: binance markets not loaded
2025-01-14 18:51:16 - ERROR - Erro ao obter precisão para ETH/USDT: binance markets not loaded
2025-01-14 18:51:16 - ERROR - Erro ao obter precisão para SOL/USDT: binance markets not loaded
2025-01-14 18:51:16 - ERROR - Erro ao obter precisão para XRP/USDT: binance markets not loaded
2025-01-14 18:51:17 - ERROR - Erro ao obter precisão para ADA/USDT: binance markets not loaded
2025-01-14 18:51:17 - ERROR - Erro ao obter precisão para BTC/USDT: binance markets not loaded
2025-01-14 18:51:17 - ERROR - Erro ao obter precisão para ETH/USDT: binance markets not loaded
2025-01-14 18:51:17 - ERROR - Erro ao obter precisão para SOL/USDT: binance markets not loaded
2025-01-14 18:51:17 - ERROR - Erro ao obter precisão para XRP/USDT: binance markets not loaded
2025-01-14 18:51:17 - ERROR - Erro ao obter precisão para ADA/USDT: binance markets not loaded
2025-01-14 18:51:17 - ERROR - Erro ao obter precisão para BTC/USDT: binance markets not loaded
2025-01-14 18:51:17 - ERROR - Erro ao obter precisão para ETH/USDT: binance markets not loaded
2025-01-14 18:51:17 - ERROR - Erro ao obter precisão para SOL/USDT: binance markets not loaded
2025-01-14 18:51:17 - ERROR - Erro ao obter precisão para XRP/USDT: binance markets not loaded
2025-01-14 18:51:17 - ERROR - Erro ao obter precisão para ADA/USDT: binance markets not loaded
2025-01-14 18:51:17 - ERROR - Erro ao obter precisão para BTC/USDT: binance markets not loaded
2025-01-14 18:51:17 - ERROR - Erro ao obter precisão para ETH/USDT: binance markets not loaded
2025-01-14 18:51:17 - ERROR - Erro ao obter precisão para SOL/USDT: binance markets not loaded
2025-01-14 18:51:17 - ERROR - Erro ao obter precisão para XRP/USDT: binance markets not loaded
2025-01-14 18:51:18 - ERROR - Erro ao obter precisão para ADA/USDT: binance markets not loaded
2025-01-14 18:51:18 - ERROR - Erro ao obter precisão para BTC/USDT: binance markets not loaded
2025-01-14 18:51:18 - ERROR - Erro ao obter precisão para ETH/USDT: binance markets not loaded
2025-01-14 18:51:18 - ERROR - Erro ao obter precisão para SOL/USDT: binance markets not loaded
2025-01-14 18:51:18 - ERROR - Erro ao obter precisão para XRP/USDT: binance markets not loaded
2025-01-14 18:51:18 - ERROR - Erro ao obter precisão para ADA/USDT: binance markets not loaded
2025-01-14 18:51:18 - ERROR - Erro ao obter precisão para BTC/USDT: binance markets not loaded
2025-01-14 18:51:18 - ERROR - Erro ao obter precisão para ETH/USDT: binance markets not loaded
2025-01-14 18:51:18 - ERROR - Erro ao obter precisão para SOL/USDT: binance markets not loaded
2025-01-14 18:51:18 - ERROR - Erro ao obter precisão para XRP/USDT: binance markets not loaded
2025-01-14 18:51:19 - ERROR - Erro ao obter precisão para ADA/USDT: binance markets not loaded
2025-01-14 18:51:19 - ERROR - Erro ao obter precisão para BTC/USDT: binance markets not loaded
2025-01-14 18:51:19 - ERROR - Erro ao obter precisão para ETH/USDT: binance markets not loaded
2025-01-14 18:51:19 - ERROR - Erro ao obter precisão para SOL/USDT: binance markets not loaded
2025-01-14 18:51:19 - ERROR - Erro ao obter precisão para XRP/USDT: binance markets not loaded
2025-01-14 18:51:19 - ERROR - Erro ao obter precisão para ADA/USDT: binance markets not loaded
2025-01-14 18:51:19 - ERROR - Erro ao obter precisão para BTC/USDT: binance markets not loaded
2025-01-14 18:51:19 - ERROR - Erro ao obter precisão para ETH/USDT: binance markets not loaded
2025-01-14 18:51:19 - ERROR - Erro ao obter precisão para SOL/USDT: binance markets not loaded
2025-01-14 18:51:19 - ERROR - Erro ao obter precisão para XRP/USDT: binance markets not loaded
2025-01-14 18:51:20 - ERROR - Erro ao obter precisão para ADA/USDT: binance markets not loaded
2025-01-14 18:51:20 - ERROR - Erro ao obter precisão para BTC/USDT: binance markets not loaded
2025-01-14 18:51:20 - ERROR - Erro ao obter precisão para ETH/USDT: binance markets not loaded
2025-01-14 18:51:20 - ERROR - Erro ao obter precisão para SOL/USDT: binance markets not loaded
2025-01-14 18:51:20 - ERROR - Erro ao obter precisão para XRP/USDT: binance markets not loaded
2025-01-14 18:51:20 - ERROR - Erro ao obter precisão para ADA/USDT: binance markets not loaded
2025-01-14 18:51:20 - ERROR - Erro ao obter precisão para BTC/USDT: binance markets not loaded
2025-01-14 18:51:20 - ERROR - Erro ao obter precisão para ETH/USDT: binance markets not loaded
2025-01-14 18:51:20 - ERROR - Erro ao obter precisão para SOL/USDT: binance markets not loaded
2025-01-14 18:51:20 - ERROR - Erro ao obter precisão para XRP/USDT: binance markets not loaded
2025-01-14 18:51:20 - ERROR - Erro ao obter precisão para ADA/USDT: binance markets not loaded
2025-01-14 18:51:20 - ERROR - Erro ao obter precisão para BTC/USDT: binance markets not loaded
2025-01-14 18:51:20 - ERROR - Erro ao obter precisão para ETH/USDT: binance markets not loaded
2025-01-14 18:51:20 - ERROR - Erro ao obter precisão para SOL/USDT: binance markets not loaded
2025-01-14 18:51:20 - ERROR - Erro ao obter precisão para XRP/USDT: binance markets not loaded
2025-01-14 18:51:21 - ERROR - Erro ao obter precisão para ADA/USDT: binance markets not loaded
2025-01-14 18:51:21 - ERROR - Erro ao obter precisão para BTC/USDT: binance markets not loaded
2025-01-14 18:51:21 - ERROR - Erro ao obter precisão para ETH/USDT: binance markets not loaded
2025-01-14 18:51:21 - ERROR - Erro ao obter precisão para SOL/USDT: binance markets not loaded
2025-01-14 18:51:21 - ERROR - Erro ao obter precisão para XRP/USDT: binance markets not loaded
2025-01-14 18:51:21 - ERROR - Erro ao obter precisão para ADA/USDT: binance markets not loaded
2025-01-14 18:51:21 - ERROR - Erro ao obter precisão para BTC/USDT: binance markets not loaded
2025-01-14 18:51:21 - ERROR - Erro ao obter precisão para ETH/USDT: binance markets not loaded
2025-01-14 18:51:21 - ERROR - Erro ao obter precisão para SOL/USDT: binance markets not loaded
2025-01-14 18:51:21 - ERROR - Erro ao obter precisão para XRP/USDT: binance markets not loaded
2025-01-14 18:51:22 - ERROR - Erro ao obter precisão para ADA/USDT: binance markets not loaded
2025-01-14 18:51:22 - ERROR - Erro ao obter precisão para BTC/USDT: binance markets not loaded
2025-01-14 18:51:22 - ERROR - Erro ao obter precisão para ETH/USDT: binance markets not loaded
2025-01-14 18:51:22 - ERROR - Erro ao obter precisão para SOL/USDT: binance markets not loaded
2025-01-14 18:51:22 - ERROR - Erro ao obter precisão para XRP/USDT: binance markets not loaded
2025-01-14 18:51:22 - ERROR - Erro ao obter precisão para ADA/USDT: binance markets not loaded
2025-01-14 18:51:22 - ERROR - Erro ao obter precisão para BTC/USDT: binance markets not loaded
2025-01-14 18:51:22 - ERROR - Erro ao obter precisão para ETH/USDT: binance markets not loaded
2025-01-14 18:51:22 - ERROR - Erro ao obter precisão para SOL/USDT: binance markets not loaded
2025-01-14 18:51:22 - ERROR - Erro ao obter precisão para XRP/USDT: binance markets not loaded
2025-01-14 18:51:23 - ERROR - Erro ao obter precisão para ADA/USDT: binance markets not loaded
2025-01-14 18:51:23 - ERROR - Erro ao obter precisão para BTC/USDT: binance markets not loaded
2025-01-14 18:51:23 - ERROR - Erro ao obter precisão para ETH/USDT: binance markets not loaded
2025-01-14 18:51:23 - ERROR - Erro ao obter precisão para SOL/USDT: binance markets not loaded
2025-01-14 18:51:23 - ERROR - Erro ao obter precisão para XRP/USDT: binance markets not loaded
2025-01-14 18:51:23 - ERROR - Erro ao obter precisão para ADA/USDT: binance markets not loaded
2025-01-14 18:51:23 - ERROR - Erro ao obter precisão para BTC/USDT: binance markets not loaded
2025-01-14 18:51:23 - ERROR - Erro ao obter precisão para ETH/USDT: binance markets not loaded
2025-01-14 18:51:23 - ERROR - Erro ao obter precisão para SOL/USDT: binance markets not loaded
2025-01-14 18:51:23 - ERROR - Erro ao obter precisão para XRP/USDT: binance markets not loaded
2025-01-14 18:51:24 - ERROR - Erro ao obter precisão para ADA/USDT: binance markets not loaded
2025-01-14 18:51:24 - ERROR - Erro ao obter precisão para BTC/USDT: binance markets not loaded
2025-01-14 18:51:24 - ERROR - Erro ao obter precisão para ETH/USDT: binance markets not loaded
2025-01-14 18:51:24 - ERROR - Erro ao obter precisão para SOL/USDT: binance markets not loaded
2025-01-14 18:51:24 - ERROR - Erro ao obter precisão para XRP/USDT: binance markets not loaded
2025-01-14 18:51:24 - ERROR - Erro ao obter precisão para ADA/USDT: binance markets not loaded
2025-01-14 18:51:24 - ERROR - Erro ao obter precisão para BTC/USDT: binance markets not loaded
2025-01-14 18:51:24 - ERROR - Erro ao obter precisão para ETH/USDT: binance markets not loaded
2025-01-14 18:51:24 - ERROR - Erro ao obter precisão para SOL/USDT: binance markets not loaded
2025-01-14 18:51:24 - ERROR - Erro ao obter precisão para XRP/USDT: binance markets not loaded
2025-01-14 18:51:24 - ERROR - Erro ao obter precisão para ADA/USDT: binance markets not loaded
2025-01-14 18:51:24 - ERROR - Erro ao obter precisão para BTC/USDT: binance markets not loaded
2025-01-14 18:51:24 - ERROR - Erro ao obter precisão para ETH/USDT: binance markets not loaded
2025-01-14 18:51:24 - ERROR - Erro ao obter precisão para SOL/USDT: binance markets not loaded
2025-01-14 18:51:24 - ERROR - Erro ao obter precisão para XRP/USDT: binance markets not loaded
2025-01-14 18:51:25 - ERROR - Erro ao obter precisão para ADA/USDT: binance markets not loaded
2025-01-14 18:51:25 - ERROR - Erro ao obter precisão para BTC/USDT: binance markets not loaded
2025-01-14 18:51:25 - ERROR - Erro ao obter precisão para ETH/USDT: binance markets not loaded
2025-01-14 18:51:25 - ERROR - Erro ao obter precisão para SOL/USDT: binance markets not loaded
2025-01-14 18:51:25 - ERROR - Erro ao obter precisão para XRP/USDT: binance markets not loaded
2025-01-14 18:51:25 - ERROR - Erro ao obter precisão para ADA/USDT: binance markets not loaded
2025-01-14 18:51:25 - ERROR - Erro ao obter precisão para BTC/USDT: binance markets not loaded
2025-01-14 18:51:25 - ERROR - Erro ao obter precisão para ETH/USDT: binance markets not loaded
2025-01-14 18:51:25 - ERROR - Erro ao obter precisão para SOL/USDT: binance markets not loaded
2025-01-14 18:51:25 - ERROR - Erro ao obter precisão para XRP/USDT: binance markets not loaded
2025-01-14 18:51:26 - ERROR - Erro ao obter precisão para ADA/USDT: binance markets not loaded
2025-01-14 18:51:26 - ERROR - Erro ao obter precisão para BTC/USDT: binance markets not loaded
2025-01-14 18:51:26 - ERROR - Erro ao obter precisão para ETH/USDT: binance markets not loaded
2025-01-14 18:51:26 - ERROR - Erro ao obter precisão para SOL/USDT: binance markets not loaded
2025-01-14 18:51:26 - ERROR - Erro ao obter precisão para XRP/USDT: binance markets not loaded
2025-01-14 18:51:26 - ERROR - Erro ao obter precisão para ADA/USDT: binance markets not loaded
2025-01-14 18:51:26 - ERROR - Erro ao obter precisão para BTC/USDT: binance markets not loaded
2025-01-14 18:51:26 - ERROR - Erro ao obter precisão para ETH/USDT: binance markets not loaded
2025-01-14 18:51:26 - ERROR - Erro ao obter precisão para SOL/USDT: binance markets not loaded
2025-01-14 18:51:26 - ERROR - Erro ao obter precisão para XRP/USDT: binance markets not loaded
2025-01-14 18:51:27 - ERROR - Erro ao obter precisão para ADA/USDT: binance markets not loaded
2025-01-14 18:51:27 - ERROR - Erro ao obter precisão para BTC/USDT: binance markets not loaded
2025-01-14 18:51:27 - ERROR - Erro ao obter precisão para ETH/USDT: binance markets not loaded
2025-01-14 18:51:27 - ERROR - Erro ao obter precisão para SOL/USDT: binance markets not loaded
2025-01-14 18:51:27 - ERROR - Erro ao obter precisão para XRP/USDT: binance markets not loaded
2025-01-14 18:51:27 - ERROR - Erro ao obter precisão para ADA/USDT: binance markets not loaded
2025-01-14 18:51:27 - ERROR - Erro ao obter precisão para BTC/USDT: binance markets not loaded
2025-01-14 18:51:27 - ERROR - Erro ao obter precisão para ETH/USDT: binance markets not loaded
2025-01-14 18:51:27 - ERROR - Erro ao obter precisão para SOL/USDT: binance markets not loaded
2025-01-14 18:51:27 - ERROR - Erro ao obter precisão para XRP/USDT: binance markets not loaded
2025-01-14 18:51:27 - ERROR - Erro ao obter precisão para ADA/USDT: binance markets not loaded
2025-01-14 18:51:27 - ERROR - Erro ao obter precisão para BTC/USDT: binance markets not loaded
2025-01-14 18:51:27 - ERROR - Erro ao obter precisão para ETH/USDT: binance markets not loaded
2025-01-14 18:51:27 - ERROR - Erro ao obter precisão para SOL/USDT: binance markets not loaded
2025-01-14 18:51:27 - ERROR - Erro ao obter precisão para XRP/USDT: binance markets not loaded
2025-01-14 18:51:28 - ERROR - Erro ao obter precisão para ADA/USDT: binance markets not loaded
2025-01-14 18:51:28 - ERROR - Erro ao obter precisão para BTC/USDT: binance markets not loaded
2025-01-14 18:51:28 - ERROR - Erro ao obter precisão para ETH/USDT: binance markets not loaded
2025-01-14 18:51:28 - ERROR - Erro ao obter precisão para SOL/USDT: binance markets not loaded
2025-01-14 18:51:28 - ERROR - Erro ao obter precisão para XRP/USDT: binance markets not loaded
2025-01-14 18:51:28 - ERROR - Erro ao obter precisão para ADA/USDT: binance markets not loaded
2025-01-14 18:51:28 - ERROR - Erro ao obter precisão para BTC/USDT: binance markets not loaded
2025-01-14 18:51:28 - ERROR - Erro ao obter precisão para ETH/USDT: binance markets not loaded
2025-01-14 18:51:28 - ERROR - Erro ao obter precisão para SOL/USDT: binance markets not loaded
2025-01-14 18:51:28 - ERROR - Erro ao obter precisão para XRP/USDT: binance markets not loaded
2025-01-14 18:51:29 - ERROR - Erro ao obter precisão para ADA/USDT: binance markets not loaded
2025-01-14 18:51:29 - ERROR - Erro ao obter precisão para BTC/USDT: binance markets not loaded
2025-01-14 18:51:29 - ERROR - Erro ao obter precisão para ETH/USDT: binance markets not loaded
2025-01-14 18:51:29 - ERROR - Erro ao obter precisão para SOL/USDT: binance markets not loaded
2025-01-14 18:51:29 - ERROR - Erro ao obter precisão para XRP/USDT: binance markets not loaded
2025-01-14 18:51:29 - ERROR - Erro ao obter precisão para ADA/USDT: binance markets not loaded
2025-01-14 18:51:29 - ERROR - Erro ao obter precisão para BTC/USDT: binance markets not loaded
2025-01-14 18:51:29 - ERROR - Erro ao obter precisão para ETH/USDT: binance markets not loaded
2025-01-14 18:51:29 - ERROR - Erro ao obter precisão para SOL/USDT: binance markets not loaded
2025-01-14 18:51:29 - ERROR - Erro ao obter precisão para XRP/USDT: binance markets not loaded
2025-01-14 18:51:30 - ERROR - Erro ao obter precisão para ADA/USDT: binance markets not loaded
2025-01-14 18:51:30 - ERROR - Erro ao obter precisão para BTC/USDT: binance markets not loaded
2025-01-14 18:51:30 - ERROR - Erro ao obter precisão para ETH/USDT: binance markets not loaded
2025-01-14 18:51:30 - ERROR - Erro ao obter precisão para SOL/USDT: binance markets not loaded
2025-01-14 18:51:30 - ERROR - Erro ao obter precisão para XRP/USDT: binance markets not loaded
2025-01-14 18:51:30 - ERROR - Erro ao obter precisão para ADA/USDT: binance markets not loaded
2025-01-14 18:51:30 - ERROR - Erro ao obter precisão para BTC/USDT: binance markets not loaded
2025-01-14 18:51:30 - ERROR - Erro ao obter precisão para ETH/USDT: binance markets not loaded
2025-01-14 18:51:30 - ERROR - Erro ao obter precisão para SOL/USDT: binance markets not loaded
2025-01-14 18:51:30 - ERROR - Erro ao obter precisão para XRP/USDT: binance markets not loaded
2025-01-14 18:51:30 - ERROR - Erro ao obter precisão para ADA/USDT: binance markets not loaded
2025-01-14 18:51:30 - ERROR - Erro ao obter precisão para BTC/USDT: binance markets not loaded
2025-01-14 18:51:30 - ERROR - Erro ao obter precisão para ETH/USDT: binance markets not loaded
2025-01-14 18:51:30 - ERROR - Erro ao obter precisão para SOL/USDT: binance markets not loaded
2025-01-14 18:51:30 - ERROR - Erro ao obter precisão para XRP/USDT: binance markets not loaded
2025-01-14 18:51:31 - ERROR - Erro ao obter precisão para ADA/USDT: binance markets not loaded
2025-01-14 18:51:31 - ERROR - Erro ao obter precisão para BTC/USDT: binance markets not loaded
2025-01-14 18:51:31 - ERROR - Erro ao obter precisão para ETH/USDT: binance markets not loaded
2025-01-14 18:51:31 - ERROR - Erro ao obter precisão para SOL/USDT: binance markets not loaded
2025-01-14 18:51:31 - ERROR - Erro ao obter precisão para XRP/USDT: binance markets not loaded
2025-01-14 18:51:31 - ERROR - Erro ao obter precisão para ADA/USDT: binance markets not loaded
2025-01-14 18:51:31 - ERROR - Erro ao obter precisão para BTC/USDT: binance markets not loaded
2025-01-14 18:51:31 - ERROR - Erro ao obter precisão para ETH/USDT: binance markets not loaded
2025-01-14 18:51:31 - ERROR - Erro ao obter precisão para SOL/USDT: binance markets not loaded
2025-01-14 18:51:31 - ERROR - Erro ao obter precisão para XRP/USDT: binance markets not loaded
2025-01-14 18:51:32 - ERROR - Erro ao obter precisão para ADA/USDT: binance markets not loaded
2025-01-14 18:51:32 - ERROR - Erro ao obter precisão para BTC/USDT: binance markets not loaded
2025-01-14 18:51:32 - ERROR - Erro ao obter precisão para ETH/USDT: binance markets not loaded
2025-01-14 18:51:32 - ERROR - Erro ao obter precisão para SOL/USDT: binance markets not loaded
2025-01-14 18:51:32 - ERROR - Erro ao obter precisão para XRP/USDT: binance markets not loaded
2025-01-14 18:51:32 - ERROR - Erro ao obter precisão para ADA/USDT: binance markets not loaded
2025-01-14 18:51:32 - ERROR - Erro ao obter precisão para BTC/USDT: binance markets not loaded
2025-01-14 18:51:32 - ERROR - Erro ao obter precisão para ETH/USDT: binance markets not loaded
2025-01-14 18:51:32 - ERROR - Erro ao obter precisão para SOL/USDT: binance markets not loaded
2025-01-14 18:51:32 - ERROR - Erro ao obter precisão para XRP/USDT: binance markets not loaded
2025-01-14 18:51:33 - ERROR - Erro ao obter precisão para ADA/USDT: binance markets not loaded
2025-01-14 18:51:33 - ERROR - Erro ao obter precisão para BTC/USDT: binance markets not loaded
2025-01-14 18:51:33 - ERROR - Erro ao obter precisão para ETH/USDT: binance markets not loaded
2025-01-14 18:51:33 - ERROR - Erro ao obter precisão para SOL/USDT: binance markets not loaded
2025-01-14 18:51:33 - ERROR - Erro ao obter precisão para XRP/USDT: binance markets not loaded
2025-01-14 18:51:33 - ERROR - Erro ao obter precisão para ADA/USDT: binance markets not loaded
2025-01-14 18:51:33 - ERROR - Erro ao obter precisão para BTC/USDT: binance markets not loaded
2025-01-14 18:51:33 - ERROR - Erro ao obter precisão para ETH/USDT: binance markets not loaded
2025-01-14 18:51:33 - ERROR - Erro ao obter precisão para SOL/USDT: binance markets not loaded
2025-01-14 18:51:33 - ERROR - Erro ao obter precisão para XRP/USDT: binance markets not loaded
2025-01-14 18:51:33 - ERROR - Erro ao obter precisão para ADA/USDT: binance markets not loaded
2025-01-14 18:51:33 - ERROR - Erro ao obter precisão para BTC/USDT: binance markets not loaded
2025-01-14 18:51:33 - ERROR - Erro ao obter precisão para ETH/USDT: binance markets not loaded
2025-01-14 18:51:33 - ERROR - Erro ao obter precisão para SOL/USDT: binance markets not loaded
2025-01-14 18:51:33 - ERROR - Erro ao obter precisão para XRP/USDT: binance markets not loaded
2025-01-14 18:51:34 - ERROR - Erro ao obter precisão para ADA/USDT: binance markets not loaded
2025-01-14 18:51:34 - ERROR - Erro ao obter precisão para BTC/USDT: binance markets not loaded
2025-01-14 18:51:34 - ERROR - Erro ao obter precisão para ETH/USDT: binance markets not loaded
2025-01-14 18:51:34 - ERROR - Erro ao obter precisão para SOL/USDT: binance markets not loaded
2025-01-14 18:51:34 - ERROR - Erro ao obter precisão para XRP/USDT: binance markets not loaded
2025-01-14 18:51:34 - ERROR - Erro ao obter precisão para ADA/USDT: binance markets not loaded
2025-01-14 18:51:34 - ERROR - Erro ao obter precisão para BTC/USDT: binance markets not loaded
2025-01-14 18:51:34 - ERROR - Erro ao obter precisão para ETH/USDT: binance markets not loaded
2025-01-14 18:51:34 - ERROR - Erro ao obter precisão para SOL/USDT: binance markets not loaded
2025-01-14 18:51:34 - ERROR - Erro ao obter precisão para XRP/USDT: binance markets not loaded
2025-01-14 18:51:35 - ERROR - Erro ao obter precisão para ADA/USDT: binance markets not loaded
2025-01-14 18:51:35 - ERROR - Erro ao obter precisão para BTC/USDT: binance markets not loaded
2025-01-14 18:51:35 - ERROR - Erro ao obter precisão para ETH/USDT: binance markets not loaded
2025-01-14 18:51:35 - ERROR - Erro ao obter precisão para SOL/USDT: binance markets not loaded
2025-01-14 18:51:35 - ERROR - Erro ao obter precisão para XRP/USDT: binance markets not loaded
2025-01-14 18:51:35 - ERROR - Erro ao obter precisão para ADA/USDT: binance markets not loaded
2025-01-14 18:51:35 - ERROR - Erro ao obter precisão para BTC/USDT: binance markets not loaded
2025-01-14 18:51:35 - ERROR - Erro ao obter precisão para ETH/USDT: binance markets not loaded
2025-01-14 18:51:35 - ERROR - Erro ao obter precisão para SOL/USDT: binance markets not loaded
2025-01-14 18:51:35 - ERROR - Erro ao obter precisão para XRP/USDT: binance markets not loaded
2025-01-14 18:51:36 - ERROR - Erro ao obter precisão para ADA/USDT: binance markets not loaded
2025-01-14 18:51:36 - ERROR - Erro ao obter precisão para BTC/USDT: binance markets not loaded
2025-01-14 18:51:36 - ERROR - Erro ao obter precisão para ETH/USDT: binance markets not loaded
2025-01-14 18:51:36 - ERROR - Erro ao obter precisão para SOL/USDT: binance markets not loaded
2025-01-14 18:51:36 - ERROR - Erro ao obter precisão para XRP/USDT: binance markets not loaded
2025-01-14 18:51:36 - ERROR - Erro ao obter precisão para ADA/USDT: binance markets not loaded
2025-01-14 18:51:36 - ERROR - Erro ao obter precisão para BTC/USDT: binance markets not loaded
2025-01-14 18:51:36 - ERROR - Erro ao obter precisão para ETH/USDT: binance markets not loaded
2025-01-14 18:51:36 - ERROR - Erro ao obter precisão para SOL/USDT: binance markets not loaded
2025-01-14 18:51:36 - ERROR - Erro ao obter precisão para XRP/USDT: binance markets not loaded
2025-01-14 18:51:36 - ERROR - Erro ao obter precisão para ADA/USDT: binance markets not loaded
2025-01-14 18:51:36 - ERROR - Erro ao obter precisão para BTC/USDT: binance markets not loaded
2025-01-14 18:51:36 - ERROR - Erro ao obter precisão para ETH/USDT: binance markets not loaded
2025-01-14 18:51:36 - ERROR - Erro ao obter precisão para SOL/USDT: binance markets not loaded
2025-01-14 18:51:36 - ERROR - Erro ao obter precisão para XRP/USDT: binance markets not loaded
2025-01-14 18:51:37 - ERROR - Erro ao obter precisão para ADA/USDT: binance markets not loaded
2025-01-14 18:51:37 - ERROR - Erro ao obter precisão para BTC/USDT: binance markets not loaded
2025-01-14 18:51:37 - ERROR - Erro ao obter precisão para ETH/USDT: binance markets not loaded
2025-01-14 18:51:37 - ERROR - Erro ao obter precisão para SOL/USDT: binance markets not loaded
2025-01-14 18:51:37 - ERROR - Erro ao obter precisão para XRP/USDT: binance markets not loaded
2025-01-14 18:51:37 - ERROR - Erro ao obter precisão para ADA/USDT: binance markets not loaded
2025-01-14 18:51:37 - ERROR - Erro ao obter precisão para BTC/USDT: binance markets not loaded
2025-01-14 18:51:37 - ERROR - Erro ao obter precisão para ETH/USDT: binance markets not loaded
2025-01-14 18:51:37 - ERROR - Erro ao obter precisão para SOL/USDT: binance markets not loaded
2025-01-14 18:51:37 - ERROR - Erro ao obter precisão para XRP/USDT: binance markets not loaded
2025-01-14 18:51:38 - ERROR - Erro ao obter precisão para ADA/USDT: binance markets not loaded
2025-01-14 18:51:38 - ERROR - Erro ao obter precisão para BTC/USDT: binance markets not loaded
2025-01-14 18:51:38 - ERROR - Erro ao obter precisão para ETH/USDT: binance markets not loaded
2025-01-14 18:51:38 - ERROR - Erro ao obter precisão para SOL/USDT: binance markets not loaded
2025-01-14 18:51:38 - ERROR - Erro ao obter precisão para XRP/USDT: binance markets not loaded
2025-01-14 18:51:38 - ERROR - Erro ao obter precisão para ADA/USDT: binance markets not loaded
2025-01-14 18:51:38 - ERROR - Erro ao obter precisão para BTC/USDT: binance markets not loaded
2025-01-14 18:51:38 - ERROR - Erro ao obter precisão para ETH/USDT: binance markets not loaded
2025-01-14 18:51:38 - ERROR - Erro ao obter precisão para SOL/USDT: binance markets not loaded
2025-01-14 18:51:38 - ERROR - Erro ao obter precisão para XRP/USDT: binance markets not loaded
2025-01-14 18:51:39 - ERROR - Erro ao obter precisão para ADA/USDT: binance markets not loaded
2025-01-14 18:51:39 - ERROR - Erro ao obter precisão para BTC/USDT: binance markets not loaded
2025-01-14 18:51:39 - ERROR - Erro ao obter precisão para ETH/USDT: binance markets not loaded
2025-01-14 18:51:39 - ERROR - Erro ao obter precisão para SOL/USDT: binance markets not loaded
2025-01-14 18:51:39 - ERROR - Erro ao obter precisão para XRP/USDT: binance markets not loaded
2025-01-14 18:51:39 - ERROR - Erro ao obter precisão para ADA/USDT: binance markets not loaded
2025-01-14 18:51:39 - ERROR - Erro ao obter precisão para BTC/USDT: binance markets not loaded
2025-01-14 18:51:39 - ERROR - Erro ao obter precisão para ETH/USDT: binance markets not loaded
2025-01-14 18:51:39 - ERROR - Erro ao obter precisão para SOL/USDT: binance markets not loaded
2025-01-14 18:51:39 - ERROR - Erro ao obter precisão para XRP/USDT: binance markets not loaded
2025-01-14 18:51:39 - ERROR - Erro ao obter precisão para ADA/USDT: binance markets not loaded
2025-01-14 18:51:39 - ERROR - Erro ao obter precisão para BTC/USDT: binance markets not loaded
2025-01-14 18:51:39 - ERROR - Erro ao obter precisão para ETH/USDT: binance markets not loaded
2025-01-14 18:51:39 - ERROR - Erro ao obter precisão para SOL/USDT: binance markets not loaded
2025-01-14 18:51:39 - ERROR - Erro ao obter precisão para XRP/USDT: binance markets not loaded
2025-01-14 18:51:40 - ERROR - Erro ao obter precisão para ADA/USDT: binance markets not loaded
2025-01-14 18:51:40 - ERROR - Erro ao obter precisão para BTC/USDT: binance markets not loaded
2025-01-14 18:51:40 - ERROR - Erro ao obter precisão para ETH/USDT: binance markets not loaded
2025-01-14 18:51:40 - ERROR - Erro ao obter precisão para SOL/USDT: binance markets not loaded
2025-01-14 18:51:40 - ERROR - Erro ao obter precisão para XRP/USDT: binance markets not loaded
2025-01-14 18:51:40 - ERROR - Erro ao obter precisão para ADA/USDT: binance markets not loaded
2025-01-14 18:51:40 - ERROR - Erro ao obter precisão para BTC/USDT: binance markets not loaded
2025-01-14 18:51:40 - ERROR - Erro ao obter precisão para ETH/USDT: binance markets not loaded
2025-01-14 18:51:40 - ERROR - Erro ao obter precisão para SOL/USDT: binance markets not loaded
2025-01-14 18:51:40 - ERROR - Erro ao obter precisão para XRP/USDT: binance markets not loaded
2025-01-14 18:51:41 - ERROR - Erro ao obter precisão para ADA/USDT: binance markets not loaded
2025-01-14 18:51:41 - ERROR - Erro ao obter precisão para BTC/USDT: binance markets not loaded
2025-01-14 18:51:41 - ERROR - Erro ao obter precisão para ETH/USDT: binance markets not loaded
2025-01-14 18:51:41 - ERROR - Erro ao obter precisão para SOL/USDT: binance markets not loaded
2025-01-14 18:51:41 - ERROR - Erro ao obter precisão para XRP/USDT: binance markets not loaded
2025-01-14 18:51:41 - ERROR - Erro ao obter precisão para ADA/USDT: binance markets not loaded
2025-01-14 18:51:41 - ERROR - Erro ao obter precisão para BTC/USDT: binance markets not loaded
2025-01-14 18:51:41 - ERROR - Erro ao obter precisão para ETH/USDT: binance markets not loaded
2025-01-14 18:51:41 - ERROR - Erro ao obter precisão para SOL/USDT: binance markets not loaded
2025-01-14 18:51:41 - ERROR - Erro ao obter precisão para XRP/USDT: binance markets not loaded
2025-01-14 18:51:42 - ERROR - Erro ao obter precisão para ADA/USDT: binance markets not loaded
2025-01-14 18:51:42 - ERROR - Erro ao obter precisão para BTC/USDT: binance markets not loaded
2025-01-14 18:51:42 - ERROR - Erro ao obter precisão para ETH/USDT: binance markets not loaded
2025-01-14 18:51:42 - ERROR - Erro ao obter precisão para SOL/USDT: binance markets not loaded
2025-01-14 18:51:42 - ERROR - Erro ao obter precisão para XRP/USDT: binance markets not loaded
2025-01-14 18:51:42 - ERROR - Erro ao obter precisão para ADA/USDT: binance markets not loaded
2025-01-14 18:51:42 - ERROR - Erro ao obter precisão para BTC/USDT: binance markets not loaded
2025-01-14 18:51:42 - ERROR - Erro ao obter precisão para ETH/USDT: binance markets not loaded
2025-01-14 18:51:42 - ERROR - Erro ao obter precisão para SOL/USDT: binance markets not loaded
2025-01-14 18:51:42 - ERROR - Erro ao obter precisão para XRP/USDT: binance markets not loaded
2025-01-14 18:51:42 - ERROR - Erro ao obter precisão para ADA/USDT: binance markets not loaded
2025-01-14 18:51:42 - ERROR - Erro ao obter precisão para BTC/USDT: binance markets not loaded
2025-01-14 18:51:42 - ERROR - Erro ao obter precisão para ETH/USDT: binance markets not loaded
2025-01-14 18:51:42 - ERROR - Erro ao obter precisão para SOL/USDT: binance markets not loaded
2025-01-14 18:51:42 - ERROR - Erro ao obter precisão para XRP/USDT: binance markets not loaded
2025-01-14 18:51:43 - ERROR - Erro ao obter precisão para ADA/USDT: binance markets not loaded
2025-01-14 18:51:43 - ERROR - Erro ao obter precisão para BTC/USDT: binance markets not loaded
2025-01-14 18:51:43 - ERROR - Erro ao obter precisão para ETH/USDT: binance markets not loaded
2025-01-14 18:51:43 - ERROR - Erro ao obter precisão para SOL/USDT: binance markets not loaded
2025-01-14 18:51:43 - ERROR - Erro ao obter precisão para XRP/USDT: binance markets not loaded
2025-01-14 18:51:43 - ERROR - Erro ao obter precisão para ADA/USDT: binance markets not loaded
2025-01-14 18:51:43 - ERROR - Erro ao obter precisão para BTC/USDT: binance markets not loaded
2025-01-14 18:51:43 - ERROR - Erro ao obter precisão para ETH/USDT: binance markets not loaded
2025-01-14 18:51:43 - ERROR - Erro ao obter precisão para SOL/USDT: binance markets not loaded
2025-01-14 18:51:43 - ERROR - Erro ao obter precisão para XRP/USDT: binance markets not loaded
2025-01-14 18:51:44 - ERROR - Erro ao obter precisão para ADA/USDT: binance markets not loaded
2025-01-14 18:51:44 - ERROR - Erro ao obter precisão para BTC/USDT: binance markets not loaded
2025-01-14 18:51:44 - ERROR - Erro ao obter precisão para ETH/USDT: binance markets not loaded
2025-01-14 18:51:44 - ERROR - Erro ao obter precisão para SOL/USDT: binance markets not loaded
2025-01-14 18:51:44 - ERROR - Erro ao obter precisão para XRP/USDT: binance markets not loaded
2025-01-14 18:51:44 - ERROR - Erro ao obter precisão para ADA/USDT: binance markets not loaded
2025-01-14 18:51:44 - ERROR - Erro ao obter precisão para BTC/USDT: binance markets not loaded
2025-01-14 18:51:44 - ERROR - Erro ao obter precisão para ETH/USDT: binance markets not loaded
2025-01-14 18:51:44 - ERROR - Erro ao obter precisão para SOL/USDT: binance markets not loaded
2025-01-14 18:51:44 - ERROR - Erro ao obter precisão para XRP/USDT: binance markets not loaded
2025-01-14 18:51:45 - ERROR - Erro ao obter precisão para ADA/USDT: binance markets not loaded
2025-01-14 18:51:45 - ERROR - Erro ao obter precisão para BTC/USDT: binance markets not loaded
2025-01-14 18:51:45 - ERROR - Erro ao obter precisão para ETH/USDT: binance markets not loaded
2025-01-14 18:51:45 - ERROR - Erro ao obter precisão para SOL/USDT: binance markets not loaded
2025-01-14 18:51:45 - ERROR - Erro ao obter precisão para XRP/USDT: binance markets not loaded
2025-01-14 18:51:45 - ERROR - Erro ao obter precisão para ADA/USDT: binance markets not loaded
2025-01-14 18:51:45 - ERROR - Erro ao obter precisão para BTC/USDT: binance markets not loaded
2025-01-14 18:51:45 - ERROR - Erro ao obter precisão para ETH/USDT: binance markets not loaded
2025-01-14 18:51:45 - ERROR - Erro ao obter precisão para SOL/USDT: binance markets not loaded
2025-01-14 18:51:45 - ERROR - Erro ao obter precisão para XRP/USDT: binance markets not loaded
2025-01-14 18:51:45 - ERROR - Erro ao obter precisão para ADA/USDT: binance markets not loaded
2025-01-14 18:51:45 - ERROR - Erro ao obter precisão para BTC/USDT: binance markets not loaded
2025-01-14 18:51:45 - ERROR - Erro ao obter precisão para ETH/USDT: binance markets not loaded
2025-01-14 18:51:45 - ERROR - Erro ao obter precisão para SOL/USDT: binance markets not loaded
2025-01-14 18:51:45 - ERROR - Erro ao obter precisão para XRP/USDT: binance markets not loaded
2025-01-14 18:51:46 - ERROR - Erro ao obter precisão para ADA/USDT: binance markets not loaded
2025-01-14 18:51:46 - ERROR - Erro ao obter precisão para BTC/USDT: binance markets not loaded
2025-01-14 18:51:46 - ERROR - Erro ao obter precisão para ETH/USDT: binance markets not loaded
2025-01-14 18:51:46 - ERROR - Erro ao obter precisão para SOL/USDT: binance markets not loaded
2025-01-14 18:51:46 - ERROR - Erro ao obter precisão para XRP/USDT: binance markets not loaded
2025-01-14 18:51:46 - ERROR - Erro ao obter precisão para ADA/USDT: binance markets not loaded
2025-01-14 18:51:46 - ERROR - Erro ao obter precisão para BTC/USDT: binance markets not loaded
2025-01-14 18:51:46 - ERROR - Erro ao obter precisão para ETH/USDT: binance markets not loaded
2025-01-14 18:51:46 - ERROR - Erro ao obter precisão para SOL/USDT: binance markets not loaded
2025-01-14 18:51:46 - ERROR - Erro ao obter precisão para XRP/USDT: binance markets not loaded
2025-01-14 18:51:47 - ERROR - Erro ao obter precisão para ADA/USDT: binance markets not loaded
2025-01-14 18:51:47 - ERROR - Erro ao obter precisão para BTC/USDT: binance markets not loaded
2025-01-14 18:51:47 - ERROR - Erro ao obter precisão para ETH/USDT: binance markets not loaded
2025-01-14 18:51:47 - ERROR - Erro ao obter precisão para SOL/USDT: binance markets not loaded
2025-01-14 18:51:47 - ERROR - Erro ao obter precisão para XRP/USDT: binance markets not loaded
2025-01-14 18:51:47 - ERROR - Erro ao obter precisão para ADA/USDT: binance markets not loaded
2025-01-14 18:51:47 - ERROR - Erro ao obter precisão para BTC/USDT: binance markets not loaded
2025-01-14 18:51:47 - ERROR - Erro ao obter precisão para ETH/USDT: binance markets not loaded
2025-01-14 18:51:47 - ERROR - Erro ao obter precisão para SOL/USDT: binance markets not loaded
2025-01-14 18:51:47 - ERROR - Erro ao obter precisão para XRP/USDT: binance markets not loaded
2025-01-14 18:51:48 - ERROR - Erro ao obter precisão para ADA/USDT: binance markets not loaded
2025-01-14 18:51:48 - ERROR - Erro ao obter precisão para BTC/USDT: binance markets not loaded
2025-01-14 18:51:48 - ERROR - Erro ao obter precisão para ETH/USDT: binance markets not loaded
2025-01-14 18:51:48 - ERROR - Erro ao obter precisão para SOL/USDT: binance markets not loaded
2025-01-14 18:51:48 - ERROR - Erro ao obter precisão para XRP/USDT: binance markets not loaded
2025-01-14 18:51:48 - ERROR - Erro ao obter precisão para ADA/USDT: binance markets not loaded
2025-01-14 18:51:48 - ERROR - Erro ao obter precisão para BTC/USDT: binance markets not loaded
2025-01-14 18:51:48 - ERROR - Erro ao obter precisão para ETH/USDT: binance markets not loaded
2025-01-14 18:51:48 - ERROR - Erro ao obter precisão para SOL/USDT: binance markets not loaded
2025-01-14 18:51:48 - ERROR - Erro ao obter precisão para XRP/USDT: binance markets not loaded
2025-01-14 18:51:48 - ERROR - Erro ao obter precisão para ADA/USDT: binance markets not loaded
2025-01-14 18:51:48 - ERROR - Erro ao obter precisão para BTC/USDT: binance markets not loaded
2025-01-14 18:51:48 - ERROR - Erro ao obter precisão para ETH/USDT: binance markets not loaded
2025-01-14 18:51:48 - ERROR - Erro ao obter precisão para SOL/USDT: binance markets not loaded
2025-01-14 18:51:48 - ERROR - Erro ao obter precisão para XRP/USDT: binance markets not loaded
2025-01-14 18:51:49 - ERROR - Erro ao obter precisão para ADA/USDT: binance markets not loaded
2025-01-14 18:51:49 - ERROR - Erro ao obter precisão para BTC/USDT: binance markets not loaded
2025-01-14 18:51:49 - ERROR - Erro ao obter precisão para ETH/USDT: binance markets not loaded
2025-01-14 18:51:49 - ERROR - Erro ao obter precisão para SOL/USDT: binance markets not loaded
2025-01-14 18:51:49 - ERROR - Erro ao obter precisão para XRP/USDT: binance markets not loaded
2025-01-14 18:51:49 - ERROR - Erro ao obter precisão para ADA/USDT: binance markets not loaded
2025-01-14 18:51:49 - ERROR - Erro ao obter precisão para BTC/USDT: binance markets not loaded
2025-01-14 18:51:49 - ERROR - Erro ao obter precisão para ETH/USDT: binance markets not loaded
2025-01-14 18:51:49 - ERROR - Erro ao obter precisão para SOL/USDT: binance markets not loaded
2025-01-14 18:51:49 - ERROR - Erro ao obter precisão para XRP/USDT: binance markets not loaded
2025-01-14 18:51:50 - ERROR - Erro ao obter precisão para ADA/USDT: binance markets not loaded
2025-01-14 18:51:50 - ERROR - Erro ao obter precisão para BTC/USDT: binance markets not loaded
2025-01-14 18:51:50 - ERROR - Erro ao obter precisão para ETH/USDT: binance markets not loaded
2025-01-14 18:51:50 - ERROR - Erro ao obter precisão para SOL/USDT: binance markets not loaded
2025-01-14 18:51:50 - ERROR - Erro ao obter precisão para XRP/USDT: binance markets not loaded
2025-01-14 18:51:50 - ERROR - Erro ao obter precisão para ADA/USDT: binance markets not loaded
2025-01-14 18:51:50 - ERROR - Erro ao obter precisão para BTC/USDT: binance markets not loaded
2025-01-14 18:51:50 - ERROR - Erro ao obter precisão para ETH/USDT: binance markets not loaded
2025-01-14 18:51:50 - ERROR - Erro ao obter precisão para SOL/USDT: binance markets not loaded
2025-01-14 18:51:50 - ERROR - Erro ao obter precisão para XRP/USDT: binance markets not loaded
2025-01-14 18:51:51 - ERROR - Erro ao obter precisão para ADA/USDT: binance markets not loaded
2025-01-14 18:51:51 - ERROR - Erro ao obter precisão para BTC/USDT: binance markets not loaded
2025-01-14 18:51:51 - ERROR - Erro ao obter precisão para ETH/USDT: binance markets not loaded
2025-01-14 18:51:51 - ERROR - Erro ao obter precisão para SOL/USDT: binance markets not loaded
2025-01-14 18:51:51 - ERROR - Erro ao obter precisão para XRP/USDT: binance markets not loaded
2025-01-14 18:51:51 - ERROR - Erro ao obter precisão para ADA/USDT: binance markets not loaded
2025-01-14 18:51:51 - ERROR - Erro ao obter precisão para BTC/USDT: binance markets not loaded
2025-01-14 18:51:51 - ERROR - Erro ao obter precisão para ETH/USDT: binance markets not loaded
2025-01-14 18:51:51 - ERROR - Erro ao obter precisão para SOL/USDT: binance markets not loaded
2025-01-14 18:51:51 - ERROR - Erro ao obter precisão para XRP/USDT: binance markets not loaded
2025-01-14 18:51:52 - ERROR - Erro ao obter precisão para ADA/USDT: binance markets not loaded
2025-01-14 18:51:52 - ERROR - Erro ao obter precisão para BTC/USDT: binance markets not loaded
2025-01-14 18:51:52 - ERROR - Erro ao obter precisão para ETH/USDT: binance markets not loaded
2025-01-14 18:51:52 - ERROR - Erro ao obter precisão para SOL/USDT: binance markets not loaded
2025-01-14 18:51:52 - ERROR - Erro ao obter precisão para XRP/USDT: binance markets not loaded
2025-01-14 18:51:52 - ERROR - Erro ao obter precisão para ADA/USDT: binance markets not loaded
2025-01-14 18:51:52 - ERROR - Erro ao obter precisão para BTC/USDT: binance markets not loaded
2025-01-14 18:51:52 - ERROR - Erro ao obter precisão para ETH/USDT: binance markets not loaded
2025-01-14 18:51:52 - ERROR - Erro ao obter precisão para SOL/USDT: binance markets not loaded
2025-01-14 18:51:52 - ERROR - Erro ao obter precisão para XRP/USDT: binance markets not loaded
2025-01-14 18:51:52 - ERROR - Erro ao obter precisão para ADA/USDT: binance markets not loaded
2025-01-14 18:51:52 - ERROR - Erro ao obter precisão para BTC/USDT: binance markets not loaded
2025-01-14 18:51:52 - ERROR - Erro ao obter precisão para ETH/USDT: binance markets not loaded
2025-01-14 18:51:52 - ERROR - Erro ao obter precisão para SOL/USDT: binance markets not loaded
2025-01-14 18:51:52 - ERROR - Erro ao obter precisão para XRP/USDT: binance markets not loaded
2025-01-14 18:51:53 - ERROR - Erro ao obter precisão para ADA/USDT: binance markets not loaded
2025-01-14 18:51:53 - ERROR - Erro ao obter precisão para BTC/USDT: binance markets not loaded
2025-01-14 18:51:53 - ERROR - Erro ao obter precisão para ETH/USDT: binance markets not loaded
2025-01-14 18:51:53 - ERROR - Erro ao obter precisão para SOL/USDT: binance markets not loaded
2025-01-14 18:51:53 - ERROR - Erro ao obter precisão para XRP/USDT: binance markets not loaded
2025-01-14 18:51:53 - ERROR - Erro ao obter precisão para ADA/USDT: binance markets not loaded
2025-01-14 18:51:53 - ERROR - Erro ao obter precisão para BTC/USDT: binance markets not loaded
2025-01-14 18:51:53 - ERROR - Erro ao obter precisão para ETH/USDT: binance markets not loaded
2025-01-14 18:51:53 - ERROR - Erro ao obter precisão para SOL/USDT: binance markets not loaded
2025-01-14 18:51:53 - ERROR - Erro ao obter precisão para XRP/USDT: binance markets not loaded
2025-01-14 18:51:54 - ERROR - Erro ao obter precisão para ADA/USDT: binance markets not loaded
2025-01-14 18:51:54 - ERROR - Erro ao obter precisão para BTC/USDT: binance markets not loaded
2025-01-14 18:51:54 - ERROR - Erro ao obter precisão para ETH/USDT: binance markets not loaded
2025-01-14 18:51:54 - ERROR - Erro ao obter precisão para SOL/USDT: binance markets not loaded
2025-01-14 18:51:54 - ERROR - Erro ao obter precisão para XRP/USDT: binance markets not loaded
2025-01-14 18:51:54 - ERROR - Erro ao obter precisão para ADA/USDT: binance markets not loaded
2025-01-14 18:51:54 - ERROR - Erro ao obter precisão para BTC/USDT: binance markets not loaded
2025-01-14 18:51:54 - ERROR - Erro ao obter precisão para ETH/USDT: binance markets not loaded
2025-01-14 18:51:54 - ERROR - Erro ao obter precisão para SOL/USDT: binance markets not loaded
2025-01-14 18:51:54 - ERROR - Erro ao obter precisão para XRP/USDT: binance markets not loaded
2025-01-14 18:51:55 - ERROR - Erro ao obter precisão para ADA/USDT: binance markets not loaded
2025-01-14 18:51:55 - ERROR - Erro ao obter precisão para BTC/USDT: binance markets not loaded
2025-01-14 18:51:55 - ERROR - Erro ao obter precisão para ETH/USDT: binance markets not loaded
2025-01-14 18:51:55 - ERROR - Erro ao obter precisão para SOL/USDT: binance markets not loaded
2025-01-14 18:51:55 - ERROR - Erro ao obter precisão para XRP/USDT: binance markets not loaded
2025-01-14 18:51:55 - ERROR - Erro ao obter precisão para ADA/USDT: binance markets not loaded
2025-01-14 18:51:55 - ERROR - Erro ao obter precisão para BTC/USDT: binance markets not loaded
2025-01-14 18:51:55 - ERROR - Erro ao obter precisão para ETH/USDT: binance markets not loaded
2025-01-14 18:51:55 - ERROR - Erro ao obter precisão para SOL/USDT: binance markets not loaded
2025-01-14 18:51:55 - ERROR - Erro ao obter precisão para XRP/USDT: binance markets not loaded
2025-01-14 18:51:55 - ERROR - Erro ao obter precisão para ADA/USDT: binance markets not loaded
2025-01-14 18:51:55 - ERROR - Erro ao obter precisão para BTC/USDT: binance markets not loaded
2025-01-14 18:51:55 - ERROR - Erro ao obter precisão para ETH/USDT: binance markets not loaded
2025-01-14 18:51:55 - ERROR - Erro ao obter precisão para SOL/USDT: binance markets not loaded
2025-01-14 18:51:55 - ERROR - Erro ao obter precisão para XRP/USDT: binance markets not loaded
2025-01-14 18:51:56 - ERROR - Erro ao obter precisão para ADA/USDT: binance markets not loaded
2025-01-14 18:51:56 - ERROR - Erro ao obter precisão para BTC/USDT: binance markets not loaded
2025-01-14 18:51:56 - ERROR - Erro ao obter precisão para ETH/USDT: binance markets not loaded
2025-01-14 18:51:56 - ERROR - Erro ao obter precisão para SOL/USDT: binance markets not loaded
2025-01-14 18:51:56 - ERROR - Erro ao obter precisão para XRP/USDT: binance markets not loaded
2025-01-14 18:51:56 - ERROR - Erro ao obter precisão para ADA/USDT: binance markets not loaded
2025-01-14 18:51:56 - ERROR - Erro ao obter precisão para BTC/USDT: binance markets not loaded
2025-01-14 18:51:56 - ERROR - Erro ao obter precisão para ETH/USDT: binance markets not loaded
2025-01-14 18:51:56 - ERROR - Erro ao obter precisão para SOL/USDT: binance markets not loaded
2025-01-14 18:51:56 - ERROR - Erro ao obter precisão para XRP/USDT: binance markets not loaded
2025-01-14 18:51:57 - ERROR - Erro ao obter precisão para ADA/USDT: binance markets not loaded
2025-01-14 18:51:57 - ERROR - Erro ao obter precisão para BTC/USDT: binance markets not loaded
2025-01-14 18:51:57 - ERROR - Erro ao obter precisão para ETH/USDT: binance markets not loaded
2025-01-14 18:51:57 - ERROR - Erro ao obter precisão para SOL/USDT: binance markets not loaded
2025-01-14 18:51:57 - ERROR - Erro ao obter precisão para XRP/USDT: binance markets not loaded
2025-01-14 18:51:57 - ERROR - Erro ao obter precisão para ADA/USDT: binance markets not loaded
2025-01-14 18:51:57 - ERROR - Erro ao obter precisão para BTC/USDT: binance markets not loaded
2025-01-14 18:51:57 - ERROR - Erro ao obter precisão para ETH/USDT: binance markets not loaded
2025-01-14 18:51:57 - ERROR - Erro ao obter precisão para SOL/USDT: binance markets not loaded
2025-01-14 18:51:57 - ERROR - Erro ao obter precisão para XRP/USDT: binance markets not loaded
2025-01-14 18:51:58 - ERROR - Erro ao obter precisão para ADA/USDT: binance markets not loaded
2025-01-14 18:51:58 - ERROR - Erro ao obter precisão para BTC/USDT: binance markets not loaded
2025-01-14 18:51:58 - ERROR - Erro ao obter precisão para ETH/USDT: binance markets not loaded
2025-01-14 18:51:58 - ERROR - Erro ao obter precisão para SOL/USDT: binance markets not loaded
2025-01-14 18:51:58 - ERROR - Erro ao obter precisão para XRP/USDT: binance markets not loaded
2025-01-14 18:51:58 - ERROR - Erro ao obter precisão para ADA/USDT: binance markets not loaded
2025-01-14 18:51:58 - ERROR - Erro ao obter precisão para BTC/USDT: binance markets not loaded
2025-01-14 18:51:58 - ERROR - Erro ao obter precisão para ETH/USDT: binance markets not loaded
2025-01-14 18:51:58 - ERROR - Erro ao obter precisão para SOL/USDT: binance markets not loaded
2025-01-14 18:51:58 - ERROR - Erro ao obter precisão para XRP/USDT: binance markets not loaded
2025-01-14 18:51:58 - ERROR - Erro ao obter precisão para ADA/USDT: binance markets not loaded
2025-01-14 18:51:58 - ERROR - Erro ao obter precisão para BTC/USDT: binance markets not loaded
2025-01-14 18:51:58 - ERROR - Erro ao obter precisão para ETH/USDT: binance markets not loaded
2025-01-14 18:51:58 - ERROR - Erro ao obter precisão para SOL/USDT: binance markets not loaded
2025-01-14 18:51:58 - ERROR - Erro ao obter precisão para XRP/USDT: binance markets not loaded
2025-01-14 18:51:59 - ERROR - Erro ao obter precisão para ADA/USDT: binance markets not loaded
2025-01-14 18:51:59 - ERROR - Erro ao obter precisão para BTC/USDT: binance markets not loaded
2025-01-14 18:51:59 - ERROR - Erro ao obter precisão para ETH/USDT: binance markets not loaded
2025-01-14 18:51:59 - ERROR - Erro ao obter precisão para SOL/USDT: binance markets not loaded
2025-01-14 18:51:59 - ERROR - Erro ao obter precisão para XRP/USDT: binance markets not loaded
2025-01-14 18:51:59 - ERROR - Erro ao obter precisão para ADA/USDT: binance markets not loaded
2025-01-14 18:51:59 - ERROR - Erro ao obter precisão para BTC/USDT: binance markets not loaded
2025-01-14 18:51:59 - ERROR - Erro ao obter precisão para ETH/USDT: binance markets not loaded
2025-01-14 18:51:59 - ERROR - Erro ao obter precisão para SOL/USDT: binance markets not loaded
2025-01-14 18:51:59 - ERROR - Erro ao obter precisão para XRP/USDT: binance markets not loaded
2025-01-14 18:52:00 - ERROR - Erro ao obter precisão para ADA/USDT: binance markets not loaded
2025-01-14 18:52:00 - ERROR - Erro ao obter precisão para BTC/USDT: binance markets not loaded
2025-01-14 18:52:00 - ERROR - Erro ao obter precisão para ETH/USDT: binance markets not loaded
2025-01-14 18:52:00 - ERROR - Erro ao obter precisão para SOL/USDT: binance markets not loaded
2025-01-14 18:52:00 - ERROR - Erro ao obter precisão para XRP/USDT: binance markets not loaded
2025-01-14 18:52:00 - ERROR - Erro ao obter precisão para ADA/USDT: binance markets not loaded
2025-01-14 18:52:00 - ERROR - Erro ao obter precisão para BTC/USDT: binance markets not loaded
2025-01-14 18:52:00 - ERROR - Erro ao obter precisão para ETH/USDT: binance markets not loaded
2025-01-14 18:52:00 - ERROR - Erro ao obter precisão para SOL/USDT: binance markets not loaded
2025-01-14 18:52:00 - ERROR - Erro ao obter precisão para XRP/USDT: binance markets not loaded
2025-01-14 18:52:01 - ERROR - Erro ao obter precisão para ADA/USDT: binance markets not loaded
2025-01-14 18:52:01 - ERROR - Erro ao obter precisão para BTC/USDT: binance markets not loaded
2025-01-14 18:52:01 - ERROR - Erro ao obter precisão para ETH/USDT: binance markets not loaded
2025-01-14 18:52:01 - ERROR - Erro ao obter precisão para SOL/USDT: binance markets not loaded
2025-01-14 18:52:01 - ERROR - Erro ao obter precisão para XRP/USDT: binance markets not loaded
2025-01-14 18:52:01 - ERROR - Erro ao obter precisão para ADA/USDT: binance markets not loaded
2025-01-14 18:52:01 - ERROR - Erro ao obter precisão para BTC/USDT: binance markets not loaded
2025-01-14 18:52:01 - ERROR - Erro ao obter precisão para ETH/USDT: binance markets not loaded
2025-01-14 18:52:01 - ERROR - Erro ao obter precisão para SOL/USDT: binance markets not loaded
2025-01-14 18:52:01 - ERROR - Erro ao obter precisão para XRP/USDT: binance markets not loaded
2025-01-14 18:52:01 - ERROR - Erro ao obter precisão para ADA/USDT: binance markets not loaded
2025-01-14 18:52:01 - ERROR - Erro ao obter precisão para BTC/USDT: binance markets not loaded
2025-01-14 18:52:01 - ERROR - Erro ao obter precisão para ETH/USDT: binance markets not loaded
2025-01-14 18:52:01 - ERROR - Erro ao obter precisão para SOL/USDT: binance markets not loaded
2025-01-14 18:52:01 - ERROR - Erro ao obter precisão para XRP/USDT: binance markets not loaded
2025-01-14 18:52:02 - ERROR - Erro ao obter precisão para ADA/USDT: binance markets not loaded
2025-01-14 18:52:02 - ERROR - Erro ao obter precisão para BTC/USDT: binance markets not loaded
2025-01-14 18:52:02 - ERROR - Erro ao obter precisão para ETH/USDT: binance markets not loaded
2025-01-14 18:52:02 - ERROR - Erro ao obter precisão para SOL/USDT: binance markets not loaded
2025-01-14 18:52:02 - ERROR - Erro ao obter precisão para XRP/USDT: binance markets not loaded
2025-01-14 18:52:02 - ERROR - Erro ao obter precisão para ADA/USDT: binance markets not loaded
2025-01-14 18:52:02 - ERROR - Erro ao obter precisão para BTC/USDT: binance markets not loaded
2025-01-14 18:52:02 - ERROR - Erro ao obter precisão para ETH/USDT: binance markets not loaded
2025-01-14 18:52:02 - ERROR - Erro ao obter precisão para SOL/USDT: binance markets not loaded
2025-01-14 18:52:02 - ERROR - Erro ao obter precisão para XRP/USDT: binance markets not loaded
2025-01-14 18:52:03 - ERROR - Erro ao obter precisão para ADA/USDT: binance markets not loaded
2025-01-14 18:52:03 - ERROR - Erro ao obter precisão para BTC/USDT: binance markets not loaded
2025-01-14 18:52:03 - ERROR - Erro ao obter precisão para ETH/USDT: binance markets not loaded
2025-01-14 18:52:03 - ERROR - Erro ao obter precisão para SOL/USDT: binance markets not loaded
2025-01-14 18:52:03 - ERROR - Erro ao obter precisão para XRP/USDT: binance markets not loaded
2025-01-14 18:52:03 - ERROR - Erro ao obter precisão para ADA/USDT: binance markets not loaded
2025-01-14 18:52:03 - ERROR - Erro ao obter precisão para BTC/USDT: binance markets not loaded
2025-01-14 18:52:03 - ERROR - Erro ao obter precisão para ETH/USDT: binance markets not loaded
2025-01-14 18:52:03 - ERROR - Erro ao obter precisão para SOL/USDT: binance markets not loaded
2025-01-14 18:52:03 - ERROR - Erro ao obter precisão para XRP/USDT: binance markets not loaded
2025-01-14 18:52:04 - ERROR - Erro ao obter precisão para ADA/USDT: binance markets not loaded
2025-01-14 18:52:04 - ERROR - Erro ao obter precisão para BTC/USDT: binance markets not loaded
2025-01-14 18:52:04 - ERROR - Erro ao obter precisão para ETH/USDT: binance markets not loaded
2025-01-14 18:52:04 - ERROR - Erro ao obter precisão para SOL/USDT: binance markets not loaded
2025-01-14 18:52:04 - ERROR - Erro ao obter precisão para XRP/USDT: binance markets not loaded
2025-01-14 18:52:04 - ERROR - Erro ao obter precisão para ADA/USDT: binance markets not loaded
2025-01-14 18:52:04 - ERROR - Erro ao obter precisão para BTC/USDT: binance markets not loaded
2025-01-14 18:52:04 - ERROR - Erro ao obter precisão para ETH/USDT: binance markets not loaded
2025-01-14 18:52:04 - ERROR - Erro ao obter precisão para SOL/USDT: binance markets not loaded
2025-01-14 18:52:04 - ERROR - Erro ao obter precisão para XRP/USDT: binance markets not loaded
2025-01-14 18:52:04 - ERROR - Erro ao obter precisão para ADA/USDT: binance markets not loaded
2025-01-14 18:52:04 - ERROR - Erro ao obter precisão para BTC/USDT: binance markets not loaded
2025-01-14 18:52:04 - ERROR - Erro ao obter precisão para ETH/USDT: binance markets not loaded
2025-01-14 18:52:04 - ERROR - Erro ao obter precisão para SOL/USDT: binance markets not loaded
2025-01-14 18:52:04 - ERROR - Erro ao obter precisão para XRP/USDT: binance markets not loaded
2025-01-14 18:52:05 - ERROR - Erro ao obter precisão para ADA/USDT: binance markets not loaded
2025-01-14 18:52:05 - ERROR - Erro ao obter precisão para BTC/USDT: binance markets not loaded
2025-01-14 18:52:05 - ERROR - Erro ao obter precisão para ETH/USDT: binance markets not loaded
2025-01-14 18:52:05 - ERROR - Erro ao obter precisão para SOL/USDT: binance markets not loaded
2025-01-14 18:52:05 - ERROR - Erro ao obter precisão para XRP/USDT: binance markets not loaded
2025-01-14 18:52:05 - ERROR - Erro ao obter precisão para ADA/USDT: binance markets not loaded
2025-01-14 18:52:05 - ERROR - Erro ao obter precisão para BTC/USDT: binance markets not loaded
2025-01-14 18:52:05 - ERROR - Erro ao obter precisão para ETH/USDT: binance markets not loaded
2025-01-14 18:52:05 - ERROR - Erro ao obter precisão para SOL/USDT: binance markets not loaded
2025-01-14 18:52:05 - ERROR - Erro ao obter precisão para XRP/USDT: binance markets not loaded
2025-01-14 18:52:06 - ERROR - Erro ao obter precisão para ADA/USDT: binance markets not loaded
2025-01-14 18:52:06 - ERROR - Erro ao obter precisão para BTC/USDT: binance markets not loaded
2025-01-14 18:52:06 - ERROR - Erro ao obter precisão para ETH/USDT: binance markets not loaded
2025-01-14 18:52:06 - ERROR - Erro ao obter precisão para SOL/USDT: binance markets not loaded
2025-01-14 18:52:06 - ERROR - Erro ao obter precisão para XRP/USDT: binance markets not loaded
2025-01-14 18:52:06 - ERROR - Erro ao obter precisão para ADA/USDT: binance markets not loaded
2025-01-14 18:52:06 - ERROR - Erro ao obter precisão para BTC/USDT: binance markets not loaded
2025-01-14 18:52:06 - ERROR - Erro ao obter precisão para ETH/USDT: binance markets not loaded
2025-01-14 18:52:06 - ERROR - Erro ao obter precisão para SOL/USDT: binance markets not loaded
2025-01-14 18:52:06 - ERROR - Erro ao obter precisão para XRP/USDT: binance markets not loaded
2025-01-14 18:52:07 - ERROR - Erro ao obter precisão para ADA/USDT: binance markets not loaded
2025-01-14 18:52:07 - ERROR - Erro ao obter precisão para BTC/USDT: binance markets not loaded
2025-01-14 18:52:07 - ERROR - Erro ao obter precisão para ETH/USDT: binance markets not loaded
2025-01-14 18:52:07 - ERROR - Erro ao obter precisão para SOL/USDT: binance markets not loaded
2025-01-14 18:52:07 - ERROR - Erro ao obter precisão para XRP/USDT: binance markets not loaded
2025-01-14 18:52:07 - ERROR - Erro ao obter precisão para ADA/USDT: binance markets not loaded
2025-01-14 18:52:07 - ERROR - Erro ao obter precisão para BTC/USDT: binance markets not loaded
2025-01-14 18:52:07 - ERROR - Erro ao obter precisão para ETH/USDT: binance markets not loaded
2025-01-14 18:52:07 - ERROR - Erro ao obter precisão para SOL/USDT: binance markets not loaded
2025-01-14 18:52:07 - ERROR - Erro ao obter precisão para XRP/USDT: binance markets not loaded
2025-01-14 18:52:07 - ERROR - Erro ao obter precisão para ADA/USDT: binance markets not loaded
2025-01-14 18:52:07 - ERROR - Erro ao obter precisão para BTC/USDT: binance markets not loaded
2025-01-14 18:52:07 - ERROR - Erro ao obter precisão para ETH/USDT: binance markets not loaded
2025-01-14 18:52:07 - ERROR - Erro ao obter precisão para SOL/USDT: binance markets not loaded
2025-01-14 18:52:07 - ERROR - Erro ao obter precisão para XRP/USDT: binance markets not loaded
2025-01-14 18:52:08 - ERROR - Erro ao obter precisão para ADA/USDT: binance markets not loaded
2025-01-14 18:52:08 - ERROR - Erro ao obter precisão para BTC/USDT: binance markets not loaded
2025-01-14 18:52:08 - ERROR - Erro ao obter precisão para ETH/USDT: binance markets not loaded
2025-01-14 18:52:08 - ERROR - Erro ao obter precisão para SOL/USDT: binance markets not loaded
2025-01-14 18:52:08 - ERROR - Erro ao obter precisão para XRP/USDT: binance markets not loaded
2025-01-14 18:52:08 - ERROR - Erro ao obter precisão para ADA/USDT: binance markets not loaded
2025-01-14 18:52:08 - ERROR - Erro ao obter precisão para BTC/USDT: binance markets not loaded
2025-01-14 18:52:08 - ERROR - Erro ao obter precisão para ETH/USDT: binance markets not loaded
2025-01-14 18:52:08 - ERROR - Erro ao obter precisão para SOL/USDT: binance markets not loaded
2025-01-14 18:52:08 - ERROR - Erro ao obter precisão para XRP/USDT: binance markets not loaded
2025-01-14 18:52:09 - ERROR - Erro ao obter precisão para ADA/USDT: binance markets not loaded
2025-01-14 18:52:09 - ERROR - Erro ao obter precisão para BTC/USDT: binance markets not loaded
2025-01-14 18:52:09 - ERROR - Erro ao obter precisão para ETH/USDT: binance markets not loaded
2025-01-14 18:52:09 - ERROR - Erro ao obter precisão para SOL/USDT: binance markets not loaded
2025-01-14 18:52:09 - ERROR - Erro ao obter precisão para XRP/USDT: binance markets not loaded
2025-01-14 18:52:09 - ERROR - Erro ao obter precisão para ADA/USDT: binance markets not loaded
2025-01-14 18:52:09 - ERROR - Erro ao obter precisão para BTC/USDT: binance markets not loaded
2025-01-14 18:52:09 - ERROR - Erro ao obter precisão para ETH/USDT: binance markets not loaded
2025-01-14 18:52:09 - ERROR - Erro ao obter precisão para SOL/USDT: binance markets not loaded
2025-01-14 18:52:09 - ERROR - Erro ao obter precisão para XRP/USDT: binance markets not loaded
2025-01-14 18:52:10 - ERROR - Erro ao obter precisão para ADA/USDT: binance markets not loaded
2025-01-14 18:52:10 - ERROR - Erro ao obter precisão para BTC/USDT: binance markets not loaded
2025-01-14 18:52:10 - ERROR - Erro ao obter precisão para ETH/USDT: binance markets not loaded
2025-01-14 18:52:10 - ERROR - Erro ao obter precisão para SOL/USDT: binance markets not loaded
2025-01-14 18:52:10 - ERROR - Erro ao obter precisão para XRP/USDT: binance markets not loaded
2025-01-14 18:52:10 - ERROR - Erro ao obter precisão para ADA/USDT: binance markets not loaded
2025-01-14 18:52:10 - ERROR - Erro ao obter precisão para BTC/USDT: binance markets not loaded
2025-01-14 18:52:10 - ERROR - Erro ao obter precisão para ETH/USDT: binance markets not loaded
2025-01-14 18:52:10 - ERROR - Erro ao obter precisão para SOL/USDT: binance markets not loaded
2025-01-14 18:52:10 - ERROR - Erro ao obter precisão para XRP/USDT: binance markets not loaded
2025-01-14 18:52:10 - ERROR - Erro ao obter precisão para ADA/USDT: binance markets not loaded
2025-01-14 18:52:10 - ERROR - Erro ao obter precisão para BTC/USDT: binance markets not loaded
2025-01-14 18:52:10 - ERROR - Erro ao obter precisão para ETH/USDT: binance markets not loaded
2025-01-14 18:52:10 - ERROR - Erro ao obter precisão para SOL/USDT: binance markets not loaded
2025-01-14 18:52:10 - ERROR - Erro ao obter precisão para XRP/USDT: binance markets not loaded
2025-01-14 18:52:11 - ERROR - Erro ao obter precisão para ADA/USDT: binance markets not loaded
2025-01-14 18:52:11 - ERROR - Erro ao obter precisão para BTC/USDT: binance markets not loaded
2025-01-14 18:52:11 - ERROR - Erro ao obter precisão para ETH/USDT: binance markets not loaded
2025-01-14 18:52:11 - ERROR - Erro ao obter precisão para SOL/USDT: binance markets not loaded
2025-01-14 18:52:11 - ERROR - Erro ao obter precisão para XRP/USDT: binance markets not loaded
2025-01-14 18:52:11 - ERROR - Erro ao obter precisão para ADA/USDT: binance markets not loaded
2025-01-14 18:52:11 - ERROR - Erro ao obter precisão para BTC/USDT: binance markets not loaded
2025-01-14 18:52:11 - ERROR - Erro ao obter precisão para ETH/USDT: binance markets not loaded
2025-01-14 18:52:11 - ERROR - Erro ao obter precisão para SOL/USDT: binance markets not loaded
2025-01-14 18:52:11 - ERROR - Erro ao obter precisão para XRP/USDT: binance markets not loaded
2025-01-14 18:52:12 - ERROR - Erro ao obter precisão para ADA/USDT: binance markets not loaded
2025-01-14 18:52:12 - ERROR - Erro ao obter precisão para BTC/USDT: binance markets not loaded
2025-01-14 18:52:12 - ERROR - Erro ao obter precisão para ETH/USDT: binance markets not loaded
2025-01-14 18:52:12 - ERROR - Erro ao obter precisão para SOL/USDT: binance markets not loaded
2025-01-14 18:52:12 - ERROR - Erro ao obter precisão para XRP/USDT: binance markets not loaded
2025-01-14 18:52:12 - ERROR - Erro ao obter precisão para ADA/USDT: binance markets not loaded
2025-01-14 18:52:12 - ERROR - Erro ao obter precisão para BTC/USDT: binance markets not loaded
2025-01-14 18:52:12 - ERROR - Erro ao obter precisão para ETH/USDT: binance markets not loaded
2025-01-14 18:52:12 - ERROR - Erro ao obter precisão para SOL/USDT: binance markets not loaded
2025-01-14 18:52:12 - ERROR - Erro ao obter precisão para XRP/USDT: binance markets not loaded
2025-01-14 18:52:13 - ERROR - Erro ao obter precisão para ADA/USDT: binance markets not loaded
2025-01-14 18:52:13 - ERROR - Erro ao obter precisão para BTC/USDT: binance markets not loaded
2025-01-14 18:52:13 - ERROR - Erro ao obter precisão para ETH/USDT: binance markets not loaded
2025-01-14 18:52:13 - ERROR - Erro ao obter precisão para SOL/USDT: binance markets not loaded
2025-01-14 18:52:13 - ERROR - Erro ao obter precisão para XRP/USDT: binance markets not loaded
2025-01-14 18:52:13 - ERROR - Erro ao obter precisão para ADA/USDT: binance markets not loaded
2025-01-14 18:52:13 - ERROR - Erro ao obter precisão para BTC/USDT: binance markets not loaded
2025-01-14 18:52:13 - ERROR - Erro ao obter precisão para ETH/USDT: binance markets not loaded
2025-01-14 18:52:13 - ERROR - Erro ao obter precisão para SOL/USDT: binance markets not loaded
2025-01-14 18:52:13 - ERROR - Erro ao obter precisão para XRP/USDT: binance markets not loaded
2025-01-14 18:52:13 - ERROR - Erro ao obter precisão para ADA/USDT: binance markets not loaded
2025-01-14 18:52:13 - ERROR - Erro ao obter precisão para BTC/USDT: binance markets not loaded
2025-01-14 18:52:13 - ERROR - Erro ao obter precisão para ETH/USDT: binance markets not loaded
2025-01-14 18:52:13 - ERROR - Erro ao obter precisão para SOL/USDT: binance markets not loaded
2025-01-14 18:52:13 - ERROR - Erro ao obter precisão para XRP/USDT: binance markets not loaded
2025-01-14 18:52:14 - ERROR - Erro ao obter precisão para ADA/USDT: binance markets not loaded
2025-01-14 18:52:14 - ERROR - Erro ao obter precisão para BTC/USDT: binance markets not loaded
2025-01-14 18:52:14 - ERROR - Erro ao obter precisão para ETH/USDT: binance markets not loaded
2025-01-14 18:52:14 - ERROR - Erro ao obter precisão para SOL/USDT: binance markets not loaded
2025-01-14 18:52:14 - ERROR - Erro ao obter precisão para XRP/USDT: binance markets not loaded
2025-01-14 18:52:14 - ERROR - Erro ao obter precisão para ADA/USDT: binance markets not loaded
2025-01-14 18:52:14 - ERROR - Erro ao obter precisão para BTC/USDT: binance markets not loaded
2025-01-14 18:52:14 - ERROR - Erro ao obter precisão para ETH/USDT: binance markets not loaded
2025-01-14 18:52:14 - ERROR - Erro ao obter precisão para SOL/USDT: binance markets not loaded
2025-01-14 18:52:14 - ERROR - Erro ao obter precisão para XRP/USDT: binance markets not loaded
2025-01-14 18:52:15 - ERROR - Erro ao obter precisão para ADA/USDT: binance markets not loaded
2025-01-14 18:52:15 - ERROR - Erro ao obter precisão para BTC/USDT: binance markets not loaded
2025-01-14 18:52:15 - ERROR - Erro ao obter precisão para ETH/USDT: binance markets not loaded
2025-01-14 18:52:15 - ERROR - Erro ao obter precisão para SOL/USDT: binance markets not loaded
2025-01-14 18:52:15 - ERROR - Erro ao obter precisão para XRP/USDT: binance markets not loaded
2025-01-14 18:52:15 - ERROR - Erro ao obter precisão para ADA/USDT: binance markets not loaded
2025-01-14 18:52:15 - ERROR - Erro ao obter precisão para BTC/USDT: binance markets not loaded
2025-01-14 18:52:15 - ERROR - Erro ao obter precisão para ETH/USDT: binance markets not loaded
2025-01-14 18:52:15 - ERROR - Erro ao obter precisão para SOL/USDT: binance markets not loaded
2025-01-14 18:52:15 - ERROR - Erro ao obter precisão para XRP/USDT: binance markets not loaded
2025-01-14 18:52:16 - ERROR - Erro ao obter precisão para ADA/USDT: binance markets not loaded
2025-01-14 18:52:16 - ERROR - Erro ao obter precisão para BTC/USDT: binance markets not loaded
2025-01-14 18:52:16 - ERROR - Erro ao obter precisão para ETH/USDT: binance markets not loaded
2025-01-14 18:52:16 - ERROR - Erro ao obter precisão para SOL/USDT: binance markets not loaded
2025-01-14 18:52:16 - ERROR - Erro ao obter precisão para XRP/USDT: binance markets not loaded
2025-01-14 18:52:16 - ERROR - Erro ao obter precisão para ADA/USDT: binance markets not loaded
2025-01-14 18:52:16 - ERROR - Erro ao obter precisão para BTC/USDT: binance markets not loaded
2025-01-14 18:52:16 - ERROR - Erro ao obter precisão para ETH/USDT: binance markets not loaded
2025-01-14 18:52:16 - ERROR - Erro ao obter precisão para SOL/USDT: binance markets not loaded
2025-01-14 18:52:16 - ERROR - Erro ao obter precisão para XRP/USDT: binance markets not loaded
2025-01-14 18:52:16 - ERROR - Erro ao obter precisão para ADA/USDT: binance markets not loaded
2025-01-14 18:52:16 - ERROR - Erro ao obter precisão para BTC/USDT: binance markets not loaded
2025-01-14 18:52:16 - ERROR - Erro ao obter precisão para ETH/USDT: binance markets not loaded
2025-01-14 18:52:16 - ERROR - Erro ao obter precisão para SOL/USDT: binance markets not loaded
2025-01-14 18:52:16 - ERROR - Erro ao obter precisão para XRP/USDT: binance markets not loaded
2025-01-14 18:52:17 - ERROR - Erro ao obter precisão para ADA/USDT: binance markets not loaded
2025-01-14 18:52:17 - ERROR - Erro ao obter precisão para BTC/USDT: binance markets not loaded
2025-01-14 18:52:17 - ERROR - Erro ao obter precisão para ETH/USDT: binance markets not loaded
2025-01-14 18:52:17 - ERROR - Erro ao obter precisão para SOL/USDT: binance markets not loaded
2025-01-14 18:52:17 - ERROR - Erro ao obter precisão para XRP/USDT: binance markets not loaded
2025-01-14 18:52:17 - ERROR - Erro ao obter precisão para ADA/USDT: binance markets not loaded
2025-01-14 18:52:17 - ERROR - Erro ao obter precisão para BTC/USDT: binance markets not loaded
2025-01-14 18:52:17 - ERROR - Erro ao obter precisão para ETH/USDT: binance markets not loaded
2025-01-14 18:52:17 - ERROR - Erro ao obter precisão para SOL/USDT: binance markets not loaded
2025-01-14 18:52:17 - ERROR - Erro ao obter precisão para XRP/USDT: binance markets not loaded
2025-01-14 18:52:18 - ERROR - Erro ao obter precisão para ADA/USDT: binance markets not loaded
2025-01-14 18:52:18 - ERROR - Erro ao obter precisão para BTC/USDT: binance markets not loaded
2025-01-14 18:52:18 - ERROR - Erro ao obter precisão para ETH/USDT: binance markets not loaded
2025-01-14 18:52:18 - ERROR - Erro ao obter precisão para SOL/USDT: binance markets not loaded
2025-01-14 18:52:18 - ERROR - Erro ao obter precisão para XRP/USDT: binance markets not loaded
2025-01-14 18:52:18 - ERROR - Erro ao obter precisão para ADA/USDT: binance markets not loaded
2025-01-14 18:52:18 - ERROR - Erro ao obter precisão para BTC/USDT: binance markets not loaded
2025-01-14 18:52:18 - ERROR - Erro ao obter precisão para ETH/USDT: binance markets not loaded
2025-01-14 18:52:18 - ERROR - Erro ao obter precisão para SOL/USDT: binance markets not loaded
2025-01-14 18:52:18 - ERROR - Erro ao obter precisão para XRP/USDT: binance markets not loaded
2025-01-14 18:52:19 - ERROR - Erro ao obter precisão para ADA/USDT: binance markets not loaded
2025-01-14 18:52:19 - ERROR - Erro ao obter precisão para BTC/USDT: binance markets not loaded
2025-01-14 18:52:19 - ERROR - Erro ao obter precisão para ETH/USDT: binance markets not loaded
2025-01-14 18:52:19 - ERROR - Erro ao obter precisão para SOL/USDT: binance markets not loaded
2025-01-14 18:52:19 - ERROR - Erro ao obter precisão para XRP/USDT: binance markets not loaded
2025-01-14 18:52:19 - ERROR - Erro ao obter precisão para ADA/USDT: binance markets not loaded
2025-01-14 18:52:19 - ERROR - Erro ao obter precisão para BTC/USDT: binance markets not loaded
2025-01-14 18:52:19 - ERROR - Erro ao obter precisão para ETH/USDT: binance markets not loaded
2025-01-14 18:52:19 - ERROR - Erro ao obter precisão para SOL/USDT: binance markets not loaded
2025-01-14 18:52:19 - ERROR - Erro ao obter precisão para XRP/USDT: binance markets not loaded
2025-01-14 18:52:19 - ERROR - Erro ao obter precisão para ADA/USDT: binance markets not loaded
2025-01-14 18:52:19 - ERROR - Erro ao obter precisão para BTC/USDT: binance markets not loaded
2025-01-14 18:52:19 - ERROR - Erro ao obter precisão para ETH/USDT: binance markets not loaded
2025-01-14 18:52:19 - ERROR - Erro ao obter precisão para SOL/USDT: binance markets not loaded
2025-01-14 18:52:19 - ERROR - Erro ao obter precisão para XRP/USDT: binance markets not loaded
2025-01-14 18:52:20 - ERROR - Erro ao obter precisão para ADA/USDT: binance markets not loaded
2025-01-14 18:52:20 - ERROR - Erro ao obter precisão para BTC/USDT: binance markets not loaded
2025-01-14 18:52:20 - ERROR - Erro ao obter precisão para ETH/USDT: binance markets not loaded
2025-01-14 18:52:20 - ERROR - Erro ao obter precisão para SOL/USDT: binance markets not loaded
2025-01-14 18:52:20 - ERROR - Erro ao obter precisão para XRP/USDT: binance markets not loaded
2025-01-14 18:52:20 - ERROR - Erro ao obter precisão para ADA/USDT: binance markets not loaded
2025-01-14 18:52:20 - ERROR - Erro ao obter precisão para BTC/USDT: binance markets not loaded
2025-01-14 18:52:20 - ERROR - Erro ao obter precisão para ETH/USDT: binance markets not loaded
2025-01-14 18:52:20 - ERROR - Erro ao obter precisão para SOL/USDT: binance markets not loaded
2025-01-14 18:52:20 - ERROR - Erro ao obter precisão para XRP/USDT: binance markets not loaded
2025-01-14 18:52:21 - ERROR - Erro ao obter precisão para ADA/USDT: binance markets not loaded
2025-01-14 18:52:21 - ERROR - Erro ao obter precisão para BTC/USDT: binance markets not loaded
2025-01-14 18:52:21 - ERROR - Erro ao obter precisão para ETH/USDT: binance markets not loaded
2025-01-14 18:52:21 - ERROR - Erro ao obter precisão para SOL/USDT: binance markets not loaded
2025-01-14 18:52:21 - ERROR - Erro ao obter precisão para XRP/USDT: binance markets not loaded
2025-01-14 18:52:21 - ERROR - Erro ao obter precisão para ADA/USDT: binance markets not loaded
2025-01-14 18:52:21 - ERROR - Erro ao obter precisão para BTC/USDT: binance markets not loaded
2025-01-14 18:52:21 - ERROR - Erro ao obter precisão para ETH/USDT: binance markets not loaded
2025-01-14 18:52:21 - ERROR - Erro ao obter precisão para SOL/USDT: binance markets not loaded
2025-01-14 18:52:21 - ERROR - Erro ao obter precisão para XRP/USDT: binance markets not loaded
2025-01-14 18:52:22 - ERROR - Erro ao obter precisão para ADA/USDT: binance markets not loaded
2025-01-14 18:52:22 - ERROR - Erro ao obter precisão para BTC/USDT: binance markets not loaded
2025-01-14 18:52:22 - ERROR - Erro ao obter precisão para ETH/USDT: binance markets not loaded
2025-01-14 18:52:22 - ERROR - Erro ao obter precisão para SOL/USDT: binance markets not loaded
2025-01-14 18:52:22 - ERROR - Erro ao obter precisão para XRP/USDT: binance markets not loaded
2025-01-14 18:52:22 - ERROR - Erro ao obter precisão para ADA/USDT: binance markets not loaded
2025-01-14 18:52:22 - ERROR - Erro ao obter precisão para BTC/USDT: binance markets not loaded
2025-01-14 18:52:22 - ERROR - Erro ao obter precisão para ETH/USDT: binance markets not loaded
2025-01-14 18:52:22 - ERROR - Erro ao obter precisão para SOL/USDT: binance markets not loaded
2025-01-14 18:52:22 - ERROR - Erro ao obter precisão para XRP/USDT: binance markets not loaded
2025-01-14 18:52:23 - ERROR - Erro ao obter precisão para ADA/USDT: binance markets not loaded
2025-01-14 18:52:23 - ERROR - Erro ao obter precisão para BTC/USDT: binance markets not loaded
2025-01-14 18:52:23 - ERROR - Erro ao obter precisão para ETH/USDT: binance markets not loaded
2025-01-14 18:52:23 - ERROR - Erro ao obter precisão para SOL/USDT: binance markets not loaded
2025-01-14 18:52:23 - ERROR - Erro ao obter precisão para XRP/USDT: binance markets not loaded
2025-01-14 18:52:23 - ERROR - Erro ao obter precisão para ADA/USDT: binance markets not loaded
2025-01-14 18:52:23 - ERROR - Erro ao obter precisão para BTC/USDT: binance markets not loaded
2025-01-14 18:52:23 - ERROR - Erro ao obter precisão para ETH/USDT: binance markets not loaded
2025-01-14 18:52:23 - ERROR - Erro ao obter precisão para SOL/USDT: binance markets not loaded
2025-01-14 18:52:23 - ERROR - Erro ao obter precisão para XRP/USDT: binance markets not loaded
2025-01-14 18:52:23 - ERROR - Erro ao obter precisão para ADA/USDT: binance markets not loaded
2025-01-14 18:52:23 - ERROR - Erro ao obter precisão para BTC/USDT: binance markets not loaded
2025-01-14 18:52:23 - ERROR - Erro ao obter precisão para ETH/USDT: binance markets not loaded
2025-01-14 18:52:23 - ERROR - Erro ao obter precisão para SOL/USDT: binance markets not loaded
2025-01-14 18:52:23 - ERROR - Erro ao obter precisão para XRP/USDT: binance markets not loaded
2025-01-14 18:52:24 - ERROR - Erro ao obter precisão para ADA/USDT: binance markets not loaded
2025-01-14 18:52:24 - ERROR - Erro ao obter precisão para BTC/USDT: binance markets not loaded
2025-01-14 18:52:24 - ERROR - Erro ao obter precisão para ETH/USDT: binance markets not loaded
2025-01-14 18:52:24 - ERROR - Erro ao obter precisão para SOL/USDT: binance markets not loaded
2025-01-14 18:52:24 - ERROR - Erro ao obter precisão para XRP/USDT: binance markets not loaded
2025-01-14 18:52:24 - ERROR - Erro ao obter precisão para ADA/USDT: binance markets not loaded
2025-01-14 18:52:24 - ERROR - Erro ao obter precisão para BTC/USDT: binance markets not loaded
2025-01-14 18:52:24 - ERROR - Erro ao obter precisão para ETH/USDT: binance markets not loaded
2025-01-14 18:52:24 - ERROR - Erro ao obter precisão para SOL/USDT: binance markets not loaded
2025-01-14 18:52:24 - ERROR - Erro ao obter precisão para XRP/USDT: binance markets not loaded
2025-01-14 18:52:25 - ERROR - Erro ao obter precisão para ADA/USDT: binance markets not loaded
2025-01-14 18:52:25 - ERROR - Erro ao obter precisão para BTC/USDT: binance markets not loaded
2025-01-14 18:52:25 - ERROR - Erro ao obter precisão para ETH/USDT: binance markets not loaded
2025-01-14 18:52:25 - ERROR - Erro ao obter precisão para SOL/USDT: binance markets not loaded
2025-01-14 18:52:25 - ERROR - Erro ao obter precisão para XRP/USDT: binance markets not loaded
2025-01-14 18:52:25 - ERROR - Erro ao obter precisão para ADA/USDT: binance markets not loaded
2025-01-14 18:52:25 - ERROR - Erro ao obter precisão para BTC/USDT: binance markets not loaded
2025-01-14 18:52:25 - ERROR - Erro ao obter precisão para ETH/USDT: binance markets not loaded
2025-01-14 18:52:25 - ERROR - Erro ao obter precisão para SOL/USDT: binance markets not loaded
2025-01-14 18:52:25 - ERROR - Erro ao obter precisão para XRP/USDT: binance markets not loaded
2025-01-14 18:52:26 - ERROR - Erro ao obter precisão para ADA/USDT: binance markets not loaded
2025-01-14 18:52:26 - ERROR - Erro ao obter precisão para BTC/USDT: binance markets not loaded
2025-01-14 18:52:26 - ERROR - Erro ao obter precisão para ETH/USDT: binance markets not loaded
2025-01-14 18:52:26 - ERROR - Erro ao obter precisão para SOL/USDT: binance markets not loaded
2025-01-14 18:52:26 - ERROR - Erro ao obter precisão para XRP/USDT: binance markets not loaded
2025-01-14 18:52:26 - ERROR - Erro ao obter precisão para ADA/USDT: binance markets not loaded
2025-01-14 18:52:26 - ERROR - Erro ao obter precisão para BTC/USDT: binance markets not loaded
2025-01-14 18:52:26 - ERROR - Erro ao obter precisão para ETH/USDT: binance markets not loaded
2025-01-14 18:52:26 - ERROR - Erro ao obter precisão para SOL/USDT: binance markets not loaded
2025-01-14 18:52:26 - ERROR - Erro ao obter precisão para XRP/USDT: binance markets not loaded
2025-01-14 18:52:26 - ERROR - Erro ao obter precisão para ADA/USDT: binance markets not loaded
2025-01-14 18:52:26 - ERROR - Erro ao obter precisão para BTC/USDT: binance markets not loaded
2025-01-14 18:52:26 - ERROR - Erro ao obter precisão para ETH/USDT: binance markets not loaded
2025-01-14 18:52:26 - ERROR - Erro ao obter precisão para SOL/USDT: binance markets not loaded
2025-01-14 18:52:26 - ERROR - Erro ao obter precisão para XRP/USDT: binance markets not loaded
2025-01-14 18:52:27 - ERROR - Erro ao obter precisão para ADA/USDT: binance markets not loaded
2025-01-14 18:52:27 - ERROR - Erro ao obter precisão para BTC/USDT: binance markets not loaded
2025-01-14 18:52:27 - ERROR - Erro ao obter precisão para ETH/USDT: binance markets not loaded
2025-01-14 18:52:27 - ERROR - Erro ao obter precisão para SOL/USDT: binance markets not loaded
2025-01-14 18:52:27 - ERROR - Erro ao obter precisão para XRP/USDT: binance markets not loaded
2025-01-14 18:52:27 - ERROR - Erro ao obter precisão para ADA/USDT: binance markets not loaded
2025-01-14 18:52:27 - ERROR - Erro ao obter precisão para BTC/USDT: binance markets not loaded
2025-01-14 18:52:27 - ERROR - Erro ao obter precisão para ETH/USDT: binance markets not loaded
2025-01-14 18:52:27 - ERROR - Erro ao obter precisão para SOL/USDT: binance markets not loaded
2025-01-14 18:52:27 - ERROR - Erro ao obter precisão para XRP/USDT: binance markets not loaded
2025-01-14 18:52:28 - ERROR - Erro ao obter precisão para ADA/USDT: binance markets not loaded
2025-01-14 18:52:28 - ERROR - Erro ao obter precisão para BTC/USDT: binance markets not loaded
2025-01-14 18:52:28 - ERROR - Erro ao obter precisão para ETH/USDT: binance markets not loaded
2025-01-14 18:52:28 - ERROR - Erro ao obter precisão para SOL/USDT: binance markets not loaded
2025-01-14 18:52:28 - ERROR - Erro ao obter precisão para XRP/USDT: binance markets not loaded
2025-01-14 18:52:28 - ERROR - Erro ao obter precisão para ADA/USDT: binance markets not loaded
2025-01-14 18:52:28 - ERROR - Erro ao obter precisão para BTC/USDT: binance markets not loaded
2025-01-14 18:52:28 - ERROR - Erro ao obter precisão para ETH/USDT: binance markets not loaded
2025-01-14 18:52:28 - ERROR - Erro ao obter precisão para SOL/USDT: binance markets not loaded
2025-01-14 18:52:28 - ERROR - Erro ao obter precisão para XRP/USDT: binance markets not loaded
2025-01-14 18:52:29 - ERROR - Erro ao obter precisão para ADA/USDT: binance markets not loaded
2025-01-14 18:52:29 - ERROR - Erro ao obter precisão para BTC/USDT: binance markets not loaded
2025-01-14 18:52:29 - ERROR - Erro ao obter precisão para ETH/USDT: binance markets not loaded
2025-01-14 18:52:29 - ERROR - Erro ao obter precisão para SOL/USDT: binance markets not loaded
2025-01-14 18:52:29 - ERROR - Erro ao obter precisão para XRP/USDT: binance markets not loaded
2025-01-14 18:52:29 - ERROR - Erro ao obter precisão para ADA/USDT: binance markets not loaded
2025-01-14 18:52:29 - ERROR - Erro ao obter precisão para BTC/USDT: binance markets not loaded
2025-01-14 18:52:29 - ERROR - Erro ao obter precisão para ETH/USDT: binance markets not loaded
2025-01-14 18:52:29 - ERROR - Erro ao obter precisão para SOL/USDT: binance markets not loaded
2025-01-14 18:52:29 - ERROR - Erro ao obter precisão para XRP/USDT: binance markets not loaded
2025-01-14 18:52:29 - ERROR - Erro ao obter precisão para ADA/USDT: binance markets not loaded
2025-01-14 18:52:29 - ERROR - Erro ao obter precisão para BTC/USDT: binance markets not loaded
2025-01-14 18:52:29 - ERROR - Erro ao obter precisão para ETH/USDT: binance markets not loaded
2025-01-14 18:52:29 - ERROR - Erro ao obter precisão para SOL/USDT: binance markets not loaded
2025-01-14 18:52:29 - ERROR - Erro ao obter precisão para XRP/USDT: binance markets not loaded
2025-01-14 18:52:30 - ERROR - Erro ao obter precisão para ADA/USDT: binance markets not loaded
2025-01-14 18:52:30 - ERROR - Erro ao obter precisão para BTC/USDT: binance markets not loaded
2025-01-14 18:52:30 - ERROR - Erro ao obter precisão para ETH/USDT: binance markets not loaded
2025-01-14 18:52:30 - ERROR - Erro ao obter precisão para SOL/USDT: binance markets not loaded
2025-01-14 18:52:30 - ERROR - Erro ao obter precisão para XRP/USDT: binance markets not loaded
2025-01-14 18:52:30 - ERROR - Erro ao obter precisão para ADA/USDT: binance markets not loaded
2025-01-14 18:52:30 - ERROR - Erro ao obter precisão para BTC/USDT: binance markets not loaded
2025-01-14 18:52:30 - ERROR - Erro ao obter precisão para ETH/USDT: binance markets not loaded
2025-01-14 18:52:30 - ERROR - Erro ao obter precisão para SOL/USDT: binance markets not loaded
2025-01-14 18:52:30 - ERROR - Erro ao obter precisão para XRP/USDT: binance markets not loaded
2025-01-14 18:52:31 - ERROR - Erro ao obter precisão para ADA/USDT: binance markets not loaded
2025-01-14 18:52:31 - ERROR - Erro ao obter precisão para BTC/USDT: binance markets not loaded
2025-01-14 18:52:31 - ERROR - Erro ao obter precisão para ETH/USDT: binance markets not loaded
2025-01-14 18:52:31 - ERROR - Erro ao obter precisão para SOL/USDT: binance markets not loaded
2025-01-14 18:52:31 - ERROR - Erro ao obter precisão para XRP/USDT: binance markets not loaded
2025-01-14 18:52:31 - ERROR - Erro ao obter precisão para ADA/USDT: binance markets not loaded
2025-01-14 18:52:31 - ERROR - Erro ao obter precisão para BTC/USDT: binance markets not loaded
2025-01-14 18:52:31 - ERROR - Erro ao obter precisão para ETH/USDT: binance markets not loaded
2025-01-14 18:52:31 - ERROR - Erro ao obter precisão para SOL/USDT: binance markets not loaded
2025-01-14 18:52:31 - ERROR - Erro ao obter precisão para XRP/USDT: binance markets not loaded
2025-01-14 18:52:32 - ERROR - Erro ao obter precisão para ADA/USDT: binance markets not loaded
2025-01-14 18:52:32 - ERROR - Erro ao obter precisão para BTC/USDT: binance markets not loaded
2025-01-14 18:52:32 - ERROR - Erro ao obter precisão para ETH/USDT: binance markets not loaded
2025-01-14 18:52:32 - ERROR - Erro ao obter precisão para SOL/USDT: binance markets not loaded
2025-01-14 18:52:32 - ERROR - Erro ao obter precisão para XRP/USDT: binance markets not loaded
2025-01-14 18:52:32 - ERROR - Erro ao obter precisão para ADA/USDT: binance markets not loaded
2025-01-14 18:52:32 - ERROR - Erro ao obter precisão para BTC/USDT: binance markets not loaded
2025-01-14 18:52:32 - ERROR - Erro ao obter precisão para ETH/USDT: binance markets not loaded
2025-01-14 18:52:32 - ERROR - Erro ao obter precisão para SOL/USDT: binance markets not loaded
2025-01-14 18:52:32 - ERROR - Erro ao obter precisão para XRP/USDT: binance markets not loaded
2025-01-14 18:52:32 - ERROR - Erro ao obter precisão para ADA/USDT: binance markets not loaded
2025-01-14 18:52:32 - ERROR - Erro ao obter precisão para BTC/USDT: binance markets not loaded
2025-01-14 18:52:32 - ERROR - Erro ao obter precisão para ETH/USDT: binance markets not loaded
2025-01-14 18:52:32 - ERROR - Erro ao obter precisão para SOL/USDT: binance markets not loaded
2025-01-14 18:52:32 - ERROR - Erro ao obter precisão para XRP/USDT: binance markets not loaded
2025-01-14 18:52:33 - ERROR - Erro ao obter precisão para ADA/USDT: binance markets not loaded
2025-01-14 18:52:33 - ERROR - Erro ao obter precisão para BTC/USDT: binance markets not loaded
2025-01-14 18:52:33 - ERROR - Erro ao obter precisão para ETH/USDT: binance markets not loaded
2025-01-14 18:52:33 - ERROR - Erro ao obter precisão para SOL/USDT: binance markets not loaded
2025-01-14 18:52:33 - ERROR - Erro ao obter precisão para XRP/USDT: binance markets not loaded
2025-01-14 18:52:33 - ERROR - Erro ao obter precisão para ADA/USDT: binance markets not loaded
2025-01-14 18:52:33 - ERROR - Erro ao obter precisão para BTC/USDT: binance markets not loaded
2025-01-14 18:52:33 - ERROR - Erro ao obter precisão para ETH/USDT: binance markets not loaded
2025-01-14 18:52:33 - ERROR - Erro ao obter precisão para SOL/USDT: binance markets not loaded
2025-01-14 18:52:33 - ERROR - Erro ao obter precisão para XRP/USDT: binance markets not loaded
2025-01-14 18:52:34 - ERROR - Erro ao obter precisão para ADA/USDT: binance markets not loaded
2025-01-14 18:52:34 - ERROR - Erro ao obter precisão para BTC/USDT: binance markets not loaded
2025-01-14 18:52:34 - ERROR - Erro ao obter precisão para ETH/USDT: binance markets not loaded
2025-01-14 18:52:34 - ERROR - Erro ao obter precisão para SOL/USDT: binance markets not loaded
2025-01-14 18:52:34 - ERROR - Erro ao obter precisão para XRP/USDT: binance markets not loaded
2025-01-14 18:52:34 - ERROR - Erro ao obter precisão para ADA/USDT: binance markets not loaded
2025-01-14 18:52:34 - ERROR - Erro ao obter precisão para BTC/USDT: binance markets not loaded
2025-01-14 18:52:34 - ERROR - Erro ao obter precisão para ETH/USDT: binance markets not loaded
2025-01-14 18:52:34 - ERROR - Erro ao obter precisão para SOL/USDT: binance markets not loaded
2025-01-14 18:52:34 - ERROR - Erro ao obter precisão para XRP/USDT: binance markets not loaded
2025-01-14 18:52:35 - ERROR - Erro ao obter precisão para ADA/USDT: binance markets not loaded
2025-01-14 18:52:35 - ERROR - Erro ao obter precisão para BTC/USDT: binance markets not loaded
2025-01-14 18:52:35 - ERROR - Erro ao obter precisão para ETH/USDT: binance markets not loaded
2025-01-14 18:52:35 - ERROR - Erro ao obter precisão para SOL/USDT: binance markets not loaded
2025-01-14 18:52:35 - ERROR - Erro ao obter precisão para XRP/USDT: binance markets not loaded
2025-01-14 18:52:35 - ERROR - Erro ao obter precisão para ADA/USDT: binance markets not loaded
2025-01-14 18:52:35 - ERROR - Erro ao obter precisão para BTC/USDT: binance markets not loaded
2025-01-14 18:52:35 - ERROR - Erro ao obter precisão para ETH/USDT: binance markets not loaded
2025-01-14 18:52:35 - ERROR - Erro ao obter precisão para SOL/USDT: binance markets not loaded
2025-01-14 18:52:35 - ERROR - Erro ao obter precisão para XRP/USDT: binance markets not loaded
2025-01-14 18:52:35 - ERROR - Erro ao obter precisão para ADA/USDT: binance markets not loaded
2025-01-14 18:52:35 - ERROR - Erro ao obter precisão para BTC/USDT: binance markets not loaded
2025-01-14 18:52:35 - ERROR - Erro ao obter precisão para ETH/USDT: binance markets not loaded
2025-01-14 18:52:35 - ERROR - Erro ao obter precisão para SOL/USDT: binance markets not loaded
2025-01-14 18:52:35 - ERROR - Erro ao obter precisão para XRP/USDT: binance markets not loaded
2025-01-14 18:52:36 - ERROR - Erro ao obter precisão para ADA/USDT: binance markets not loaded
2025-01-14 18:52:36 - ERROR - Erro ao obter precisão para BTC/USDT: binance markets not loaded
2025-01-14 18:52:36 - ERROR - Erro ao obter precisão para ETH/USDT: binance markets not loaded
2025-01-14 18:52:36 - ERROR - Erro ao obter precisão para SOL/USDT: binance markets not loaded
2025-01-14 18:52:36 - ERROR - Erro ao obter precisão para XRP/USDT: binance markets not loaded
2025-01-14 18:52:36 - ERROR - Erro ao obter precisão para ADA/USDT: binance markets not loaded
2025-01-14 18:52:36 - ERROR - Erro ao obter precisão para BTC/USDT: binance markets not loaded
2025-01-14 18:52:36 - ERROR - Erro ao obter precisão para ETH/USDT: binance markets not loaded
2025-01-14 18:52:36 - ERROR - Erro ao obter precisão para SOL/USDT: binance markets not loaded
2025-01-14 18:52:36 - ERROR - Erro ao obter precisão para XRP/USDT: binance markets not loaded
2025-01-14 18:52:37 - ERROR - Erro ao obter precisão para ADA/USDT: binance markets not loaded
2025-01-14 18:52:37 - ERROR - Erro ao obter precisão para BTC/USDT: binance markets not loaded
2025-01-14 18:52:37 - ERROR - Erro ao obter precisão para ETH/USDT: binance markets not loaded
2025-01-14 18:52:37 - ERROR - Erro ao obter precisão para SOL/USDT: binance markets not loaded
2025-01-14 18:52:37 - ERROR - Erro ao obter precisão para XRP/USDT: binance markets not loaded
2025-01-14 18:52:37 - ERROR - Erro ao obter precisão para ADA/USDT: binance markets not loaded
2025-01-14 18:52:37 - ERROR - Erro ao obter precisão para BTC/USDT: binance markets not loaded
2025-01-14 18:52:37 - ERROR - Erro ao obter precisão para ETH/USDT: binance markets not loaded
2025-01-14 18:52:37 - ERROR - Erro ao obter precisão para SOL/USDT: binance markets not loaded
2025-01-14 18:52:37 - ERROR - Erro ao obter precisão para XRP/USDT: binance markets not loaded
2025-01-14 18:52:38 - ERROR - Erro ao obter precisão para ADA/USDT: binance markets not loaded
2025-01-14 18:52:38 - ERROR - Erro ao obter precisão para BTC/USDT: binance markets not loaded
2025-01-14 18:52:38 - ERROR - Erro ao obter precisão para ETH/USDT: binance markets not loaded
2025-01-14 18:52:38 - ERROR - Erro ao obter precisão para SOL/USDT: binance markets not loaded
2025-01-14 18:52:38 - ERROR - Erro ao obter precisão para XRP/USDT: binance markets not loaded
2025-01-14 18:52:38 - ERROR - Erro ao obter precisão para ADA/USDT: binance markets not loaded
2025-01-14 18:52:38 - ERROR - Erro ao obter precisão para BTC/USDT: binance markets not loaded
2025-01-14 18:52:38 - ERROR - Erro ao obter precisão para ETH/USDT: binance markets not loaded
2025-01-14 18:52:38 - ERROR - Erro ao obter precisão para SOL/USDT: binance markets not loaded
2025-01-14 18:52:38 - ERROR - Erro ao obter precisão para XRP/USDT: binance markets not loaded
2025-01-14 18:52:38 - ERROR - Erro ao obter precisão para ADA/USDT: binance markets not loaded
2025-01-14 18:52:38 - ERROR - Erro ao obter precisão para BTC/USDT: binance markets not loaded
2025-01-14 18:52:38 - ERROR - Erro ao obter precisão para ETH/USDT: binance markets not loaded
2025-01-14 18:52:38 - ERROR - Erro ao obter precisão para SOL/USDT: binance markets not loaded
2025-01-14 18:52:38 - ERROR - Erro ao obter precisão para XRP/USDT: binance markets not loaded
2025-01-14 18:52:39 - ERROR - Erro ao obter precisão para ADA/USDT: binance markets not loaded
2025-01-14 18:52:39 - ERROR - Erro ao obter precisão para BTC/USDT: binance markets not loaded
2025-01-14 18:52:39 - ERROR - Erro ao obter precisão para ETH/USDT: binance markets not loaded
2025-01-14 18:52:39 - ERROR - Erro ao obter precisão para SOL/USDT: binance markets not loaded
2025-01-14 18:52:39 - ERROR - Erro ao obter precisão para XRP/USDT: binance markets not loaded
2025-01-14 18:52:39 - ERROR - Erro ao obter precisão para ADA/USDT: binance markets not loaded
2025-01-14 18:52:39 - ERROR - Erro ao obter precisão para BTC/USDT: binance markets not loaded
2025-01-14 18:52:39 - ERROR - Erro ao obter precisão para ETH/USDT: binance markets not loaded
2025-01-14 18:52:39 - ERROR - Erro ao obter precisão para SOL/USDT: binance markets not loaded
2025-01-14 18:52:39 - ERROR - Erro ao obter precisão para XRP/USDT: binance markets not loaded
2025-01-14 18:52:40 - ERROR - Erro ao obter precisão para ADA/USDT: binance markets not loaded
2025-01-14 18:52:40 - ERROR - Erro ao obter precisão para BTC/USDT: binance markets not loaded
2025-01-14 18:52:40 - ERROR - Erro ao obter precisão para ETH/USDT: binance markets not loaded
2025-01-14 18:52:40 - ERROR - Erro ao obter precisão para SOL/USDT: binance markets not loaded
2025-01-14 18:52:40 - ERROR - Erro ao obter precisão para XRP/USDT: binance markets not loaded
2025-01-14 18:52:40 - ERROR - Erro ao obter precisão para ADA/USDT: binance markets not loaded
2025-01-14 18:52:40 - ERROR - Erro ao obter precisão para BTC/USDT: binance markets not loaded
2025-01-14 18:52:40 - ERROR - Erro ao obter precisão para ETH/USDT: binance markets not loaded
2025-01-14 18:52:40 - ERROR - Erro ao obter precisão para SOL/USDT: binance markets not loaded
2025-01-14 18:52:40 - ERROR - Erro ao obter precisão para XRP/USDT: binance markets not loaded
2025-01-14 18:52:41 - ERROR - Erro ao obter precisão para ADA/USDT: binance markets not loaded
2025-01-14 18:52:41 - ERROR - Erro ao obter precisão para BTC/USDT: binance markets not loaded
2025-01-14 18:52:41 - ERROR - Erro ao obter precisão para ETH/USDT: binance markets not loaded
2025-01-14 18:52:41 - ERROR - Erro ao obter precisão para SOL/USDT: binance markets not loaded
2025-01-14 18:52:41 - ERROR - Erro ao obter precisão para XRP/USDT: binance markets not loaded
2025-01-14 18:52:41 - ERROR - Erro ao obter precisão para ADA/USDT: binance markets not loaded
2025-01-14 18:52:41 - ERROR - Erro ao obter precisão para BTC/USDT: binance markets not loaded
2025-01-14 18:52:41 - ERROR - Erro ao obter precisão para ETH/USDT: binance markets not loaded
2025-01-14 18:52:41 - ERROR - Erro ao obter precisão para SOL/USDT: binance markets not loaded
2025-01-14 18:52:41 - ERROR - Erro ao obter precisão para XRP/USDT: binance markets not loaded
2025-01-14 18:52:41 - ERROR - Erro ao obter precisão para ADA/USDT: binance markets not loaded
2025-01-14 18:52:41 - ERROR - Erro ao obter precisão para BTC/USDT: binance markets not loaded
2025-01-14 18:52:41 - ERROR - Erro ao obter precisão para ETH/USDT: binance markets not loaded
2025-01-14 18:52:41 - ERROR - Erro ao obter precisão para SOL/USDT: binance markets not loaded
2025-01-14 18:52:41 - ERROR - Erro ao obter precisão para XRP/USDT: binance markets not loaded
2025-01-14 18:52:42 - ERROR - Erro ao obter precisão para ADA/USDT: binance markets not loaded
2025-01-14 18:52:42 - ERROR - Erro ao obter precisão para BTC/USDT: binance markets not loaded
2025-01-14 18:52:42 - ERROR - Erro ao obter precisão para ETH/USDT: binance markets not loaded
2025-01-14 18:52:42 - ERROR - Erro ao obter precisão para SOL/USDT: binance markets not loaded
2025-01-14 18:52:42 - ERROR - Erro ao obter precisão para XRP/USDT: binance markets not loaded
2025-01-14 18:52:42 - ERROR - Erro ao obter precisão para ADA/USDT: binance markets not loaded
2025-01-14 18:52:42 - ERROR - Erro ao obter precisão para BTC/USDT: binance markets not loaded
2025-01-14 18:52:42 - ERROR - Erro ao obter precisão para ETH/USDT: binance markets not loaded
2025-01-14 18:52:42 - ERROR - Erro ao obter precisão para SOL/USDT: binance markets not loaded
2025-01-14 18:52:42 - ERROR - Erro ao obter precisão para XRP/USDT: binance markets not loaded
2025-01-14 18:52:43 - ERROR - Erro ao obter precisão para ADA/USDT: binance markets not loaded
2025-01-14 18:52:43 - ERROR - Erro ao obter precisão para BTC/USDT: binance markets not loaded
2025-01-14 18:52:43 - ERROR - Erro ao obter precisão para ETH/USDT: binance markets not loaded
2025-01-14 18:52:43 - ERROR - Erro ao obter precisão para SOL/USDT: binance markets not loaded
2025-01-14 18:52:43 - ERROR - Erro ao obter precisão para XRP/USDT: binance markets not loaded
2025-01-14 18:52:43 - ERROR - Erro ao obter precisão para ADA/USDT: binance markets not loaded
2025-01-14 18:52:43 - ERROR - Erro ao obter precisão para BTC/USDT: binance markets not loaded
2025-01-14 18:52:43 - ERROR - Erro ao obter precisão para ETH/USDT: binance markets not loaded
2025-01-14 18:52:43 - ERROR - Erro ao obter precisão para SOL/USDT: binance markets not loaded
2025-01-14 18:52:43 - ERROR - Erro ao obter precisão para XRP/USDT: binance markets not loaded
2025-01-14 18:52:44 - ERROR - Erro ao obter precisão para ADA/USDT: binance markets not loaded
2025-01-14 18:52:44 - ERROR - Erro ao obter precisão para BTC/USDT: binance markets not loaded
2025-01-14 18:52:44 - ERROR - Erro ao obter precisão para ETH/USDT: binance markets not loaded
2025-01-14 18:52:44 - ERROR - Erro ao obter precisão para SOL/USDT: binance markets not loaded
2025-01-14 18:52:44 - ERROR - Erro ao obter precisão para XRP/USDT: binance markets not loaded
2025-01-14 18:52:44 - ERROR - Erro ao obter precisão para ADA/USDT: binance markets not loaded
2025-01-14 18:52:44 - ERROR - Erro ao obter precisão para BTC/USDT: binance markets not loaded
2025-01-14 18:52:44 - ERROR - Erro ao obter precisão para ETH/USDT: binance markets not loaded
2025-01-14 18:52:44 - ERROR - Erro ao obter precisão para SOL/USDT: binance markets not loaded
2025-01-14 18:52:44 - ERROR - Erro ao obter precisão para XRP/USDT: binance markets not loaded
2025-01-14 18:52:44 - ERROR - Erro ao obter precisão para ADA/USDT: binance markets not loaded
2025-01-14 18:52:44 - ERROR - Erro ao obter precisão para BTC/USDT: binance markets not loaded
2025-01-14 18:52:44 - ERROR - Erro ao obter precisão para ETH/USDT: binance markets not loaded
2025-01-14 18:52:44 - ERROR - Erro ao obter precisão para SOL/USDT: binance markets not loaded
2025-01-14 18:52:44 - ERROR - Erro ao obter precisão para XRP/USDT: binance markets not loaded
2025-01-14 18:52:45 - ERROR - Erro ao obter precisão para ADA/USDT: binance markets not loaded
2025-01-14 18:52:45 - ERROR - Erro ao obter precisão para BTC/USDT: binance markets not loaded
2025-01-14 18:52:45 - ERROR - Erro ao obter precisão para ETH/USDT: binance markets not loaded
2025-01-14 18:52:45 - ERROR - Erro ao obter precisão para SOL/USDT: binance markets not loaded
2025-01-14 18:52:45 - ERROR - Erro ao obter precisão para XRP/USDT: binance markets not loaded
2025-01-14 18:52:45 - ERROR - Erro ao obter precisão para ADA/USDT: binance markets not loaded
2025-01-14 18:52:45 - ERROR - Erro ao obter precisão para BTC/USDT: binance markets not loaded
2025-01-14 18:52:45 - ERROR - Erro ao obter precisão para ETH/USDT: binance markets not loaded
2025-01-14 18:52:45 - ERROR - Erro ao obter precisão para SOL/USDT: binance markets not loaded
2025-01-14 18:52:45 - ERROR - Erro ao obter precisão para XRP/USDT: binance markets not loaded
2025-01-14 18:52:46 - ERROR - Erro ao obter precisão para ADA/USDT: binance markets not loaded
2025-01-14 18:52:46 - ERROR - Erro ao obter precisão para BTC/USDT: binance markets not loaded
2025-01-14 18:52:46 - ERROR - Erro ao obter precisão para ETH/USDT: binance markets not loaded
2025-01-14 18:52:46 - ERROR - Erro ao obter precisão para SOL/USDT: binance markets not loaded
2025-01-14 18:52:46 - ERROR - Erro ao obter precisão para XRP/USDT: binance markets not loaded
2025-01-14 18:52:46 - ERROR - Erro ao obter precisão para ADA/USDT: binance markets not loaded
2025-01-14 18:52:46 - ERROR - Erro ao obter precisão para BTC/USDT: binance markets not loaded
2025-01-14 18:52:46 - ERROR - Erro ao obter precisão para ETH/USDT: binance markets not loaded
2025-01-14 18:52:46 - ERROR - Erro ao obter precisão para SOL/USDT: binance markets not loaded
2025-01-14 18:52:46 - ERROR - Erro ao obter precisão para XRP/USDT: binance markets not loaded
2025-01-14 18:52:47 - ERROR - Erro ao obter precisão para ADA/USDT: binance markets not loaded
2025-01-14 18:52:47 - ERROR - Erro ao obter precisão para BTC/USDT: binance markets not loaded
2025-01-14 18:52:47 - ERROR - Erro ao obter precisão para ETH/USDT: binance markets not loaded
2025-01-14 18:52:47 - ERROR - Erro ao obter precisão para SOL/USDT: binance markets not loaded
2025-01-14 18:52:47 - ERROR - Erro ao obter precisão para XRP/USDT: binance markets not loaded
2025-01-14 18:52:47 - ERROR - Erro ao obter precisão para ADA/USDT: binance markets not loaded
2025-01-14 18:52:47 - ERROR - Erro ao obter precisão para BTC/USDT: binance markets not loaded
2025-01-14 18:52:47 - ERROR - Erro ao obter precisão para ETH/USDT: binance markets not loaded
2025-01-14 18:52:47 - ERROR - Erro ao obter precisão para SOL/USDT: binance markets not loaded
2025-01-14 18:52:47 - ERROR - Erro ao obter precisão para XRP/USDT: binance markets not loaded
2025-01-14 18:52:47 - ERROR - Erro ao obter precisão para ADA/USDT: binance markets not loaded
2025-01-14 18:52:47 - ERROR - Erro ao obter precisão para BTC/USDT: binance markets not loaded
2025-01-14 18:52:47 - ERROR - Erro ao obter precisão para ETH/USDT: binance markets not loaded
2025-01-14 18:52:47 - ERROR - Erro ao obter precisão para SOL/USDT: binance markets not loaded
2025-01-14 18:52:47 - ERROR - Erro ao obter precisão para XRP/USDT: binance markets not loaded
2025-01-14 18:52:48 - ERROR - Erro ao obter precisão para ADA/USDT: binance markets not loaded
2025-01-14 18:52:48 - ERROR - Erro ao obter precisão para BTC/USDT: binance markets not loaded
2025-01-14 18:52:48 - ERROR - Erro ao obter precisão para ETH/USDT: binance markets not loaded
2025-01-14 18:52:48 - ERROR - Erro ao obter precisão para SOL/USDT: binance markets not loaded
2025-01-14 18:52:48 - ERROR - Erro ao obter precisão para XRP/USDT: binance markets not loaded
2025-01-14 18:52:48 - ERROR - Erro ao obter precisão para ADA/USDT: binance markets not loaded
2025-01-14 18:52:48 - ERROR - Erro ao obter precisão para BTC/USDT: binance markets not loaded
2025-01-14 18:52:48 - ERROR - Erro ao obter precisão para ETH/USDT: binance markets not loaded
2025-01-14 18:52:48 - ERROR - Erro ao obter precisão para SOL/USDT: binance markets not loaded
2025-01-14 18:52:48 - ERROR - Erro ao obter precisão para XRP/USDT: binance markets not loaded
2025-01-14 18:52:49 - ERROR - Erro ao obter precisão para ADA/USDT: binance markets not loaded
2025-01-14 18:52:49 - ERROR - Erro ao obter precisão para BTC/USDT: binance markets not loaded
2025-01-14 18:52:49 - ERROR - Erro ao obter precisão para ETH/USDT: binance markets not loaded
2025-01-14 18:52:49 - ERROR - Erro ao obter precisão para SOL/USDT: binance markets not loaded
2025-01-14 18:52:49 - ERROR - Erro ao obter precisão para XRP/USDT: binance markets not loaded
2025-01-14 18:52:49 - ERROR - Erro ao obter precisão para ADA/USDT: binance markets not loaded
2025-01-14 18:52:49 - ERROR - Erro ao obter precisão para BTC/USDT: binance markets not loaded
2025-01-14 18:52:49 - ERROR - Erro ao obter precisão para ETH/USDT: binance markets not loaded
2025-01-14 18:52:49 - ERROR - Erro ao obter precisão para SOL/USDT: binance markets not loaded
2025-01-14 18:52:49 - ERROR - Erro ao obter precisão para XRP/USDT: binance markets not loaded
2025-01-14 18:52:50 - ERROR - Erro ao obter precisão para ADA/USDT: binance markets not loaded
2025-01-14 18:52:50 - ERROR - Erro ao obter precisão para BTC/USDT: binance markets not loaded
2025-01-14 18:52:50 - ERROR - Erro ao obter precisão para ETH/USDT: binance markets not loaded
2025-01-14 18:52:50 - ERROR - Erro ao obter precisão para SOL/USDT: binance markets not loaded
2025-01-14 18:52:50 - ERROR - Erro ao obter precisão para XRP/USDT: binance markets not loaded
2025-01-14 18:52:50 - ERROR - Erro ao obter precisão para ADA/USDT: binance markets not loaded
2025-01-14 18:52:50 - ERROR - Erro ao obter precisão para BTC/USDT: binance markets not loaded
2025-01-14 18:52:50 - ERROR - Erro ao obter precisão para ETH/USDT: binance markets not loaded
2025-01-14 18:52:50 - ERROR - Erro ao obter precisão para SOL/USDT: binance markets not loaded
2025-01-14 18:52:50 - ERROR - Erro ao obter precisão para XRP/USDT: binance markets not loaded
2025-01-14 18:52:50 - ERROR - Erro ao obter precisão para ADA/USDT: binance markets not loaded
2025-01-14 18:52:50 - ERROR - Erro ao obter precisão para BTC/USDT: binance markets not loaded
2025-01-14 18:52:50 - ERROR - Erro ao obter precisão para ETH/USDT: binance markets not loaded
2025-01-14 18:52:50 - ERROR - Erro ao obter precisão para SOL/USDT: binance markets not loaded
2025-01-14 18:52:50 - ERROR - Erro ao obter precisão para XRP/USDT: binance markets not loaded
2025-01-14 18:52:51 - ERROR - Erro ao obter precisão para ADA/USDT: binance markets not loaded
2025-01-14 18:52:51 - ERROR - Erro ao obter precisão para BTC/USDT: binance markets not loaded
2025-01-14 18:52:51 - ERROR - Erro ao obter precisão para ETH/USDT: binance markets not loaded
2025-01-14 18:52:51 - ERROR - Erro ao obter precisão para SOL/USDT: binance markets not loaded
2025-01-14 18:52:51 - ERROR - Erro ao obter precisão para XRP/USDT: binance markets not loaded
2025-01-14 18:52:51 - ERROR - Erro ao obter precisão para ADA/USDT: binance markets not loaded
2025-01-14 18:52:51 - ERROR - Erro ao obter precisão para BTC/USDT: binance markets not loaded
2025-01-14 18:52:51 - ERROR - Erro ao obter precisão para ETH/USDT: binance markets not loaded
2025-01-14 18:52:51 - ERROR - Erro ao obter precisão para SOL/USDT: binance markets not loaded
2025-01-14 18:52:51 - ERROR - Erro ao obter precisão para XRP/USDT: binance markets not loaded
2025-01-14 18:52:52 - ERROR - Erro ao obter precisão para ADA/USDT: binance markets not loaded
2025-01-14 18:52:52 - ERROR - Erro ao obter precisão para BTC/USDT: binance markets not loaded
2025-01-14 18:52:52 - ERROR - Erro ao obter precisão para ETH/USDT: binance markets not loaded
2025-01-14 18:52:52 - ERROR - Erro ao obter precisão para SOL/USDT: binance markets not loaded
2025-01-14 18:52:52 - ERROR - Erro ao obter precisão para XRP/USDT: binance markets not loaded
2025-01-14 18:52:52 - ERROR - Erro ao obter precisão para ADA/USDT: binance markets not loaded
2025-01-14 18:52:52 - ERROR - Erro ao obter precisão para BTC/USDT: binance markets not loaded
2025-01-14 18:52:52 - ERROR - Erro ao obter precisão para ETH/USDT: binance markets not loaded
2025-01-14 18:52:52 - ERROR - Erro ao obter precisão para SOL/USDT: binance markets not loaded
2025-01-14 18:52:52 - ERROR - Erro ao obter precisão para XRP/USDT: binance markets not loaded
2025-01-14 18:52:53 - ERROR - Erro ao obter precisão para ADA/USDT: binance markets not loaded
2025-01-14 18:52:53 - ERROR - Erro ao obter precisão para BTC/USDT: binance markets not loaded
2025-01-14 18:52:53 - ERROR - Erro ao obter precisão para ETH/USDT: binance markets not loaded
2025-01-14 18:52:53 - ERROR - Erro ao obter precisão para SOL/USDT: binance markets not loaded
2025-01-14 18:52:53 - ERROR - Erro ao obter precisão para XRP/USDT: binance markets not loaded
2025-01-14 18:52:53 - ERROR - Erro ao obter precisão para ADA/USDT: binance markets not loaded
2025-01-14 18:52:53 - ERROR - Erro ao obter precisão para BTC/USDT: binance markets not loaded
2025-01-14 18:52:53 - ERROR - Erro ao obter precisão para ETH/USDT: binance markets not loaded
2025-01-14 18:52:53 - ERROR - Erro ao obter precisão para SOL/USDT: binance markets not loaded
2025-01-14 18:52:53 - ERROR - Erro ao obter precisão para XRP/USDT: binance markets not loaded
2025-01-14 18:52:53 - ERROR - Erro ao obter precisão para ADA/USDT: binance markets not loaded
2025-01-14 18:52:53 - ERROR - Erro ao obter precisão para BTC/USDT: binance markets not loaded
2025-01-14 18:52:53 - ERROR - Erro ao obter precisão para ETH/USDT: binance markets not loaded
2025-01-14 18:52:53 - ERROR - Erro ao obter precisão para SOL/USDT: binance markets not loaded
2025-01-14 18:52:53 - ERROR - Erro ao obter precisão para XRP/USDT: binance markets not loaded
2025-01-14 18:52:54 - ERROR - Erro ao obter precisão para ADA/USDT: binance markets not loaded
2025-01-14 18:52:54 - ERROR - Erro ao obter precisão para BTC/USDT: binance markets not loaded
2025-01-14 18:52:54 - ERROR - Erro ao obter precisão para ETH/USDT: binance markets not loaded
2025-01-14 18:52:54 - ERROR - Erro ao obter precisão para SOL/USDT: binance markets not loaded
2025-01-14 18:52:54 - ERROR - Erro ao obter precisão para XRP/USDT: binance markets not loaded
2025-01-14 18:52:54 - ERROR - Erro ao obter precisão para ADA/USDT: binance markets not loaded
2025-01-14 18:52:54 - ERROR - Erro ao obter precisão para BTC/USDT: binance markets not loaded
2025-01-14 18:52:54 - ERROR - Erro ao obter precisão para ETH/USDT: binance markets not loaded
2025-01-14 18:52:54 - ERROR - Erro ao obter precisão para SOL/USDT: binance markets not loaded
2025-01-14 18:52:54 - ERROR - Erro ao obter precisão para XRP/USDT: binance markets not loaded
2025-01-14 18:52:55 - ERROR - Erro ao obter precisão para ADA/USDT: binance markets not loaded
2025-01-14 18:52:55 - ERROR - Erro ao obter precisão para BTC/USDT: binance markets not loaded
2025-01-14 18:52:55 - ERROR - Erro ao obter precisão para ETH/USDT: binance markets not loaded
2025-01-14 18:52:55 - ERROR - Erro ao obter precisão para SOL/USDT: binance markets not loaded
2025-01-14 18:52:55 - ERROR - Erro ao obter precisão para XRP/USDT: binance markets not loaded
2025-01-14 18:52:55 - ERROR - Erro ao obter precisão para ADA/USDT: binance markets not loaded
2025-01-14 18:52:55 - ERROR - Erro ao obter precisão para BTC/USDT: binance markets not loaded
2025-01-14 18:52:55 - ERROR - Erro ao obter precisão para ETH/USDT: binance markets not loaded
2025-01-14 18:52:55 - ERROR - Erro ao obter precisão para SOL/USDT: binance markets not loaded
2025-01-14 18:52:55 - ERROR - Erro ao obter precisão para XRP/USDT: binance markets not loaded
2025-01-14 18:52:56 - ERROR - Erro ao obter precisão para ADA/USDT: binance markets not loaded
2025-01-14 18:52:56 - ERROR - Erro ao obter precisão para BTC/USDT: binance markets not loaded
2025-01-14 18:52:56 - ERROR - Erro ao obter precisão para ETH/USDT: binance markets not loaded
2025-01-14 18:52:56 - ERROR - Erro ao obter precisão para SOL/USDT: binance markets not loaded
2025-01-14 18:52:56 - ERROR - Erro ao obter precisão para XRP/USDT: binance markets not loaded
2025-01-14 18:52:56 - ERROR - Erro ao obter precisão para ADA/USDT: binance markets not loaded
2025-01-14 18:52:56 - ERROR - Erro ao obter precisão para BTC/USDT: binance markets not loaded
2025-01-14 18:52:56 - ERROR - Erro ao obter precisão para ETH/USDT: binance markets not loaded
2025-01-14 18:52:56 - ERROR - Erro ao obter precisão para SOL/USDT: binance markets not loaded
2025-01-14 18:52:56 - ERROR - Erro ao obter precisão para XRP/USDT: binance markets not loaded
2025-01-14 18:52:57 - ERROR - Erro ao obter precisão para ADA/USDT: binance markets not loaded
2025-01-14 18:52:57 - ERROR - Erro ao obter precisão para BTC/USDT: binance markets not loaded
2025-01-14 18:52:57 - ERROR - Erro ao obter precisão para ETH/USDT: binance markets not loaded
2025-01-14 18:52:57 - ERROR - Erro ao obter precisão para SOL/USDT: binance markets not loaded
2025-01-14 18:52:57 - ERROR - Erro ao obter precisão para XRP/USDT: binance markets not loaded
2025-01-14 18:52:57 - ERROR - Erro ao obter precisão para ADA/USDT: binance markets not loaded
2025-01-14 18:52:57 - ERROR - Erro ao obter precisão para BTC/USDT: binance markets not loaded
2025-01-14 18:52:57 - ERROR - Erro ao obter precisão para ETH/USDT: binance markets not loaded
2025-01-14 18:52:57 - ERROR - Erro ao obter precisão para SOL/USDT: binance markets not loaded
2025-01-14 18:52:57 - ERROR - Erro ao obter precisão para XRP/USDT: binance markets not loaded
2025-01-14 18:52:57 - ERROR - Erro ao obter precisão para ADA/USDT: binance markets not loaded
2025-01-14 18:52:57 - ERROR - Erro ao obter precisão para BTC/USDT: binance markets not loaded
2025-01-14 18:52:57 - ERROR - Erro ao obter precisão para ETH/USDT: binance markets not loaded
2025-01-14 18:52:57 - ERROR - Erro ao obter precisão para SOL/USDT: binance markets not loaded
2025-01-14 18:52:57 - ERROR - Erro ao obter precisão para XRP/USDT: binance markets not loaded
2025-01-14 18:52:58 - ERROR - Erro ao obter precisão para ADA/USDT: binance markets not loaded
2025-01-14 18:52:58 - ERROR - Erro ao obter precisão para BTC/USDT: binance markets not loaded
2025-01-14 18:52:58 - ERROR - Erro ao obter precisão para ETH/USDT: binance markets not loaded
2025-01-14 18:52:58 - ERROR - Erro ao obter precisão para SOL/USDT: binance markets not loaded
2025-01-14 18:52:58 - ERROR - Erro ao obter precisão para XRP/USDT: binance markets not loaded
2025-01-14 18:52:58 - ERROR - Erro ao obter precisão para ADA/USDT: binance markets not loaded
2025-01-14 18:52:58 - ERROR - Erro ao obter precisão para BTC/USDT: binance markets not loaded
2025-01-14 18:52:58 - ERROR - Erro ao obter precisão para ETH/USDT: binance markets not loaded
2025-01-14 18:52:58 - ERROR - Erro ao obter precisão para SOL/USDT: binance markets not loaded
2025-01-14 18:52:58 - ERROR - Erro ao obter precisão para XRP/USDT: binance markets not loaded
2025-01-14 18:52:59 - ERROR - Erro ao obter precisão para ADA/USDT: binance markets not loaded
2025-01-14 18:52:59 - ERROR - Erro ao obter precisão para BTC/USDT: binance markets not loaded
2025-01-14 18:52:59 - ERROR - Erro ao obter precisão para ETH/USDT: binance markets not loaded
2025-01-14 18:52:59 - ERROR - Erro ao obter precisão para SOL/USDT: binance markets not loaded
2025-01-14 18:52:59 - ERROR - Erro ao obter precisão para XRP/USDT: binance markets not loaded
2025-01-14 18:52:59 - ERROR - Erro ao obter precisão para ADA/USDT: binance markets not loaded
2025-01-14 18:52:59 - ERROR - Erro ao obter precisão para BTC/USDT: binance markets not loaded
2025-01-14 18:52:59 - ERROR - Erro ao obter precisão para ETH/USDT: binance markets not loaded
2025-01-14 18:52:59 - ERROR - Erro ao obter precisão para SOL/USDT: binance markets not loaded
2025-01-14 18:52:59 - ERROR - Erro ao obter precisão para XRP/USDT: binance markets not loaded
2025-01-14 18:53:00 - ERROR - Erro ao obter precisão para ADA/USDT: binance markets not loaded
2025-01-14 18:53:00 - ERROR - Erro ao obter precisão para BTC/USDT: binance markets not loaded
2025-01-14 18:53:00 - ERROR - Erro ao obter precisão para ETH/USDT: binance markets not loaded
2025-01-14 18:53:00 - ERROR - Erro ao obter precisão para SOL/USDT: binance markets not loaded
2025-01-14 18:53:00 - ERROR - Erro ao obter precisão para XRP/USDT: binance markets not loaded
2025-01-14 18:53:00 - ERROR - Erro ao obter precisão para ADA/USDT: binance markets not loaded
2025-01-14 18:53:00 - ERROR - Erro ao obter precisão para BTC/USDT: binance markets not loaded
2025-01-14 18:53:00 - ERROR - Erro ao obter precisão para ETH/USDT: binance markets not loaded
2025-01-14 18:53:00 - ERROR - Erro ao obter precisão para SOL/USDT: binance markets not loaded
2025-01-14 18:53:00 - ERROR - Erro ao obter precisão para XRP/USDT: binance markets not loaded
2025-01-14 18:53:00 - ERROR - Erro ao obter precisão para ADA/USDT: binance markets not loaded
2025-01-14 18:53:00 - ERROR - Erro ao obter precisão para BTC/USDT: binance markets not loaded
2025-01-14 18:53:00 - ERROR - Erro ao obter precisão para ETH/USDT: binance markets not loaded
2025-01-14 18:53:00 - ERROR - Erro ao obter precisão para SOL/USDT: binance markets not loaded
2025-01-14 18:53:00 - ERROR - Erro ao obter precisão para XRP/USDT: binance markets not loaded
2025-01-14 18:53:01 - ERROR - Erro ao obter precisão para ADA/USDT: binance markets not loaded
2025-01-14 18:53:01 - ERROR - Erro ao obter precisão para BTC/USDT: binance markets not loaded
2025-01-14 18:53:01 - ERROR - Erro ao obter precisão para ETH/USDT: binance markets not loaded
2025-01-14 18:53:01 - ERROR - Erro ao obter precisão para SOL/USDT: binance markets not loaded
2025-01-14 18:53:01 - ERROR - Erro ao obter precisão para XRP/USDT: binance markets not loaded
2025-01-14 18:53:01 - ERROR - Erro ao obter precisão para ADA/USDT: binance markets not loaded
2025-01-14 18:53:01 - ERROR - Erro ao obter precisão para BTC/USDT: binance markets not loaded
2025-01-14 18:53:01 - ERROR - Erro ao obter precisão para ETH/USDT: binance markets not loaded
2025-01-14 18:53:01 - ERROR - Erro ao obter precisão para SOL/USDT: binance markets not loaded
2025-01-14 18:53:01 - ERROR - Erro ao obter precisão para XRP/USDT: binance markets not loaded
2025-01-14 18:53:02 - ERROR - Erro ao obter precisão para ADA/USDT: binance markets not loaded
2025-01-14 18:53:02 - ERROR - Erro ao obter precisão para BTC/USDT: binance markets not loaded
2025-01-14 18:53:02 - ERROR - Erro ao obter precisão para ETH/USDT: binance markets not loaded
2025-01-14 18:53:02 - ERROR - Erro ao obter precisão para SOL/USDT: binance markets not loaded
2025-01-14 18:53:02 - ERROR - Erro ao obter precisão para XRP/USDT: binance markets not loaded
2025-01-14 18:53:02 - ERROR - Erro ao obter precisão para ADA/USDT: binance markets not loaded
2025-01-14 18:53:02 - ERROR - Erro ao obter precisão para BTC/USDT: binance markets not loaded
2025-01-14 18:53:02 - ERROR - Erro ao obter precisão para ETH/USDT: binance markets not loaded
2025-01-14 18:53:02 - ERROR - Erro ao obter precisão para SOL/USDT: binance markets not loaded
2025-01-14 18:53:02 - ERROR - Erro ao obter precisão para XRP/USDT: binance markets not loaded
2025-01-14 18:53:03 - ERROR - Erro ao obter precisão para ADA/USDT: binance markets not loaded
2025-01-14 18:53:03 - ERROR - Erro ao obter precisão para BTC/USDT: binance markets not loaded
2025-01-14 18:53:03 - ERROR - Erro ao obter precisão para ETH/USDT: binance markets not loaded
2025-01-14 18:53:03 - ERROR - Erro ao obter precisão para SOL/USDT: binance markets not loaded
2025-01-14 18:53:03 - ERROR - Erro ao obter precisão para XRP/USDT: binance markets not loaded
2025-01-14 18:53:03 - ERROR - Erro ao obter precisão para ADA/USDT: binance markets not loaded
2025-01-14 18:53:03 - ERROR - Erro ao obter precisão para BTC/USDT: binance markets not loaded
2025-01-14 18:53:03 - ERROR - Erro ao obter precisão para ETH/USDT: binance markets not loaded
2025-01-14 18:53:03 - ERROR - Erro ao obter precisão para SOL/USDT: binance markets not loaded
2025-01-14 18:53:03 - ERROR - Erro ao obter precisão para XRP/USDT: binance markets not loaded
2025-01-14 18:53:03 - ERROR - Erro ao obter precisão para ADA/USDT: binance markets not loaded
2025-01-14 18:53:03 - ERROR - Erro ao obter precisão para BTC/USDT: binance markets not loaded
2025-01-14 18:53:03 - ERROR - Erro ao obter precisão para ETH/USDT: binance markets not loaded
2025-01-14 18:53:03 - ERROR - Erro ao obter precisão para SOL/USDT: binance markets not loaded
2025-01-14 18:53:03 - ERROR - Erro ao obter precisão para XRP/USDT: binance markets not loaded
2025-01-14 18:53:04 - ERROR - Erro ao obter precisão para ADA/USDT: binance markets not loaded
2025-01-14 18:53:04 - ERROR - Erro ao obter precisão para BTC/USDT: binance markets not loaded
2025-01-14 18:53:04 - ERROR - Erro ao obter precisão para ETH/USDT: binance markets not loaded
2025-01-14 18:53:04 - ERROR - Erro ao obter precisão para SOL/USDT: binance markets not loaded
2025-01-14 18:53:04 - ERROR - Erro ao obter precisão para XRP/USDT: binance markets not loaded
2025-01-14 18:53:04 - ERROR - Erro ao obter precisão para ADA/USDT: binance markets not loaded
2025-01-14 18:53:04 - ERROR - Erro ao obter precisão para BTC/USDT: binance markets not loaded
2025-01-14 18:53:04 - ERROR - Erro ao obter precisão para ETH/USDT: binance markets not loaded
2025-01-14 18:53:04 - ERROR - Erro ao obter precisão para SOL/USDT: binance markets not loaded
2025-01-14 18:53:04 - ERROR - Erro ao obter precisão para XRP/USDT: binance markets not loaded
2025-01-14 18:53:05 - ERROR - Erro ao obter precisão para ADA/USDT: binance markets not loaded
2025-01-14 18:53:05 - ERROR - Erro ao obter precisão para BTC/USDT: binance markets not loaded
2025-01-14 18:53:05 - ERROR - Erro ao obter precisão para ETH/USDT: binance markets not loaded
2025-01-14 18:53:05 - ERROR - Erro ao obter precisão para SOL/USDT: binance markets not loaded
2025-01-14 18:53:05 - ERROR - Erro ao obter precisão para XRP/USDT: binance markets not loaded
2025-01-14 18:53:05 - ERROR - Erro ao obter precisão para ADA/USDT: binance markets not loaded
2025-01-14 18:53:05 - ERROR - Erro ao obter precisão para BTC/USDT: binance markets not loaded
2025-01-14 18:53:05 - ERROR - Erro ao obter precisão para ETH/USDT: binance markets not loaded
2025-01-14 18:53:05 - ERROR - Erro ao obter precisão para SOL/USDT: binance markets not loaded
2025-01-14 18:53:05 - ERROR - Erro ao obter precisão para XRP/USDT: binance markets not loaded
2025-01-14 18:53:06 - ERROR - Erro ao obter precisão para ADA/USDT: binance markets not loaded
2025-01-14 18:53:06 - ERROR - Erro ao obter precisão para BTC/USDT: binance markets not loaded
2025-01-14 18:53:06 - ERROR - Erro ao obter precisão para ETH/USDT: binance markets not loaded
2025-01-14 18:53:06 - ERROR - Erro ao obter precisão para SOL/USDT: binance markets not loaded
2025-01-14 18:53:06 - ERROR - Erro ao obter precisão para XRP/USDT: binance markets not loaded
2025-01-14 18:53:06 - ERROR - Erro ao obter precisão para ADA/USDT: binance markets not loaded
2025-01-14 18:53:06 - ERROR - Erro ao obter precisão para BTC/USDT: binance markets not loaded
2025-01-14 18:53:06 - ERROR - Erro ao obter precisão para ETH/USDT: binance markets not loaded
2025-01-14 18:53:06 - ERROR - Erro ao obter precisão para SOL/USDT: binance markets not loaded
2025-01-14 18:53:06 - ERROR - Erro ao obter precisão para XRP/USDT: binance markets not loaded
2025-01-14 18:53:06 - ERROR - Erro ao obter precisão para ADA/USDT: binance markets not loaded
2025-01-14 18:53:06 - ERROR - Erro ao obter precisão para BTC/USDT: binance markets not loaded
2025-01-14 18:53:06 - ERROR - Erro ao obter precisão para ETH/USDT: binance markets not loaded
2025-01-14 18:53:06 - ERROR - Erro ao obter precisão para SOL/USDT: binance markets not loaded
2025-01-14 18:53:06 - ERROR - Erro ao obter precisão para XRP/USDT: binance markets not loaded
2025-01-14 18:53:07 - ERROR - Erro ao obter precisão para ADA/USDT: binance markets not loaded
2025-01-14 18:53:07 - ERROR - Erro ao obter precisão para BTC/USDT: binance markets not loaded
2025-01-14 18:53:07 - ERROR - Erro ao obter precisão para ETH/USDT: binance markets not loaded
2025-01-14 18:53:07 - ERROR - Erro ao obter precisão para SOL/USDT: binance markets not loaded
2025-01-14 18:53:07 - ERROR - Erro ao obter precisão para XRP/USDT: binance markets not loaded
2025-01-14 18:53:07 - ERROR - Erro ao obter precisão para ADA/USDT: binance markets not loaded
2025-01-14 18:53:07 - ERROR - Erro ao obter precisão para BTC/USDT: binance markets not loaded
2025-01-14 18:53:07 - ERROR - Erro ao obter precisão para ETH/USDT: binance markets not loaded
2025-01-14 18:53:07 - ERROR - Erro ao obter precisão para SOL/USDT: binance markets not loaded
2025-01-14 18:53:07 - ERROR - Erro ao obter precisão para XRP/USDT: binance markets not loaded
2025-01-14 18:53:08 - ERROR - Erro ao obter precisão para ADA/USDT: binance markets not loaded
2025-01-14 18:53:08 - ERROR - Erro ao obter precisão para BTC/USDT: binance markets not loaded
2025-01-14 18:53:08 - ERROR - Erro ao obter precisão para ETH/USDT: binance markets not loaded
2025-01-14 18:53:08 - ERROR - Erro ao obter precisão para SOL/USDT: binance markets not loaded
2025-01-14 18:53:08 - ERROR - Erro ao obter precisão para XRP/USDT: binance markets not loaded
2025-01-14 18:53:08 - ERROR - Erro ao obter precisão para ADA/USDT: binance markets not loaded
2025-01-14 18:53:08 - ERROR - Erro ao obter precisão para BTC/USDT: binance markets not loaded
2025-01-14 18:53:08 - ERROR - Erro ao obter precisão para ETH/USDT: binance markets not loaded
2025-01-14 18:53:08 - ERROR - Erro ao obter precisão para SOL/USDT: binance markets not loaded
2025-01-14 18:53:08 - ERROR - Erro ao obter precisão para XRP/USDT: binance markets not loaded
2025-01-14 18:53:09 - ERROR - Erro ao obter precisão para ADA/USDT: binance markets not loaded
2025-01-14 18:53:09 - ERROR - Erro ao obter precisão para BTC/USDT: binance markets not loaded
2025-01-14 18:53:09 - ERROR - Erro ao obter precisão para ETH/USDT: binance markets not loaded
2025-01-14 18:53:09 - ERROR - Erro ao obter precisão para SOL/USDT: binance markets not loaded
2025-01-14 18:53:09 - ERROR - Erro ao obter precisão para XRP/USDT: binance markets not loaded
2025-01-14 18:53:09 - ERROR - Erro ao obter precisão para ADA/USDT: binance markets not loaded
2025-01-14 18:53:09 - ERROR - Erro ao obter precisão para BTC/USDT: binance markets not loaded
2025-01-14 18:53:09 - ERROR - Erro ao obter precisão para ETH/USDT: binance markets not loaded
2025-01-14 18:53:09 - ERROR - Erro ao obter precisão para SOL/USDT: binance markets not loaded
2025-01-14 18:53:09 - ERROR - Erro ao obter precisão para XRP/USDT: binance markets not loaded
2025-01-14 18:53:09 - ERROR - Erro ao obter precisão para ADA/USDT: binance markets not loaded
2025-01-14 18:53:09 - ERROR - Erro ao obter precisão para BTC/USDT: binance markets not loaded
2025-01-14 18:53:09 - ERROR - Erro ao obter precisão para ETH/USDT: binance markets not loaded
2025-01-14 18:53:09 - ERROR - Erro ao obter precisão para SOL/USDT: binance markets not loaded
2025-01-14 18:53:09 - ERROR - Erro ao obter precisão para XRP/USDT: binance markets not loaded
2025-01-14 18:53:10 - ERROR - Erro ao obter precisão para ADA/USDT: binance markets not loaded
2025-01-14 18:53:10 - ERROR - Erro ao obter precisão para BTC/USDT: binance markets not loaded
2025-01-14 18:53:10 - ERROR - Erro ao obter precisão para ETH/USDT: binance markets not loaded
2025-01-14 18:53:10 - ERROR - Erro ao obter precisão para SOL/USDT: binance markets not loaded
2025-01-14 18:53:10 - ERROR - Erro ao obter precisão para XRP/USDT: binance markets not loaded
2025-01-14 18:53:10 - ERROR - Erro ao obter precisão para ADA/USDT: binance markets not loaded
2025-01-14 18:53:10 - ERROR - Erro ao obter precisão para BTC/USDT: binance markets not loaded
2025-01-14 18:53:10 - ERROR - Erro ao obter precisão para ETH/USDT: binance markets not loaded
2025-01-14 18:53:10 - ERROR - Erro ao obter precisão para SOL/USDT: binance markets not loaded
2025-01-14 18:53:10 - ERROR - Erro ao obter precisão para XRP/USDT: binance markets not loaded
2025-01-14 18:53:11 - ERROR - Erro ao obter precisão para ADA/USDT: binance markets not loaded
2025-01-14 18:53:11 - ERROR - Erro ao obter precisão para BTC/USDT: binance markets not loaded
2025-01-14 18:53:11 - ERROR - Erro ao obter precisão para ETH/USDT: binance markets not loaded
2025-01-14 18:53:11 - ERROR - Erro ao obter precisão para SOL/USDT: binance markets not loaded
2025-01-14 18:53:11 - ERROR - Erro ao obter precisão para XRP/USDT: binance markets not loaded
2025-01-14 18:53:11 - ERROR - Erro ao obter precisão para ADA/USDT: binance markets not loaded
2025-01-14 18:53:11 - ERROR - Erro ao obter precisão para BTC/USDT: binance markets not loaded
2025-01-14 18:53:11 - ERROR - Erro ao obter precisão para ETH/USDT: binance markets not loaded
2025-01-14 18:53:11 - ERROR - Erro ao obter precisão para SOL/USDT: binance markets not loaded
2025-01-14 18:53:11 - ERROR - Erro ao obter precisão para XRP/USDT: binance markets not loaded
2025-01-14 18:53:12 - ERROR - Erro ao obter precisão para ADA/USDT: binance markets not loaded
2025-01-14 18:53:12 - ERROR - Erro ao obter precisão para BTC/USDT: binance markets not loaded
2025-01-14 18:53:12 - ERROR - Erro ao obter precisão para ETH/USDT: binance markets not loaded
2025-01-14 18:53:12 - ERROR - Erro ao obter precisão para SOL/USDT: binance markets not loaded
2025-01-14 18:53:12 - ERROR - Erro ao obter precisão para XRP/USDT: binance markets not loaded
2025-01-14 18:53:12 - ERROR - Erro ao obter precisão para ADA/USDT: binance markets not loaded
2025-01-14 18:53:12 - ERROR - Erro ao obter precisão para BTC/USDT: binance markets not loaded
2025-01-14 18:53:12 - ERROR - Erro ao obter precisão para ETH/USDT: binance markets not loaded
2025-01-14 18:53:12 - ERROR - Erro ao obter precisão para SOL/USDT: binance markets not loaded
2025-01-14 18:53:12 - ERROR - Erro ao obter precisão para XRP/USDT: binance markets not loaded
2025-01-14 18:53:12 - ERROR - Erro ao obter precisão para ADA/USDT: binance markets not loaded
2025-01-14 18:53:12 - ERROR - Erro ao obter precisão para BTC/USDT: binance markets not loaded
2025-01-14 18:53:12 - ERROR - Erro ao obter precisão para ETH/USDT: binance markets not loaded
2025-01-14 18:53:12 - ERROR - Erro ao obter precisão para SOL/USDT: binance markets not loaded
2025-01-14 18:53:12 - ERROR - Erro ao obter precisão para XRP/USDT: binance markets not loaded
2025-01-14 18:53:13 - ERROR - Erro ao obter precisão para ADA/USDT: binance markets not loaded
2025-01-14 18:53:13 - ERROR - Erro ao obter precisão para BTC/USDT: binance markets not loaded
2025-01-14 18:53:13 - ERROR - Erro ao obter precisão para ETH/USDT: binance markets not loaded
2025-01-14 18:53:13 - ERROR - Erro ao obter precisão para SOL/USDT: binance markets not loaded
2025-01-14 18:53:13 - ERROR - Erro ao obter precisão para XRP/USDT: binance markets not loaded
2025-01-14 18:53:13 - ERROR - Erro ao obter precisão para ADA/USDT: binance markets not loaded
2025-01-14 18:53:13 - ERROR - Erro ao obter precisão para BTC/USDT: binance markets not loaded
2025-01-14 18:53:13 - ERROR - Erro ao obter precisão para ETH/USDT: binance markets not loaded
2025-01-14 18:53:13 - ERROR - Erro ao obter precisão para SOL/USDT: binance markets not loaded
2025-01-14 18:53:13 - ERROR - Erro ao obter precisão para XRP/USDT: binance markets not loaded
2025-01-14 18:53:14 - ERROR - Erro ao obter precisão para ADA/USDT: binance markets not loaded
2025-01-14 18:53:14 - ERROR - Erro ao obter precisão para BTC/USDT: binance markets not loaded
2025-01-14 18:53:14 - ERROR - Erro ao obter precisão para ETH/USDT: binance markets not loaded
2025-01-14 18:53:14 - ERROR - Erro ao obter precisão para SOL/USDT: binance markets not loaded
2025-01-14 18:53:14 - ERROR - Erro ao obter precisão para XRP/USDT: binance markets not loaded
2025-01-14 18:53:14 - ERROR - Erro ao obter precisão para ADA/USDT: binance markets not loaded
2025-01-14 18:53:14 - ERROR - Erro ao obter precisão para BTC/USDT: binance markets not loaded
2025-01-14 18:53:14 - ERROR - Erro ao obter precisão para ETH/USDT: binance markets not loaded
2025-01-14 18:53:14 - ERROR - Erro ao obter precisão para SOL/USDT: binance markets not loaded
2025-01-14 18:53:14 - ERROR - Erro ao obter precisão para XRP/USDT: binance markets not loaded
2025-01-14 18:53:15 - ERROR - Erro ao obter precisão para ADA/USDT: binance markets not loaded
2025-01-14 18:53:15 - ERROR - Erro ao obter precisão para BTC/USDT: binance markets not loaded
2025-01-14 18:53:15 - ERROR - Erro ao obter precisão para ETH/USDT: binance markets not loaded
2025-01-14 18:53:15 - ERROR - Erro ao obter precisão para SOL/USDT: binance markets not loaded
2025-01-14 18:53:15 - ERROR - Erro ao obter precisão para XRP/USDT: binance markets not loaded
2025-01-14 18:53:15 - ERROR - Erro ao obter precisão para ADA/USDT: binance markets not loaded
2025-01-14 18:53:15 - ERROR - Erro ao obter precisão para BTC/USDT: binance markets not loaded
2025-01-14 18:53:15 - ERROR - Erro ao obter precisão para ETH/USDT: binance markets not loaded
2025-01-14 18:53:15 - ERROR - Erro ao obter precisão para SOL/USDT: binance markets not loaded
2025-01-14 18:53:15 - ERROR - Erro ao obter precisão para XRP/USDT: binance markets not loaded
2025-01-14 18:53:15 - ERROR - Erro ao obter precisão para ADA/USDT: binance markets not loaded
2025-01-14 18:53:15 - ERROR - Erro ao obter precisão para BTC/USDT: binance markets not loaded
2025-01-14 18:53:15 - ERROR - Erro ao obter precisão para ETH/USDT: binance markets not loaded
2025-01-14 18:53:15 - ERROR - Erro ao obter precisão para SOL/USDT: binance markets not loaded
2025-01-14 18:53:15 - ERROR - Erro ao obter precisão para XRP/USDT: binance markets not loaded
2025-01-14 18:53:16 - ERROR - Erro ao obter precisão para ADA/USDT: binance markets not loaded
2025-01-14 18:53:16 - ERROR - Erro ao obter precisão para BTC/USDT: binance markets not loaded
2025-01-14 18:53:16 - ERROR - Erro ao obter precisão para ETH/USDT: binance markets not loaded
2025-01-14 18:53:16 - ERROR - Erro ao obter precisão para SOL/USDT: binance markets not loaded
2025-01-14 18:53:16 - ERROR - Erro ao obter precisão para XRP/USDT: binance markets not loaded
2025-01-14 18:53:16 - ERROR - Erro ao obter precisão para ADA/USDT: binance markets not loaded
2025-01-14 18:53:16 - ERROR - Erro ao obter precisão para BTC/USDT: binance markets not loaded
2025-01-14 18:53:16 - ERROR - Erro ao obter precisão para ETH/USDT: binance markets not loaded
2025-01-14 18:53:16 - ERROR - Erro ao obter precisão para SOL/USDT: binance markets not loaded
2025-01-14 18:53:16 - ERROR - Erro ao obter precisão para XRP/USDT: binance markets not loaded
2025-01-14 18:53:17 - ERROR - Erro ao obter precisão para ADA/USDT: binance markets not loaded
2025-01-14 18:53:17 - ERROR - Erro ao obter precisão para BTC/USDT: binance markets not loaded
2025-01-14 18:53:17 - ERROR - Erro ao obter precisão para ETH/USDT: binance markets not loaded
2025-01-14 18:53:17 - ERROR - Erro ao obter precisão para SOL/USDT: binance markets not loaded
2025-01-14 18:53:17 - ERROR - Erro ao obter precisão para XRP/USDT: binance markets not loaded
2025-01-14 18:53:17 - ERROR - Erro ao obter precisão para ADA/USDT: binance markets not loaded
2025-01-14 18:53:17 - ERROR - Erro ao obter precisão para BTC/USDT: binance markets not loaded
2025-01-14 18:53:17 - ERROR - Erro ao obter precisão para ETH/USDT: binance markets not loaded
2025-01-14 18:53:17 - ERROR - Erro ao obter precisão para SOL/USDT: binance markets not loaded
2025-01-14 18:53:17 - ERROR - Erro ao obter precisão para XRP/USDT: binance markets not loaded
2025-01-14 18:53:18 - ERROR - Erro ao obter precisão para ADA/USDT: binance markets not loaded
2025-01-14 18:53:18 - ERROR - Erro ao obter precisão para BTC/USDT: binance markets not loaded
2025-01-14 18:53:18 - ERROR - Erro ao obter precisão para ETH/USDT: binance markets not loaded
2025-01-14 18:53:18 - ERROR - Erro ao obter precisão para SOL/USDT: binance markets not loaded
2025-01-14 18:53:18 - ERROR - Erro ao obter precisão para XRP/USDT: binance markets not loaded
2025-01-14 18:53:18 - ERROR - Erro ao obter precisão para ADA/USDT: binance markets not loaded
2025-01-14 18:53:18 - ERROR - Erro ao obter precisão para BTC/USDT: binance markets not loaded
2025-01-14 18:53:18 - ERROR - Erro ao obter precisão para ETH/USDT: binance markets not loaded
2025-01-14 18:53:18 - ERROR - Erro ao obter precisão para SOL/USDT: binance markets not loaded
2025-01-14 18:53:18 - ERROR - Erro ao obter precisão para XRP/USDT: binance markets not loaded
2025-01-14 18:53:18 - ERROR - Erro ao obter precisão para ADA/USDT: binance markets not loaded
2025-01-14 18:53:18 - ERROR - Erro ao obter precisão para BTC/USDT: binance markets not loaded
2025-01-14 18:53:18 - ERROR - Erro ao obter precisão para ETH/USDT: binance markets not loaded
2025-01-14 18:53:18 - ERROR - Erro ao obter precisão para SOL/USDT: binance markets not loaded
2025-01-14 18:53:18 - ERROR - Erro ao obter precisão para XRP/USDT: binance markets not loaded
2025-01-14 18:53:19 - ERROR - Erro ao obter precisão para ADA/USDT: binance markets not loaded
2025-01-14 18:53:19 - ERROR - Erro ao obter precisão para BTC/USDT: binance markets not loaded
2025-01-14 18:53:19 - ERROR - Erro ao obter precisão para ETH/USDT: binance markets not loaded
2025-01-14 18:53:19 - ERROR - Erro ao obter precisão para SOL/USDT: binance markets not loaded
2025-01-14 18:53:19 - ERROR - Erro ao obter precisão para XRP/USDT: binance markets not loaded
2025-01-14 18:53:19 - ERROR - Erro ao obter precisão para ADA/USDT: binance markets not loaded
2025-01-14 18:53:19 - ERROR - Erro ao obter precisão para BTC/USDT: binance markets not loaded
2025-01-14 18:53:19 - ERROR - Erro ao obter precisão para ETH/USDT: binance markets not loaded
2025-01-14 18:53:19 - ERROR - Erro ao obter precisão para SOL/USDT: binance markets not loaded
2025-01-14 18:53:19 - ERROR - Erro ao obter precisão para XRP/USDT: binance markets not loaded
2025-01-14 18:53:20 - ERROR - Erro ao obter precisão para ADA/USDT: binance markets not loaded
2025-01-14 18:53:20 - ERROR - Erro ao obter precisão para BTC/USDT: binance markets not loaded
2025-01-14 18:53:20 - ERROR - Erro ao obter precisão para ETH/USDT: binance markets not loaded
2025-01-14 18:53:20 - ERROR - Erro ao obter precisão para SOL/USDT: binance markets not loaded
2025-01-14 18:53:20 - ERROR - Erro ao obter precisão para XRP/USDT: binance markets not loaded
2025-01-14 18:53:20 - ERROR - Erro ao obter precisão para ADA/USDT: binance markets not loaded
2025-01-14 18:53:20 - ERROR - Erro ao obter precisão para BTC/USDT: binance markets not loaded
2025-01-14 18:53:20 - ERROR - Erro ao obter precisão para ETH/USDT: binance markets not loaded
2025-01-14 18:53:20 - ERROR - Erro ao obter precisão para SOL/USDT: binance markets not loaded
2025-01-14 18:53:20 - ERROR - Erro ao obter precisão para XRP/USDT: binance markets not loaded
2025-01-14 18:53:21 - ERROR - Erro ao obter precisão para ADA/USDT: binance markets not loaded
2025-01-14 18:53:21 - ERROR - Erro ao obter precisão para BTC/USDT: binance markets not loaded
2025-01-14 18:53:21 - ERROR - Erro ao obter precisão para ETH/USDT: binance markets not loaded
2025-01-14 18:53:21 - ERROR - Erro ao obter precisão para SOL/USDT: binance markets not loaded
2025-01-14 18:53:21 - ERROR - Erro ao obter precisão para XRP/USDT: binance markets not loaded
2025-01-14 18:53:21 - ERROR - Erro ao obter precisão para ADA/USDT: binance markets not loaded
2025-01-14 18:53:21 - ERROR - Erro ao obter precisão para BTC/USDT: binance markets not loaded
2025-01-14 18:53:21 - ERROR - Erro ao obter precisão para ETH/USDT: binance markets not loaded
2025-01-14 18:53:21 - ERROR - Erro ao obter precisão para SOL/USDT: binance markets not loaded
2025-01-14 18:53:21 - ERROR - Erro ao obter precisão para XRP/USDT: binance markets not loaded
2025-01-14 18:53:21 - ERROR - Erro ao obter precisão para ADA/USDT: binance markets not loaded
2025-01-14 18:53:21 - ERROR - Erro ao obter precisão para BTC/USDT: binance markets not loaded
2025-01-14 18:53:21 - ERROR - Erro ao obter precisão para ETH/USDT: binance markets not loaded
2025-01-14 18:53:21 - ERROR - Erro ao obter precisão para SOL/USDT: binance markets not loaded
2025-01-14 18:53:21 - ERROR - Erro ao obter precisão para XRP/USDT: binance markets not loaded
2025-01-14 18:53:22 - ERROR - Erro ao obter precisão para ADA/USDT: binance markets not loaded
2025-01-14 18:53:22 - ERROR - Erro ao obter precisão para BTC/USDT: binance markets not loaded
2025-01-14 18:53:22 - ERROR - Erro ao obter precisão para ETH/USDT: binance markets not loaded
2025-01-14 18:53:22 - ERROR - Erro ao obter precisão para SOL/USDT: binance markets not loaded
2025-01-14 18:53:22 - ERROR - Erro ao obter precisão para XRP/USDT: binance markets not loaded
2025-01-14 18:53:22 - ERROR - Erro ao obter precisão para ADA/USDT: binance markets not loaded
2025-01-14 18:53:22 - ERROR - Erro ao obter precisão para BTC/USDT: binance markets not loaded
2025-01-14 18:53:22 - ERROR - Erro ao obter precisão para ETH/USDT: binance markets not loaded
2025-01-14 18:53:22 - ERROR - Erro ao obter precisão para SOL/USDT: binance markets not loaded
2025-01-14 18:53:22 - ERROR - Erro ao obter precisão para XRP/USDT: binance markets not loaded
2025-01-14 18:53:23 - ERROR - Erro ao obter precisão para ADA/USDT: binance markets not loaded
2025-01-14 18:53:23 - ERROR - Erro ao obter precisão para BTC/USDT: binance markets not loaded
2025-01-14 18:53:23 - ERROR - Erro ao obter precisão para ETH/USDT: binance markets not loaded
2025-01-14 18:53:23 - ERROR - Erro ao obter precisão para SOL/USDT: binance markets not loaded
2025-01-14 18:53:23 - ERROR - Erro ao obter precisão para XRP/USDT: binance markets not loaded
2025-01-14 18:53:23 - ERROR - Erro ao obter precisão para ADA/USDT: binance markets not loaded
2025-01-14 18:53:23 - ERROR - Erro ao obter precisão para BTC/USDT: binance markets not loaded
2025-01-14 18:53:23 - ERROR - Erro ao obter precisão para ETH/USDT: binance markets not loaded
2025-01-14 18:53:23 - ERROR - Erro ao obter precisão para SOL/USDT: binance markets not loaded
2025-01-14 18:53:23 - ERROR - Erro ao obter precisão para XRP/USDT: binance markets not loaded
2025-01-14 18:53:24 - ERROR - Erro ao obter precisão para ADA/USDT: binance markets not loaded
2025-01-14 18:53:24 - ERROR - Erro ao obter precisão para BTC/USDT: binance markets not loaded
2025-01-14 18:53:24 - ERROR - Erro ao obter precisão para ETH/USDT: binance markets not loaded
2025-01-14 18:53:24 - ERROR - Erro ao obter precisão para SOL/USDT: binance markets not loaded
2025-01-14 18:53:24 - ERROR - Erro ao obter precisão para XRP/USDT: binance markets not loaded
2025-01-14 18:53:24 - ERROR - Erro ao obter precisão para ADA/USDT: binance markets not loaded
2025-01-14 18:53:24 - ERROR - Erro ao obter precisão para BTC/USDT: binance markets not loaded
2025-01-14 18:53:24 - ERROR - Erro ao obter precisão para ETH/USDT: binance markets not loaded
2025-01-14 18:53:24 - ERROR - Erro ao obter precisão para SOL/USDT: binance markets not loaded
2025-01-14 18:53:24 - ERROR - Erro ao obter precisão para XRP/USDT: binance markets not loaded
2025-01-14 18:53:24 - ERROR - Erro ao obter precisão para ADA/USDT: binance markets not loaded
2025-01-14 18:53:24 - ERROR - Erro ao obter precisão para BTC/USDT: binance markets not loaded
2025-01-14 18:53:24 - ERROR - Erro ao obter precisão para ETH/USDT: binance markets not loaded
2025-01-14 18:53:24 - ERROR - Erro ao obter precisão para SOL/USDT: binance markets not loaded
2025-01-14 18:53:24 - ERROR - Erro ao obter precisão para XRP/USDT: binance markets not loaded
2025-01-14 18:53:25 - ERROR - Erro ao obter precisão para ADA/USDT: binance markets not loaded
2025-01-14 18:53:25 - ERROR - Erro ao obter precisão para BTC/USDT: binance markets not loaded
2025-01-14 18:53:25 - ERROR - Erro ao obter precisão para ETH/USDT: binance markets not loaded
2025-01-14 18:53:25 - ERROR - Erro ao obter precisão para SOL/USDT: binance markets not loaded
2025-01-14 18:53:25 - ERROR - Erro ao obter precisão para XRP/USDT: binance markets not loaded
2025-01-14 18:53:25 - ERROR - Erro ao obter precisão para ADA/USDT: binance markets not loaded
2025-01-14 18:53:25 - ERROR - Erro ao obter precisão para BTC/USDT: binance markets not loaded
2025-01-14 18:53:25 - ERROR - Erro ao obter precisão para ETH/USDT: binance markets not loaded
2025-01-14 18:53:25 - ERROR - Erro ao obter precisão para SOL/USDT: binance markets not loaded
2025-01-14 18:53:25 - ERROR - Erro ao obter precisão para XRP/USDT: binance markets not loaded
2025-01-14 18:53:26 - ERROR - Erro ao obter precisão para ADA/USDT: binance markets not loaded
2025-01-14 18:53:26 - ERROR - Erro ao obter precisão para BTC/USDT: binance markets not loaded
2025-01-14 18:53:26 - ERROR - Erro ao obter precisão para ETH/USDT: binance markets not loaded
2025-01-14 18:53:26 - ERROR - Erro ao obter precisão para SOL/USDT: binance markets not loaded
2025-01-14 18:53:26 - ERROR - Erro ao obter precisão para XRP/USDT: binance markets not loaded
2025-01-14 18:53:26 - ERROR - Erro ao obter precisão para ADA/USDT: binance markets not loaded
2025-01-14 18:53:26 - ERROR - Erro ao obter precisão para BTC/USDT: binance markets not loaded
2025-01-14 18:53:26 - ERROR - Erro ao obter precisão para ETH/USDT: binance markets not loaded
2025-01-14 18:53:26 - ERROR - Erro ao obter precisão para SOL/USDT: binance markets not loaded
2025-01-14 18:53:26 - ERROR - Erro ao obter precisão para XRP/USDT: binance markets not loaded
2025-01-14 18:53:27 - ERROR - Erro ao obter precisão para ADA/USDT: binance markets not loaded
2025-01-14 18:53:27 - ERROR - Erro ao obter precisão para BTC/USDT: binance markets not loaded
2025-01-14 18:53:27 - ERROR - Erro ao obter precisão para ETH/USDT: binance markets not loaded
2025-01-14 18:53:27 - ERROR - Erro ao obter precisão para SOL/USDT: binance markets not loaded
2025-01-14 18:53:27 - ERROR - Erro ao obter precisão para XRP/USDT: binance markets not loaded
2025-01-14 18:53:27 - ERROR - Erro ao obter precisão para ADA/USDT: binance markets not loaded
2025-01-14 18:53:27 - ERROR - Erro ao obter precisão para BTC/USDT: binance markets not loaded
2025-01-14 18:53:27 - ERROR - Erro ao obter precisão para ETH/USDT: binance markets not loaded
2025-01-14 18:53:27 - ERROR - Erro ao obter precisão para SOL/USDT: binance markets not loaded
2025-01-14 18:53:27 - ERROR - Erro ao obter precisão para XRP/USDT: binance markets not loaded
2025-01-14 18:53:28 - ERROR - Erro ao obter precisão para ADA/USDT: binance markets not loaded
2025-01-14 18:53:28 - ERROR - Erro ao obter precisão para BTC/USDT: binance markets not loaded
2025-01-14 18:53:28 - ERROR - Erro ao obter precisão para ETH/USDT: binance markets not loaded
2025-01-14 18:53:28 - ERROR - Erro ao obter precisão para SOL/USDT: binance markets not loaded
2025-01-14 18:53:28 - ERROR - Erro ao obter precisão para XRP/USDT: binance markets not loaded
2025-01-14 18:53:28 - ERROR - Erro ao obter precisão para ADA/USDT: binance markets not loaded
2025-01-14 18:53:28 - ERROR - Erro ao obter precisão para BTC/USDT: binance markets not loaded
2025-01-14 18:53:28 - ERROR - Erro ao obter precisão para ETH/USDT: binance markets not loaded
2025-01-14 18:53:28 - ERROR - Erro ao obter precisão para SOL/USDT: binance markets not loaded
2025-01-14 18:53:28 - ERROR - Erro ao obter precisão para XRP/USDT: binance markets not loaded
2025-01-14 18:53:28 - ERROR - Erro ao obter precisão para ADA/USDT: binance markets not loaded
2025-01-14 18:53:28 - ERROR - Erro ao obter precisão para BTC/USDT: binance markets not loaded
2025-01-14 18:53:28 - ERROR - Erro ao obter precisão para ETH/USDT: binance markets not loaded
2025-01-14 18:53:28 - ERROR - Erro ao obter precisão para SOL/USDT: binance markets not loaded
2025-01-14 18:53:28 - ERROR - Erro ao obter precisão para XRP/USDT: binance markets not loaded
2025-01-14 18:53:29 - ERROR - Erro ao obter precisão para ADA/USDT: binance markets not loaded
2025-01-14 18:53:29 - ERROR - Erro ao obter precisão para BTC/USDT: binance markets not loaded
2025-01-14 18:53:29 - ERROR - Erro ao obter precisão para ETH/USDT: binance markets not loaded
2025-01-14 18:53:29 - ERROR - Erro ao obter precisão para SOL/USDT: binance markets not loaded
2025-01-14 18:53:29 - ERROR - Erro ao obter precisão para XRP/USDT: binance markets not loaded
2025-01-14 18:53:29 - ERROR - Erro ao obter precisão para ADA/USDT: binance markets not loaded
2025-01-14 18:53:29 - ERROR - Erro ao obter precisão para BTC/USDT: binance markets not loaded
2025-01-14 18:53:29 - ERROR - Erro ao obter precisão para ETH/USDT: binance markets not loaded
2025-01-14 18:53:29 - ERROR - Erro ao obter precisão para SOL/USDT: binance markets not loaded
2025-01-14 18:53:29 - ERROR - Erro ao obter precisão para XRP/USDT: binance markets not loaded
2025-01-14 18:53:30 - ERROR - Erro ao obter precisão para ADA/USDT: binance markets not loaded
2025-01-14 18:53:30 - ERROR - Erro ao obter precisão para BTC/USDT: binance markets not loaded
2025-01-14 18:53:30 - ERROR - Erro ao obter precisão para ETH/USDT: binance markets not loaded
2025-01-14 18:53:30 - ERROR - Erro ao obter precisão para SOL/USDT: binance markets not loaded
2025-01-14 18:53:30 - ERROR - Erro ao obter precisão para XRP/USDT: binance markets not loaded
2025-01-14 18:53:30 - ERROR - Erro ao obter precisão para ADA/USDT: binance markets not loaded
2025-01-14 18:53:30 - ERROR - Erro ao obter precisão para BTC/USDT: binance markets not loaded
2025-01-14 18:53:30 - ERROR - Erro ao obter precisão para ETH/USDT: binance markets not loaded
2025-01-14 18:53:30 - ERROR - Erro ao obter precisão para SOL/USDT: binance markets not loaded
2025-01-14 18:53:30 - ERROR - Erro ao obter precisão para XRP/USDT: binance markets not loaded
2025-01-14 18:53:31 - ERROR - Erro ao obter precisão para ADA/USDT: binance markets not loaded
2025-01-14 18:53:31 - ERROR - Erro ao obter precisão para BTC/USDT: binance markets not loaded
2025-01-14 18:53:31 - ERROR - Erro ao obter precisão para ETH/USDT: binance markets not loaded
2025-01-14 18:53:31 - ERROR - Erro ao obter precisão para SOL/USDT: binance markets not loaded
2025-01-14 18:53:31 - ERROR - Erro ao obter precisão para XRP/USDT: binance markets not loaded
2025-01-14 18:53:31 - ERROR - Erro ao obter precisão para ADA/USDT: binance markets not loaded
2025-01-14 18:53:31 - ERROR - Erro ao obter precisão para BTC/USDT: binance markets not loaded
2025-01-14 18:53:31 - ERROR - Erro ao obter precisão para ETH/USDT: binance markets not loaded
2025-01-14 18:53:31 - ERROR - Erro ao obter precisão para SOL/USDT: binance markets not loaded
2025-01-14 18:53:31 - ERROR - Erro ao obter precisão para XRP/USDT: binance markets not loaded
2025-01-14 18:53:31 - ERROR - Erro ao obter precisão para ADA/USDT: binance markets not loaded
2025-01-14 18:53:31 - ERROR - Erro ao obter precisão para BTC/USDT: binance markets not loaded
2025-01-14 18:53:31 - ERROR - Erro ao obter precisão para ETH/USDT: binance markets not loaded
2025-01-14 18:53:31 - ERROR - Erro ao obter precisão para SOL/USDT: binance markets not loaded
2025-01-14 18:53:31 - ERROR - Erro ao obter precisão para XRP/USDT: binance markets not loaded
2025-01-14 18:53:32 - ERROR - Erro ao obter precisão para ADA/USDT: binance markets not loaded
2025-01-14 18:53:32 - ERROR - Erro ao obter precisão para BTC/USDT: binance markets not loaded
2025-01-14 18:53:32 - ERROR - Erro ao obter precisão para ETH/USDT: binance markets not loaded
2025-01-14 18:53:32 - ERROR - Erro ao obter precisão para SOL/USDT: binance markets not loaded
2025-01-14 18:53:32 - ERROR - Erro ao obter precisão para XRP/USDT: binance markets not loaded
2025-01-14 18:53:32 - ERROR - Erro ao obter precisão para ADA/USDT: binance markets not loaded
2025-01-14 18:53:32 - ERROR - Erro ao obter precisão para BTC/USDT: binance markets not loaded
2025-01-14 18:53:32 - ERROR - Erro ao obter precisão para ETH/USDT: binance markets not loaded
2025-01-14 18:53:32 - ERROR - Erro ao obter precisão para SOL/USDT: binance markets not loaded
2025-01-14 18:53:32 - ERROR - Erro ao obter precisão para XRP/USDT: binance markets not loaded
2025-01-14 18:53:33 - ERROR - Erro ao obter precisão para ADA/USDT: binance markets not loaded
2025-01-14 18:53:33 - ERROR - Erro ao obter precisão para BTC/USDT: binance markets not loaded
2025-01-14 18:53:33 - ERROR - Erro ao obter precisão para ETH/USDT: binance markets not loaded
2025-01-14 18:53:33 - ERROR - Erro ao obter precisão para SOL/USDT: binance markets not loaded
2025-01-14 18:53:33 - ERROR - Erro ao obter precisão para XRP/USDT: binance markets not loaded
2025-01-14 18:53:33 - ERROR - Erro ao obter precisão para ADA/USDT: binance markets not loaded
2025-01-14 18:53:33 - ERROR - Erro ao obter precisão para BTC/USDT: binance markets not loaded
2025-01-14 18:53:33 - ERROR - Erro ao obter precisão para ETH/USDT: binance markets not loaded
2025-01-14 18:53:33 - ERROR - Erro ao obter precisão para SOL/USDT: binance markets not loaded
2025-01-14 18:53:33 - ERROR - Erro ao obter precisão para XRP/USDT: binance markets not loaded
2025-01-14 18:53:34 - ERROR - Erro ao obter precisão para ADA/USDT: binance markets not loaded
2025-01-14 18:53:34 - ERROR - Erro ao obter precisão para BTC/USDT: binance markets not loaded
2025-01-14 18:53:34 - ERROR - Erro ao obter precisão para ETH/USDT: binance markets not loaded
2025-01-14 18:53:34 - ERROR - Erro ao obter precisão para SOL/USDT: binance markets not loaded
2025-01-14 18:53:34 - ERROR - Erro ao obter precisão para XRP/USDT: binance markets not loaded
2025-01-14 18:53:34 - ERROR - Erro ao obter precisão para ADA/USDT: binance markets not loaded
2025-01-14 18:53:34 - ERROR - Erro ao obter precisão para BTC/USDT: binance markets not loaded
2025-01-14 18:53:34 - ERROR - Erro ao obter precisão para ETH/USDT: binance markets not loaded
2025-01-14 18:53:34 - ERROR - Erro ao obter precisão para SOL/USDT: binance markets not loaded
2025-01-14 18:53:34 - ERROR - Erro ao obter precisão para XRP/USDT: binance markets not loaded
2025-01-14 18:53:34 - ERROR - Erro ao obter precisão para ADA/USDT: binance markets not loaded
2025-01-14 18:53:34 - ERROR - Erro ao obter precisão para BTC/USDT: binance markets not loaded
2025-01-14 18:53:34 - ERROR - Erro ao obter precisão para ETH/USDT: binance markets not loaded
2025-01-14 18:53:34 - ERROR - Erro ao obter precisão para SOL/USDT: binance markets not loaded
2025-01-14 18:53:34 - ERROR - Erro ao obter precisão para XRP/USDT: binance markets not loaded
2025-01-14 18:53:35 - ERROR - Erro ao obter precisão para ADA/USDT: binance markets not loaded
2025-01-14 18:53:35 - ERROR - Erro ao obter precisão para BTC/USDT: binance markets not loaded
2025-01-14 18:53:35 - ERROR - Erro ao obter precisão para ETH/USDT: binance markets not loaded
2025-01-14 18:53:35 - ERROR - Erro ao obter precisão para SOL/USDT: binance markets not loaded
2025-01-14 18:53:35 - ERROR - Erro ao obter precisão para XRP/USDT: binance markets not loaded
2025-01-14 18:53:35 - ERROR - Erro ao obter precisão para ADA/USDT: binance markets not loaded
2025-01-14 18:53:35 - ERROR - Erro ao obter precisão para BTC/USDT: binance markets not loaded
2025-01-14 18:53:35 - ERROR - Erro ao obter precisão para ETH/USDT: binance markets not loaded
2025-01-14 18:53:35 - ERROR - Erro ao obter precisão para SOL/USDT: binance markets not loaded
2025-01-14 18:53:35 - ERROR - Erro ao obter precisão para XRP/USDT: binance markets not loaded
2025-01-14 18:53:36 - ERROR - Erro ao obter precisão para ADA/USDT: binance markets not loaded
2025-01-14 18:53:36 - ERROR - Erro ao obter precisão para BTC/USDT: binance markets not loaded
2025-01-14 18:53:36 - ERROR - Erro ao obter precisão para ETH/USDT: binance markets not loaded
2025-01-14 18:53:36 - ERROR - Erro ao obter precisão para SOL/USDT: binance markets not loaded
2025-01-14 18:53:36 - ERROR - Erro ao obter precisão para XRP/USDT: binance markets not loaded
2025-01-14 18:53:36 - ERROR - Erro ao obter precisão para ADA/USDT: binance markets not loaded
2025-01-14 18:53:36 - ERROR - Erro ao obter precisão para BTC/USDT: binance markets not loaded
2025-01-14 18:53:36 - ERROR - Erro ao obter precisão para ETH/USDT: binance markets not loaded
2025-01-14 18:53:36 - ERROR - Erro ao obter precisão para SOL/USDT: binance markets not loaded
2025-01-14 18:53:36 - ERROR - Erro ao obter precisão para XRP/USDT: binance markets not loaded
2025-01-14 18:53:37 - ERROR - Erro ao obter precisão para ADA/USDT: binance markets not loaded
2025-01-14 18:53:37 - ERROR - Erro ao obter precisão para BTC/USDT: binance markets not loaded
2025-01-14 18:53:37 - ERROR - Erro ao obter precisão para ETH/USDT: binance markets not loaded
2025-01-14 18:53:37 - ERROR - Erro ao obter precisão para SOL/USDT: binance markets not loaded
2025-01-14 18:53:37 - ERROR - Erro ao obter precisão para XRP/USDT: binance markets not loaded
2025-01-14 18:53:37 - ERROR - Erro ao obter precisão para ADA/USDT: binance markets not loaded
2025-01-14 18:53:37 - ERROR - Erro ao obter precisão para BTC/USDT: binance markets not loaded
2025-01-14 18:53:37 - ERROR - Erro ao obter precisão para ETH/USDT: binance markets not loaded
2025-01-14 18:53:37 - ERROR - Erro ao obter precisão para SOL/USDT: binance markets not loaded
2025-01-14 18:53:37 - ERROR - Erro ao obter precisão para XRP/USDT: binance markets not loaded
2025-01-14 18:53:37 - ERROR - Erro ao obter precisão para ADA/USDT: binance markets not loaded
2025-01-14 18:53:37 - ERROR - Erro ao obter precisão para BTC/USDT: binance markets not loaded
2025-01-14 18:53:37 - ERROR - Erro ao obter precisão para ETH/USDT: binance markets not loaded
2025-01-14 18:53:37 - ERROR - Erro ao obter precisão para SOL/USDT: binance markets not loaded
2025-01-14 18:53:37 - ERROR - Erro ao obter precisão para XRP/USDT: binance markets not loaded
2025-01-14 18:53:38 - ERROR - Erro ao obter precisão para ADA/USDT: binance markets not loaded
2025-01-14 18:53:38 - ERROR - Erro ao obter precisão para BTC/USDT: binance markets not loaded
2025-01-14 18:53:38 - ERROR - Erro ao obter precisão para ETH/USDT: binance markets not loaded
2025-01-14 18:53:38 - ERROR - Erro ao obter precisão para SOL/USDT: binance markets not loaded
2025-01-14 18:53:38 - ERROR - Erro ao obter precisão para XRP/USDT: binance markets not loaded
2025-01-14 18:53:38 - ERROR - Erro ao obter precisão para ADA/USDT: binance markets not loaded
2025-01-14 18:53:38 - ERROR - Erro ao obter precisão para BTC/USDT: binance markets not loaded
2025-01-14 18:53:38 - ERROR - Erro ao obter precisão para ETH/USDT: binance markets not loaded
2025-01-14 18:53:38 - ERROR - Erro ao obter precisão para SOL/USDT: binance markets not loaded
2025-01-14 18:53:38 - ERROR - Erro ao obter precisão para XRP/USDT: binance markets not loaded
2025-01-14 18:53:39 - ERROR - Erro ao obter precisão para ADA/USDT: binance markets not loaded
2025-01-14 18:53:39 - ERROR - Erro ao obter precisão para BTC/USDT: binance markets not loaded
2025-01-14 18:53:39 - ERROR - Erro ao obter precisão para ETH/USDT: binance markets not loaded
2025-01-14 18:53:39 - ERROR - Erro ao obter precisão para SOL/USDT: binance markets not loaded
2025-01-14 18:53:39 - ERROR - Erro ao obter precisão para XRP/USDT: binance markets not loaded
2025-01-14 18:53:39 - ERROR - Erro ao obter precisão para ADA/USDT: binance markets not loaded
2025-01-14 18:53:39 - ERROR - Erro ao obter precisão para BTC/USDT: binance markets not loaded
2025-01-14 18:53:39 - ERROR - Erro ao obter precisão para ETH/USDT: binance markets not loaded
2025-01-14 18:53:39 - ERROR - Erro ao obter precisão para SOL/USDT: binance markets not loaded
2025-01-14 18:53:39 - ERROR - Erro ao obter precisão para XRP/USDT: binance markets not loaded
2025-01-14 18:53:40 - ERROR - Erro ao obter precisão para ADA/USDT: binance markets not loaded
2025-01-14 18:53:40 - ERROR - Erro ao obter precisão para BTC/USDT: binance markets not loaded
2025-01-14 18:53:40 - ERROR - Erro ao obter precisão para ETH/USDT: binance markets not loaded
2025-01-14 18:53:40 - ERROR - Erro ao obter precisão para SOL/USDT: binance markets not loaded
2025-01-14 18:53:40 - ERROR - Erro ao obter precisão para XRP/USDT: binance markets not loaded
2025-01-14 18:53:40 - ERROR - Erro ao obter precisão para ADA/USDT: binance markets not loaded
2025-01-14 18:53:40 - ERROR - Erro ao obter precisão para BTC/USDT: binance markets not loaded
2025-01-14 18:53:40 - ERROR - Erro ao obter precisão para ETH/USDT: binance markets not loaded
2025-01-14 18:53:40 - ERROR - Erro ao obter precisão para SOL/USDT: binance markets not loaded
2025-01-14 18:53:40 - ERROR - Erro ao obter precisão para XRP/USDT: binance markets not loaded
2025-01-14 18:53:40 - ERROR - Erro ao obter precisão para ADA/USDT: binance markets not loaded
2025-01-14 18:53:40 - ERROR - Erro ao obter precisão para BTC/USDT: binance markets not loaded
2025-01-14 18:53:40 - ERROR - Erro ao obter precisão para ETH/USDT: binance markets not loaded
2025-01-14 18:53:40 - ERROR - Erro ao obter precisão para SOL/USDT: binance markets not loaded
2025-01-14 18:53:40 - ERROR - Erro ao obter precisão para XRP/USDT: binance markets not loaded
2025-01-14 18:53:41 - ERROR - Erro ao obter precisão para ADA/USDT: binance markets not loaded
2025-01-14 18:53:41 - ERROR - Erro ao obter precisão para BTC/USDT: binance markets not loaded
2025-01-14 18:53:41 - ERROR - Erro ao obter precisão para ETH/USDT: binance markets not loaded
2025-01-14 18:53:41 - ERROR - Erro ao obter precisão para SOL/USDT: binance markets not loaded
2025-01-14 18:53:41 - ERROR - Erro ao obter precisão para XRP/USDT: binance markets not loaded
2025-01-14 18:53:41 - ERROR - Erro ao obter precisão para ADA/USDT: binance markets not loaded
2025-01-14 18:53:41 - ERROR - Erro ao obter precisão para BTC/USDT: binance markets not loaded
2025-01-14 18:53:41 - ERROR - Erro ao obter precisão para ETH/USDT: binance markets not loaded
2025-01-14 18:53:41 - ERROR - Erro ao obter precisão para SOL/USDT: binance markets not loaded
2025-01-14 18:53:41 - ERROR - Erro ao obter precisão para XRP/USDT: binance markets not loaded
2025-01-14 18:53:42 - ERROR - Erro ao obter precisão para ADA/USDT: binance markets not loaded
2025-01-14 18:53:42 - ERROR - Erro ao obter precisão para BTC/USDT: binance markets not loaded
2025-01-14 18:53:42 - ERROR - Erro ao obter precisão para ETH/USDT: binance markets not loaded
2025-01-14 18:53:42 - ERROR - Erro ao obter precisão para SOL/USDT: binance markets not loaded
2025-01-14 18:53:42 - ERROR - Erro ao obter precisão para XRP/USDT: binance markets not loaded
2025-01-14 18:53:42 - ERROR - Erro ao obter precisão para ADA/USDT: binance markets not loaded
2025-01-14 18:53:42 - ERROR - Erro ao obter precisão para BTC/USDT: binance markets not loaded
2025-01-14 18:53:42 - ERROR - Erro ao obter precisão para ETH/USDT: binance markets not loaded
2025-01-14 18:53:42 - ERROR - Erro ao obter precisão para SOL/USDT: binance markets not loaded
2025-01-14 18:53:42 - ERROR - Erro ao obter precisão para XRP/USDT: binance markets not loaded
2025-01-14 18:53:43 - ERROR - Erro ao obter precisão para ADA/USDT: binance markets not loaded
2025-01-14 18:53:43 - ERROR - Erro ao obter precisão para BTC/USDT: binance markets not loaded
2025-01-14 18:53:43 - ERROR - Erro ao obter precisão para ETH/USDT: binance markets not loaded
2025-01-14 18:53:43 - ERROR - Erro ao obter precisão para SOL/USDT: binance markets not loaded
2025-01-14 18:53:43 - ERROR - Erro ao obter precisão para XRP/USDT: binance markets not loaded
2025-01-14 18:53:43 - ERROR - Erro ao obter precisão para ADA/USDT: binance markets not loaded
2025-01-14 18:53:43 - ERROR - Erro ao obter precisão para BTC/USDT: binance markets not loaded
2025-01-14 18:53:43 - ERROR - Erro ao obter precisão para ETH/USDT: binance markets not loaded
2025-01-14 18:53:43 - ERROR - Erro ao obter precisão para SOL/USDT: binance markets not loaded
2025-01-14 18:53:43 - ERROR - Erro ao obter precisão para XRP/USDT: binance markets not loaded
2025-01-14 18:53:43 - ERROR - Erro ao obter precisão para ADA/USDT: binance markets not loaded
2025-01-14 18:53:43 - ERROR - Erro ao obter precisão para BTC/USDT: binance markets not loaded
2025-01-14 18:53:43 - ERROR - Erro ao obter precisão para ETH/USDT: binance markets not loaded
2025-01-14 18:53:43 - ERROR - Erro ao obter precisão para SOL/USDT: binance markets not loaded
2025-01-14 18:53:43 - ERROR - Erro ao obter precisão para XRP/USDT: binance markets not loaded
2025-01-14 18:53:44 - ERROR - Erro ao obter precisão para ADA/USDT: binance markets not loaded
2025-01-14 18:53:44 - ERROR - Erro ao obter precisão para BTC/USDT: binance markets not loaded
2025-01-14 18:53:44 - ERROR - Erro ao obter precisão para ETH/USDT: binance markets not loaded
2025-01-14 18:53:44 - ERROR - Erro ao obter precisão para SOL/USDT: binance markets not loaded
2025-01-14 18:53:44 - ERROR - Erro ao obter precisão para XRP/USDT: binance markets not loaded
2025-01-14 18:53:44 - ERROR - Erro ao obter precisão para ADA/USDT: binance markets not loaded
2025-01-14 18:53:44 - ERROR - Erro ao obter precisão para BTC/USDT: binance markets not loaded
2025-01-14 18:53:44 - ERROR - Erro ao obter precisão para ETH/USDT: binance markets not loaded
2025-01-14 18:53:44 - ERROR - Erro ao obter precisão para SOL/USDT: binance markets not loaded
2025-01-14 18:53:44 - ERROR - Erro ao obter precisão para XRP/USDT: binance markets not loaded
2025-01-14 18:53:45 - ERROR - Erro ao obter precisão para ADA/USDT: binance markets not loaded
2025-01-14 18:53:45 - ERROR - Erro ao obter precisão para BTC/USDT: binance markets not loaded
2025-01-14 18:53:45 - ERROR - Erro ao obter precisão para ETH/USDT: binance markets not loaded
2025-01-14 18:53:45 - ERROR - Erro ao obter precisão para SOL/USDT: binance markets not loaded
2025-01-14 18:53:45 - ERROR - Erro ao obter precisão para XRP/USDT: binance markets not loaded
2025-01-14 18:53:45 - ERROR - Erro ao obter precisão para ADA/USDT: binance markets not loaded
2025-01-14 18:53:45 - ERROR - Erro ao obter precisão para BTC/USDT: binance markets not loaded
2025-01-14 18:53:45 - ERROR - Erro ao obter precisão para ETH/USDT: binance markets not loaded
2025-01-14 18:53:45 - ERROR - Erro ao obter precisão para SOL/USDT: binance markets not loaded
2025-01-14 18:53:45 - ERROR - Erro ao obter precisão para XRP/USDT: binance markets not loaded
2025-01-14 18:53:46 - ERROR - Erro ao obter precisão para ADA/USDT: binance markets not loaded
2025-01-14 18:53:46 - ERROR - Erro ao obter precisão para BTC/USDT: binance markets not loaded
2025-01-14 18:53:46 - ERROR - Erro ao obter precisão para ETH/USDT: binance markets not loaded
2025-01-14 18:53:46 - ERROR - Erro ao obter precisão para SOL/USDT: binance markets not loaded
2025-01-14 18:53:46 - ERROR - Erro ao obter precisão para XRP/USDT: binance markets not loaded
2025-01-14 18:53:46 - ERROR - Erro ao obter precisão para ADA/USDT: binance markets not loaded
2025-01-14 18:53:46 - ERROR - Erro ao obter precisão para BTC/USDT: binance markets not loaded
2025-01-14 18:53:46 - ERROR - Erro ao obter precisão para ETH/USDT: binance markets not loaded
2025-01-14 18:53:46 - ERROR - Erro ao obter precisão para SOL/USDT: binance markets not loaded
2025-01-14 18:53:46 - ERROR - Erro ao obter precisão para XRP/USDT: binance markets not loaded
2025-01-14 18:53:46 - ERROR - Erro ao obter precisão para ADA/USDT: binance markets not loaded
2025-01-14 18:53:46 - ERROR - Erro ao obter precisão para BTC/USDT: binance markets not loaded
2025-01-14 18:53:46 - ERROR - Erro ao obter precisão para ETH/USDT: binance markets not loaded
2025-01-14 18:53:46 - ERROR - Erro ao obter precisão para SOL/USDT: binance markets not loaded
2025-01-14 18:53:46 - ERROR - Erro ao obter precisão para XRP/USDT: binance markets not loaded
2025-01-14 18:53:47 - ERROR - Erro ao obter precisão para ADA/USDT: binance markets not loaded
2025-01-14 18:53:47 - ERROR - Erro ao obter precisão para BTC/USDT: binance markets not loaded
2025-01-14 18:53:47 - ERROR - Erro ao obter precisão para ETH/USDT: binance markets not loaded
2025-01-14 18:53:47 - ERROR - Erro ao obter precisão para SOL/USDT: binance markets not loaded
2025-01-14 18:53:47 - ERROR - Erro ao obter precisão para XRP/USDT: binance markets not loaded
2025-01-14 18:53:47 - ERROR - Erro ao obter precisão para ADA/USDT: binance markets not loaded
2025-01-14 18:53:47 - ERROR - Erro ao obter precisão para BTC/USDT: binance markets not loaded
2025-01-14 18:53:47 - ERROR - Erro ao obter precisão para ETH/USDT: binance markets not loaded
2025-01-14 18:53:47 - ERROR - Erro ao obter precisão para SOL/USDT: binance markets not loaded
2025-01-14 18:53:47 - ERROR - Erro ao obter precisão para XRP/USDT: binance markets not loaded
2025-01-14 18:53:48 - ERROR - Erro ao obter precisão para ADA/USDT: binance markets not loaded
2025-01-14 18:53:48 - ERROR - Erro ao obter precisão para BTC/USDT: binance markets not loaded
2025-01-14 18:53:48 - ERROR - Erro ao obter precisão para ETH/USDT: binance markets not loaded
2025-01-14 18:53:48 - ERROR - Erro ao obter precisão para SOL/USDT: binance markets not loaded
2025-01-14 18:53:48 - ERROR - Erro ao obter precisão para XRP/USDT: binance markets not loaded
2025-01-14 18:53:48 - ERROR - Erro ao obter precisão para ADA/USDT: binance markets not loaded
2025-01-14 18:53:48 - ERROR - Erro ao obter precisão para BTC/USDT: binance markets not loaded
2025-01-14 18:53:48 - ERROR - Erro ao obter precisão para ETH/USDT: binance markets not loaded
2025-01-14 18:53:48 - ERROR - Erro ao obter precisão para SOL/USDT: binance markets not loaded
2025-01-14 18:53:48 - ERROR - Erro ao obter precisão para XRP/USDT: binance markets not loaded
2025-01-14 18:53:49 - ERROR - Erro ao obter precisão para ADA/USDT: binance markets not loaded
2025-01-14 18:53:49 - ERROR - Erro ao obter precisão para BTC/USDT: binance markets not loaded
2025-01-14 18:53:49 - ERROR - Erro ao obter precisão para ETH/USDT: binance markets not loaded
2025-01-14 18:53:49 - ERROR - Erro ao obter precisão para SOL/USDT: binance markets not loaded
2025-01-14 18:53:49 - ERROR - Erro ao obter precisão para XRP/USDT: binance markets not loaded
2025-01-14 18:53:49 - ERROR - Erro ao obter precisão para ADA/USDT: binance markets not loaded
2025-01-14 18:53:49 - ERROR - Erro ao obter precisão para BTC/USDT: binance markets not loaded
2025-01-14 18:53:49 - ERROR - Erro ao obter precisão para ETH/USDT: binance markets not loaded
2025-01-14 18:53:49 - ERROR - Erro ao obter precisão para SOL/USDT: binance markets not loaded
2025-01-14 18:53:49 - ERROR - Erro ao obter precisão para XRP/USDT: binance markets not loaded
2025-01-14 18:53:49 - ERROR - Erro ao obter precisão para ADA/USDT: binance markets not loaded
2025-01-14 18:53:49 - ERROR - Erro ao obter precisão para BTC/USDT: binance markets not loaded
2025-01-14 18:53:49 - ERROR - Erro ao obter precisão para ETH/USDT: binance markets not loaded
2025-01-14 18:53:49 - ERROR - Erro ao obter precisão para SOL/USDT: binance markets not loaded
2025-01-14 18:53:49 - ERROR - Erro ao obter precisão para XRP/USDT: binance markets not loaded
2025-01-14 18:53:50 - ERROR - Erro ao obter precisão para ADA/USDT: binance markets not loaded
2025-01-14 18:53:50 - ERROR - Erro ao obter precisão para BTC/USDT: binance markets not loaded
2025-01-14 18:53:50 - ERROR - Erro ao obter precisão para ETH/USDT: binance markets not loaded
2025-01-14 18:53:50 - ERROR - Erro ao obter precisão para SOL/USDT: binance markets not loaded
2025-01-14 18:53:50 - ERROR - Erro ao obter precisão para XRP/USDT: binance markets not loaded
2025-01-14 18:53:50 - ERROR - Erro ao obter precisão para ADA/USDT: binance markets not loaded
2025-01-14 18:53:50 - ERROR - Erro ao obter precisão para BTC/USDT: binance markets not loaded
2025-01-14 18:53:50 - ERROR - Erro ao obter precisão para ETH/USDT: binance markets not loaded
2025-01-14 18:53:50 - ERROR - Erro ao obter precisão para SOL/USDT: binance markets not loaded
2025-01-14 18:53:50 - ERROR - Erro ao obter precisão para XRP/USDT: binance markets not loaded
2025-01-14 18:53:51 - ERROR - Erro ao obter precisão para ADA/USDT: binance markets not loaded
2025-01-14 18:53:51 - ERROR - Erro ao obter precisão para BTC/USDT: binance markets not loaded
2025-01-14 18:53:51 - ERROR - Erro ao obter precisão para ETH/USDT: binance markets not loaded
2025-01-14 18:53:51 - ERROR - Erro ao obter precisão para SOL/USDT: binance markets not loaded
2025-01-14 18:53:51 - ERROR - Erro ao obter precisão para XRP/USDT: binance markets not loaded
2025-01-14 18:53:51 - ERROR - Erro ao obter precisão para ADA/USDT: binance markets not loaded
2025-01-14 18:53:51 - ERROR - Erro ao obter precisão para BTC/USDT: binance markets not loaded
2025-01-14 18:53:51 - ERROR - Erro ao obter precisão para ETH/USDT: binance markets not loaded
2025-01-14 18:53:51 - ERROR - Erro ao obter precisão para SOL/USDT: binance markets not loaded
2025-01-14 18:53:51 - ERROR - Erro ao obter precisão para XRP/USDT: binance markets not loaded
2025-01-14 18:53:52 - ERROR - Erro ao obter precisão para ADA/USDT: binance markets not loaded
2025-01-14 18:53:52 - ERROR - Erro ao obter precisão para BTC/USDT: binance markets not loaded
2025-01-14 18:53:52 - ERROR - Erro ao obter precisão para ETH/USDT: binance markets not loaded
2025-01-14 18:53:52 - ERROR - Erro ao obter precisão para SOL/USDT: binance markets not loaded
2025-01-14 18:53:52 - ERROR - Erro ao obter precisão para XRP/USDT: binance markets not loaded
2025-01-14 18:53:52 - ERROR - Erro ao obter precisão para ADA/USDT: binance markets not loaded
2025-01-14 18:53:52 - ERROR - Erro ao obter precisão para BTC/USDT: binance markets not loaded
2025-01-14 18:53:52 - ERROR - Erro ao obter precisão para ETH/USDT: binance markets not loaded
2025-01-14 18:53:52 - ERROR - Erro ao obter precisão para SOL/USDT: binance markets not loaded
2025-01-14 18:53:52 - ERROR - Erro ao obter precisão para XRP/USDT: binance markets not loaded
2025-01-14 18:53:52 - ERROR - Erro ao obter precisão para ADA/USDT: binance markets not loaded
2025-01-14 18:53:52 - ERROR - Erro ao obter precisão para BTC/USDT: binance markets not loaded
2025-01-14 18:53:52 - ERROR - Erro ao obter precisão para ETH/USDT: binance markets not loaded
2025-01-14 18:53:52 - ERROR - Erro ao obter precisão para SOL/USDT: binance markets not loaded
2025-01-14 18:53:52 - ERROR - Erro ao obter precisão para XRP/USDT: binance markets not loaded
2025-01-14 18:53:53 - ERROR - Erro ao obter precisão para ADA/USDT: binance markets not loaded
2025-01-14 18:53:53 - ERROR - Erro ao obter precisão para BTC/USDT: binance markets not loaded
2025-01-14 18:53:53 - ERROR - Erro ao obter precisão para ETH/USDT: binance markets not loaded
2025-01-14 18:53:53 - ERROR - Erro ao obter precisão para SOL/USDT: binance markets not loaded
2025-01-14 18:53:53 - ERROR - Erro ao obter precisão para XRP/USDT: binance markets not loaded
2025-01-14 18:53:53 - ERROR - Erro ao obter precisão para ADA/USDT: binance markets not loaded
2025-01-14 18:53:53 - ERROR - Erro ao obter precisão para BTC/USDT: binance markets not loaded
2025-01-14 18:53:53 - ERROR - Erro ao obter precisão para ETH/USDT: binance markets not loaded
2025-01-14 18:53:53 - ERROR - Erro ao obter precisão para SOL/USDT: binance markets not loaded
2025-01-14 18:53:53 - ERROR - Erro ao obter precisão para XRP/USDT: binance markets not loaded
2025-01-14 18:53:54 - ERROR - Erro ao obter precisão para ADA/USDT: binance markets not loaded
2025-01-14 18:53:54 - ERROR - Erro ao obter precisão para BTC/USDT: binance markets not loaded
2025-01-14 18:53:54 - ERROR - Erro ao obter precisão para ETH/USDT: binance markets not loaded
2025-01-14 18:53:54 - ERROR - Erro ao obter precisão para SOL/USDT: binance markets not loaded
2025-01-14 18:53:54 - ERROR - Erro ao obter precisão para XRP/USDT: binance markets not loaded
2025-01-14 18:53:54 - ERROR - Erro ao obter precisão para ADA/USDT: binance markets not loaded
2025-01-14 18:53:54 - ERROR - Erro ao obter precisão para BTC/USDT: binance markets not loaded
2025-01-14 18:53:54 - ERROR - Erro ao obter precisão para ETH/USDT: binance markets not loaded
2025-01-14 18:53:54 - ERROR - Erro ao obter precisão para SOL/USDT: binance markets not loaded
2025-01-14 18:53:54 - ERROR - Erro ao obter precisão para XRP/USDT: binance markets not loaded
2025-01-14 18:53:55 - ERROR - Erro ao obter precisão para ADA/USDT: binance markets not loaded
2025-01-14 18:53:55 - ERROR - Erro ao obter precisão para BTC/USDT: binance markets not loaded
2025-01-14 18:53:55 - ERROR - Erro ao obter precisão para ETH/USDT: binance markets not loaded
2025-01-14 18:53:55 - ERROR - Erro ao obter precisão para SOL/USDT: binance markets not loaded
2025-01-14 18:53:55 - ERROR - Erro ao obter precisão para XRP/USDT: binance markets not loaded
2025-01-14 18:53:55 - ERROR - Erro ao obter precisão para ADA/USDT: binance markets not loaded
2025-01-14 18:53:55 - ERROR - Erro ao obter precisão para BTC/USDT: binance markets not loaded
2025-01-14 18:53:55 - ERROR - Erro ao obter precisão para ETH/USDT: binance markets not loaded
2025-01-14 18:53:55 - ERROR - Erro ao obter precisão para SOL/USDT: binance markets not loaded
2025-01-14 18:53:55 - ERROR - Erro ao obter precisão para XRP/USDT: binance markets not loaded
2025-01-14 18:53:55 - ERROR - Erro ao obter precisão para ADA/USDT: binance markets not loaded
2025-01-14 18:53:55 - ERROR - Erro ao obter precisão para BTC/USDT: binance markets not loaded
2025-01-14 18:53:55 - ERROR - Erro ao obter precisão para ETH/USDT: binance markets not loaded
2025-01-14 18:53:55 - ERROR - Erro ao obter precisão para SOL/USDT: binance markets not loaded
2025-01-14 18:53:55 - ERROR - Erro ao obter precisão para XRP/USDT: binance markets not loaded
2025-01-14 18:53:56 - ERROR - Erro ao obter precisão para ADA/USDT: binance markets not loaded
2025-01-14 18:53:56 - ERROR - Erro ao obter precisão para BTC/USDT: binance markets not loaded
2025-01-14 18:53:56 - ERROR - Erro ao obter precisão para ETH/USDT: binance markets not loaded
2025-01-14 18:53:56 - ERROR - Erro ao obter precisão para SOL/USDT: binance markets not loaded
2025-01-14 18:53:56 - ERROR - Erro ao obter precisão para XRP/USDT: binance markets not loaded
2025-01-14 18:53:56 - ERROR - Erro ao obter precisão para ADA/USDT: binance markets not loaded
2025-01-14 18:53:56 - ERROR - Erro ao obter precisão para BTC/USDT: binance markets not loaded
2025-01-14 18:53:56 - ERROR - Erro ao obter precisão para ETH/USDT: binance markets not loaded
2025-01-14 18:53:56 - ERROR - Erro ao obter precisão para SOL/USDT: binance markets not loaded
2025-01-14 18:53:56 - ERROR - Erro ao obter precisão para XRP/USDT: binance markets not loaded
2025-01-14 18:53:57 - ERROR - Erro ao obter precisão para ADA/USDT: binance markets not loaded
2025-01-14 18:53:57 - ERROR - Erro ao obter precisão para BTC/USDT: binance markets not loaded
2025-01-14 18:53:57 - ERROR - Erro ao obter precisão para ETH/USDT: binance markets not loaded
2025-01-14 18:53:57 - ERROR - Erro ao obter precisão para SOL/USDT: binance markets not loaded
2025-01-14 18:53:57 - ERROR - Erro ao obter precisão para XRP/USDT: binance markets not loaded
2025-01-14 18:53:57 - ERROR - Erro ao obter precisão para ADA/USDT: binance markets not loaded
2025-01-14 18:53:57 - ERROR - Erro ao obter precisão para BTC/USDT: binance markets not loaded
2025-01-14 18:53:57 - ERROR - Erro ao obter precisão para ETH/USDT: binance markets not loaded
2025-01-14 18:53:57 - ERROR - Erro ao obter precisão para SOL/USDT: binance markets not loaded
2025-01-14 18:53:57 - ERROR - Erro ao obter precisão para XRP/USDT: binance markets not loaded
2025-01-14 18:53:58 - ERROR - Erro ao obter precisão para ADA/USDT: binance markets not loaded
2025-01-14 18:53:58 - ERROR - Erro ao obter precisão para BTC/USDT: binance markets not loaded
2025-01-14 18:53:58 - ERROR - Erro ao obter precisão para ETH/USDT: binance markets not loaded
2025-01-14 18:53:58 - ERROR - Erro ao obter precisão para SOL/USDT: binance markets not loaded
2025-01-14 18:53:58 - ERROR - Erro ao obter precisão para XRP/USDT: binance markets not loaded
2025-01-14 18:53:58 - ERROR - Erro ao obter precisão para ADA/USDT: binance markets not loaded
2025-01-14 18:53:58 - ERROR - Erro ao obter precisão para BTC/USDT: binance markets not loaded
2025-01-14 18:53:58 - ERROR - Erro ao obter precisão para ETH/USDT: binance markets not loaded
2025-01-14 18:53:58 - ERROR - Erro ao obter precisão para SOL/USDT: binance markets not loaded
2025-01-14 18:53:58 - ERROR - Erro ao obter precisão para XRP/USDT: binance markets not loaded
2025-01-14 18:53:59 - ERROR - Erro ao obter precisão para ADA/USDT: binance markets not loaded
2025-01-14 18:53:59 - ERROR - Erro ao obter precisão para BTC/USDT: binance markets not loaded
2025-01-14 18:53:59 - ERROR - Erro ao obter precisão para ETH/USDT: binance markets not loaded
2025-01-14 18:53:59 - ERROR - Erro ao obter precisão para SOL/USDT: binance markets not loaded
2025-01-14 18:53:59 - ERROR - Erro ao obter precisão para XRP/USDT: binance markets not loaded
2025-01-14 18:53:59 - ERROR - Erro ao obter precisão para ADA/USDT: binance markets not loaded
2025-01-14 18:53:59 - ERROR - Erro ao obter precisão para BTC/USDT: binance markets not loaded
2025-01-14 18:53:59 - ERROR - Erro ao obter precisão para ETH/USDT: binance markets not loaded
2025-01-14 18:53:59 - ERROR - Erro ao obter precisão para SOL/USDT: binance markets not loaded
2025-01-14 18:53:59 - ERROR - Erro ao obter precisão para XRP/USDT: binance markets not loaded
2025-01-14 18:53:59 - ERROR - Erro ao obter precisão para ADA/USDT: binance markets not loaded
2025-01-14 18:53:59 - ERROR - Erro ao obter precisão para BTC/USDT: binance markets not loaded
2025-01-14 18:53:59 - ERROR - Erro ao obter precisão para ETH/USDT: binance markets not loaded
2025-01-14 18:53:59 - ERROR - Erro ao obter precisão para SOL/USDT: binance markets not loaded
2025-01-14 18:53:59 - ERROR - Erro ao obter precisão para XRP/USDT: binance markets not loaded
2025-01-14 18:54:00 - ERROR - Erro ao obter precisão para ADA/USDT: binance markets not loaded
2025-01-14 18:54:00 - ERROR - Erro ao obter precisão para BTC/USDT: binance markets not loaded
2025-01-14 18:54:00 - ERROR - Erro ao obter precisão para ETH/USDT: binance markets not loaded
2025-01-14 18:54:00 - ERROR - Erro ao obter precisão para SOL/USDT: binance markets not loaded
2025-01-14 18:54:00 - ERROR - Erro ao obter precisão para XRP/USDT: binance markets not loaded
2025-01-14 18:54:00 - ERROR - Erro ao obter precisão para ADA/USDT: binance markets not loaded
2025-01-14 18:54:00 - ERROR - Erro ao obter precisão para BTC/USDT: binance markets not loaded
2025-01-14 18:54:00 - ERROR - Erro ao obter precisão para ETH/USDT: binance markets not loaded
2025-01-14 18:54:00 - ERROR - Erro ao obter precisão para SOL/USDT: binance markets not loaded
2025-01-14 18:54:00 - ERROR - Erro ao obter precisão para XRP/USDT: binance markets not loaded
2025-01-14 18:54:01 - ERROR - Erro ao obter precisão para ADA/USDT: binance markets not loaded
2025-01-14 18:54:01 - ERROR - Erro ao obter precisão para BTC/USDT: binance markets not loaded
2025-01-14 18:54:01 - ERROR - Erro ao obter precisão para ETH/USDT: binance markets not loaded
2025-01-14 18:54:01 - ERROR - Erro ao obter precisão para SOL/USDT: binance markets not loaded
2025-01-14 18:54:01 - ERROR - Erro ao obter precisão para XRP/USDT: binance markets not loaded
2025-01-14 18:54:01 - ERROR - Erro ao obter precisão para ADA/USDT: binance markets not loaded
2025-01-14 18:54:01 - ERROR - Erro ao obter precisão para BTC/USDT: binance markets not loaded
2025-01-14 18:54:01 - ERROR - Erro ao obter precisão para ETH/USDT: binance markets not loaded
2025-01-14 18:54:01 - ERROR - Erro ao obter precisão para SOL/USDT: binance markets not loaded
2025-01-14 18:54:01 - ERROR - Erro ao obter precisão para XRP/USDT: binance markets not loaded
2025-01-14 18:54:02 - ERROR - Erro ao obter precisão para ADA/USDT: binance markets not loaded
2025-01-14 18:54:02 - ERROR - Erro ao obter precisão para BTC/USDT: binance markets not loaded
2025-01-14 18:54:02 - ERROR - Erro ao obter precisão para ETH/USDT: binance markets not loaded
2025-01-14 18:54:02 - ERROR - Erro ao obter precisão para SOL/USDT: binance markets not loaded
2025-01-14 18:54:02 - ERROR - Erro ao obter precisão para XRP/USDT: binance markets not loaded
2025-01-14 18:54:02 - ERROR - Erro ao obter precisão para ADA/USDT: binance markets not loaded
2025-01-14 18:54:02 - ERROR - Erro ao obter precisão para BTC/USDT: binance markets not loaded
2025-01-14 18:54:02 - ERROR - Erro ao obter precisão para ETH/USDT: binance markets not loaded
2025-01-14 18:54:02 - ERROR - Erro ao obter precisão para SOL/USDT: binance markets not loaded
2025-01-14 18:54:02 - ERROR - Erro ao obter precisão para XRP/USDT: binance markets not loaded
2025-01-14 18:54:02 - ERROR - Erro ao obter precisão para ADA/USDT: binance markets not loaded
2025-01-14 18:54:02 - ERROR - Erro ao obter precisão para BTC/USDT: binance markets not loaded
2025-01-14 18:54:02 - ERROR - Erro ao obter precisão para ETH/USDT: binance markets not loaded
2025-01-14 18:54:02 - ERROR - Erro ao obter precisão para SOL/USDT: binance markets not loaded
2025-01-14 18:54:02 - ERROR - Erro ao obter precisão para XRP/USDT: binance markets not loaded
2025-01-14 18:54:03 - ERROR - Erro ao obter precisão para ADA/USDT: binance markets not loaded
2025-01-14 18:54:03 - ERROR - Erro ao obter precisão para BTC/USDT: binance markets not loaded
2025-01-14 18:54:03 - ERROR - Erro ao obter precisão para ETH/USDT: binance markets not loaded
2025-01-14 18:54:03 - ERROR - Erro ao obter precisão para SOL/USDT: binance markets not loaded
2025-01-14 18:54:03 - ERROR - Erro ao obter precisão para XRP/USDT: binance markets not loaded
2025-01-14 18:54:03 - ERROR - Erro ao obter precisão para ADA/USDT: binance markets not loaded
2025-01-14 18:54:03 - ERROR - Erro ao obter precisão para BTC/USDT: binance markets not loaded
2025-01-14 18:54:03 - ERROR - Erro ao obter precisão para ETH/USDT: binance markets not loaded
2025-01-14 18:54:03 - ERROR - Erro ao obter precisão para SOL/USDT: binance markets not loaded
2025-01-14 18:54:03 - ERROR - Erro ao obter precisão para XRP/USDT: binance markets not loaded
2025-01-14 18:54:04 - ERROR - Erro ao obter precisão para ADA/USDT: binance markets not loaded
2025-01-14 18:54:04 - ERROR - Erro ao obter precisão para BTC/USDT: binance markets not loaded
2025-01-14 18:54:04 - ERROR - Erro ao obter precisão para ETH/USDT: binance markets not loaded
2025-01-14 18:54:04 - ERROR - Erro ao obter precisão para SOL/USDT: binance markets not loaded
2025-01-14 18:54:04 - ERROR - Erro ao obter precisão para XRP/USDT: binance markets not loaded
2025-01-14 18:54:04 - ERROR - Erro ao obter precisão para ADA/USDT: binance markets not loaded
2025-01-14 18:54:04 - ERROR - Erro ao obter precisão para BTC/USDT: binance markets not loaded
2025-01-14 18:54:04 - ERROR - Erro ao obter precisão para ETH/USDT: binance markets not loaded
2025-01-14 18:54:04 - ERROR - Erro ao obter precisão para SOL/USDT: binance markets not loaded
2025-01-14 18:54:04 - ERROR - Erro ao obter precisão para XRP/USDT: binance markets not loaded
2025-01-14 18:54:05 - ERROR - Erro ao obter precisão para ADA/USDT: binance markets not loaded
2025-01-14 18:54:05 - ERROR - Erro ao obter precisão para BTC/USDT: binance markets not loaded
2025-01-14 18:54:05 - ERROR - Erro ao obter precisão para ETH/USDT: binance markets not loaded
2025-01-14 18:54:05 - ERROR - Erro ao obter precisão para SOL/USDT: binance markets not loaded
2025-01-14 18:54:05 - ERROR - Erro ao obter precisão para XRP/USDT: binance markets not loaded
2025-01-14 18:54:05 - ERROR - Erro ao obter precisão para ADA/USDT: binance markets not loaded
2025-01-14 18:54:05 - ERROR - Erro ao obter precisão para BTC/USDT: binance markets not loaded
2025-01-14 18:54:05 - ERROR - Erro ao obter precisão para ETH/USDT: binance markets not loaded
2025-01-14 18:54:05 - ERROR - Erro ao obter precisão para SOL/USDT: binance markets not loaded
2025-01-14 18:54:05 - ERROR - Erro ao obter precisão para XRP/USDT: binance markets not loaded
2025-01-14 18:54:05 - ERROR - Erro ao obter precisão para ADA/USDT: binance markets not loaded
2025-01-14 18:54:05 - ERROR - Erro ao obter precisão para BTC/USDT: binance markets not loaded
2025-01-14 18:54:05 - ERROR - Erro ao obter precisão para ETH/USDT: binance markets not loaded
2025-01-14 18:54:05 - ERROR - Erro ao obter precisão para SOL/USDT: binance markets not loaded
2025-01-14 18:54:05 - ERROR - Erro ao obter precisão para XRP/USDT: binance markets not loaded
2025-01-14 18:54:06 - ERROR - Erro ao obter precisão para ADA/USDT: binance markets not loaded
2025-01-14 18:54:06 - ERROR - Erro ao obter precisão para BTC/USDT: binance markets not loaded
2025-01-14 18:54:06 - ERROR - Erro ao obter precisão para ETH/USDT: binance markets not loaded
2025-01-14 18:54:06 - ERROR - Erro ao obter precisão para SOL/USDT: binance markets not loaded
2025-01-14 18:54:06 - ERROR - Erro ao obter precisão para XRP/USDT: binance markets not loaded
2025-01-14 18:54:06 - ERROR - Erro ao obter precisão para ADA/USDT: binance markets not loaded
2025-01-14 18:54:06 - ERROR - Erro ao obter precisão para BTC/USDT: binance markets not loaded
2025-01-14 18:54:06 - ERROR - Erro ao obter precisão para ETH/USDT: binance markets not loaded
2025-01-14 18:54:06 - ERROR - Erro ao obter precisão para SOL/USDT: binance markets not loaded
2025-01-14 18:54:06 - ERROR - Erro ao obter precisão para XRP/USDT: binance markets not loaded
2025-01-14 18:54:07 - ERROR - Erro ao obter precisão para ADA/USDT: binance markets not loaded
2025-01-14 18:54:07 - ERROR - Erro ao obter precisão para BTC/USDT: binance markets not loaded
2025-01-14 18:54:07 - ERROR - Erro ao obter precisão para ETH/USDT: binance markets not loaded
2025-01-14 18:54:07 - ERROR - Erro ao obter precisão para SOL/USDT: binance markets not loaded
2025-01-14 18:54:07 - ERROR - Erro ao obter precisão para XRP/USDT: binance markets not loaded
2025-01-14 18:54:07 - ERROR - Erro ao obter precisão para ADA/USDT: binance markets not loaded
2025-01-14 18:54:07 - ERROR - Erro ao obter precisão para BTC/USDT: binance markets not loaded
2025-01-14 18:54:07 - ERROR - Erro ao obter precisão para ETH/USDT: binance markets not loaded
2025-01-14 18:54:07 - ERROR - Erro ao obter precisão para SOL/USDT: binance markets not loaded
2025-01-14 18:54:07 - ERROR - Erro ao obter precisão para XRP/USDT: binance markets not loaded
2025-01-14 18:54:08 - ERROR - Erro ao obter precisão para ADA/USDT: binance markets not loaded
2025-01-14 18:54:08 - ERROR - Erro ao obter precisão para BTC/USDT: binance markets not loaded
2025-01-14 18:54:08 - ERROR - Erro ao obter precisão para ETH/USDT: binance markets not loaded
2025-01-14 18:54:08 - ERROR - Erro ao obter precisão para SOL/USDT: binance markets not loaded
2025-01-14 18:54:08 - ERROR - Erro ao obter precisão para XRP/USDT: binance markets not loaded
2025-01-14 18:54:08 - ERROR - Erro ao obter precisão para ADA/USDT: binance markets not loaded
2025-01-14 18:54:08 - ERROR - Erro ao obter precisão para BTC/USDT: binance markets not loaded
2025-01-14 18:54:08 - ERROR - Erro ao obter precisão para ETH/USDT: binance markets not loaded
2025-01-14 18:54:08 - ERROR - Erro ao obter precisão para SOL/USDT: binance markets not loaded
2025-01-14 18:54:08 - ERROR - Erro ao obter precisão para XRP/USDT: binance markets not loaded
2025-01-14 18:54:08 - ERROR - Erro ao obter precisão para ADA/USDT: binance markets not loaded
2025-01-14 18:54:08 - ERROR - Erro ao obter precisão para BTC/USDT: binance markets not loaded
2025-01-14 18:54:08 - ERROR - Erro ao obter precisão para ETH/USDT: binance markets not loaded
2025-01-14 18:54:08 - ERROR - Erro ao obter precisão para SOL/USDT: binance markets not loaded
2025-01-14 18:54:08 - ERROR - Erro ao obter precisão para XRP/USDT: binance markets not loaded
2025-01-14 18:54:09 - ERROR - Erro ao obter precisão para ADA/USDT: binance markets not loaded
2025-01-14 18:54:09 - ERROR - Erro ao obter precisão para BTC/USDT: binance markets not loaded
2025-01-14 18:54:09 - ERROR - Erro ao obter precisão para ETH/USDT: binance markets not loaded
2025-01-14 18:54:09 - ERROR - Erro ao obter precisão para SOL/USDT: binance markets not loaded
2025-01-14 18:54:09 - ERROR - Erro ao obter precisão para XRP/USDT: binance markets not loaded
2025-01-14 18:54:09 - ERROR - Erro ao obter precisão para ADA/USDT: binance markets not loaded
2025-01-14 18:54:09 - ERROR - Erro ao obter precisão para BTC/USDT: binance markets not loaded
2025-01-14 18:54:09 - ERROR - Erro ao obter precisão para ETH/USDT: binance markets not loaded
2025-01-14 18:54:09 - ERROR - Erro ao obter precisão para SOL/USDT: binance markets not loaded
2025-01-14 18:54:09 - ERROR - Erro ao obter precisão para XRP/USDT: binance markets not loaded
2025-01-14 18:54:42 - ERROR - Erro ao obter precisão para ADA/USDT: binance markets not loaded
2025-01-14 18:54:42 - ERROR - Erro ao obter precisão para BTC/USDT: binance markets not loaded
2025-01-14 18:54:42 - ERROR - Erro ao obter precisão para ETH/USDT: binance markets not loaded
2025-01-14 18:54:42 - ERROR - Erro ao obter precisão para SOL/USDT: binance markets not loaded
2025-01-14 18:54:42 - ERROR - Erro ao obter precisão para XRP/USDT: binance markets not loaded
2025-01-14 18:54:42 - ERROR - Erro ao obter precisão para ADA/USDT: binance markets not loaded
2025-01-14 18:54:42 - ERROR - Erro ao obter precisão para BTC/USDT: binance markets not loaded
2025-01-14 18:54:42 - ERROR - Erro ao obter precisão para ETH/USDT: binance markets not loaded
2025-01-14 18:54:42 - ERROR - Erro ao obter precisão para SOL/USDT: binance markets not loaded
2025-01-14 18:54:42 - ERROR - Erro ao obter precisão para XRP/USDT: binance markets not loaded
2025-01-14 18:54:42 - ERROR - Erro ao obter precisão para ADA/USDT: binance markets not loaded
2025-01-14 18:54:42 - ERROR - Erro ao obter precisão para BTC/USDT: binance markets not loaded
2025-01-14 18:54:42 - ERROR - Erro ao obter precisão para ETH/USDT: binance markets not loaded
2025-01-14 18:54:42 - ERROR - Erro ao obter precisão para SOL/USDT: binance markets not loaded
2025-01-14 18:54:42 - ERROR - Erro ao obter precisão para XRP/USDT: binance markets not loaded
2025-01-14 18:54:43 - ERROR - Erro ao obter precisão para ADA/USDT: binance markets not loaded
2025-01-14 18:54:43 - ERROR - Erro ao obter precisão para BTC/USDT: binance markets not loaded
2025-01-14 18:54:43 - ERROR - Erro ao obter precisão para ETH/USDT: binance markets not loaded
2025-01-14 18:54:43 - ERROR - Erro ao obter precisão para SOL/USDT: binance markets not loaded
2025-01-14 18:54:43 - ERROR - Erro ao obter precisão para XRP/USDT: binance markets not loaded
2025-01-14 18:54:43 - ERROR - Erro ao obter precisão para ADA/USDT: binance markets not loaded
2025-01-14 18:54:43 - ERROR - Erro ao obter precisão para BTC/USDT: binance markets not loaded
2025-01-14 18:54:43 - ERROR - Erro ao obter precisão para ETH/USDT: binance markets not loaded
2025-01-14 18:54:43 - ERROR - Erro ao obter precisão para SOL/USDT: binance markets not loaded
2025-01-14 18:54:43 - ERROR - Erro ao obter precisão para XRP/USDT: binance markets not loaded
2025-01-14 18:54:44 - ERROR - Erro ao obter precisão para ADA/USDT: binance markets not loaded
2025-01-14 18:54:44 - ERROR - Erro ao obter precisão para BTC/USDT: binance markets not loaded
2025-01-14 18:54:44 - ERROR - Erro ao obter precisão para ETH/USDT: binance markets not loaded
2025-01-14 18:54:44 - ERROR - Erro ao obter precisão para SOL/USDT: binance markets not loaded
2025-01-14 18:54:44 - ERROR - Erro ao obter precisão para XRP/USDT: binance markets not loaded
2025-01-14 18:54:44 - ERROR - Erro ao obter precisão para ADA/USDT: binance markets not loaded
2025-01-14 18:54:44 - ERROR - Erro ao obter precisão para BTC/USDT: binance markets not loaded
2025-01-14 18:54:44 - ERROR - Erro ao obter precisão para ETH/USDT: binance markets not loaded
2025-01-14 18:54:44 - ERROR - Erro ao obter precisão para SOL/USDT: binance markets not loaded
2025-01-14 18:54:44 - ERROR - Erro ao obter precisão para XRP/USDT: binance markets not loaded
2025-01-14 18:54:45 - ERROR - Erro ao obter precisão para ADA/USDT: binance markets not loaded
2025-01-14 18:54:45 - ERROR - Erro ao obter precisão para BTC/USDT: binance markets not loaded
2025-01-14 18:54:45 - ERROR - Erro ao obter precisão para ETH/USDT: binance markets not loaded
2025-01-14 18:54:45 - ERROR - Erro ao obter precisão para SOL/USDT: binance markets not loaded
2025-01-14 18:54:45 - ERROR - Erro ao obter precisão para XRP/USDT: binance markets not loaded
2025-01-14 18:54:45 - ERROR - Erro ao obter precisão para ADA/USDT: binance markets not loaded
2025-01-14 18:54:45 - ERROR - Erro ao obter precisão para BTC/USDT: binance markets not loaded
2025-01-14 18:54:45 - ERROR - Erro ao obter precisão para ETH/USDT: binance markets not loaded
2025-01-14 18:54:45 - ERROR - Erro ao obter precisão para SOL/USDT: binance markets not loaded
2025-01-14 18:54:45 - ERROR - Erro ao obter precisão para XRP/USDT: binance markets not loaded
2025-01-14 18:54:45 - ERROR - Erro ao obter precisão para ADA/USDT: binance markets not loaded
2025-01-14 18:54:45 - ERROR - Erro ao obter precisão para BTC/USDT: binance markets not loaded
2025-01-14 18:54:45 - ERROR - Erro ao obter precisão para ETH/USDT: binance markets not loaded
2025-01-14 18:54:45 - ERROR - Erro ao obter precisão para SOL/USDT: binance markets not loaded
2025-01-14 18:54:45 - ERROR - Erro ao obter precisão para XRP/USDT: binance markets not loaded
2025-01-14 18:54:46 - ERROR - Erro ao obter precisão para ADA/USDT: binance markets not loaded
2025-01-14 18:54:46 - ERROR - Erro ao obter precisão para BTC/USDT: binance markets not loaded
2025-01-14 18:54:46 - ERROR - Erro ao obter precisão para ETH/USDT: binance markets not loaded
2025-01-14 18:54:46 - ERROR - Erro ao obter precisão para SOL/USDT: binance markets not loaded
2025-01-14 18:54:46 - ERROR - Erro ao obter precisão para XRP/USDT: binance markets not loaded
2025-01-14 18:54:46 - ERROR - Erro ao obter precisão para ADA/USDT: binance markets not loaded
2025-01-14 18:54:46 - ERROR - Erro ao obter precisão para BTC/USDT: binance markets not loaded
2025-01-14 18:54:46 - ERROR - Erro ao obter precisão para ETH/USDT: binance markets not loaded
2025-01-14 18:54:46 - ERROR - Erro ao obter precisão para SOL/USDT: binance markets not loaded
2025-01-14 18:54:46 - ERROR - Erro ao obter precisão para XRP/USDT: binance markets not loaded
2025-01-14 18:54:47 - ERROR - Erro ao obter precisão para ADA/USDT: binance markets not loaded
2025-01-14 18:54:47 - ERROR - Erro ao obter precisão para BTC/USDT: binance markets not loaded
2025-01-14 18:54:47 - ERROR - Erro ao obter precisão para ETH/USDT: binance markets not loaded
2025-01-14 18:54:47 - ERROR - Erro ao obter precisão para SOL/USDT: binance markets not loaded
2025-01-14 18:54:47 - ERROR - Erro ao obter precisão para XRP/USDT: binance markets not loaded
2025-01-14 18:54:47 - ERROR - Erro ao obter precisão para ADA/USDT: binance markets not loaded
2025-01-14 18:54:47 - ERROR - Erro ao obter precisão para BTC/USDT: binance markets not loaded
2025-01-14 18:54:47 - ERROR - Erro ao obter precisão para ETH/USDT: binance markets not loaded
2025-01-14 18:54:47 - ERROR - Erro ao obter precisão para SOL/USDT: binance markets not loaded
2025-01-14 18:54:47 - ERROR - Erro ao obter precisão para XRP/USDT: binance markets not loaded
2025-01-14 18:54:48 - ERROR - Erro ao obter precisão para ADA/USDT: binance markets not loaded
2025-01-14 18:54:48 - ERROR - Erro ao obter precisão para BTC/USDT: binance markets not loaded
2025-01-14 18:54:48 - ERROR - Erro ao obter precisão para ETH/USDT: binance markets not loaded
2025-01-14 18:54:48 - ERROR - Erro ao obter precisão para SOL/USDT: binance markets not loaded
2025-01-14 18:54:48 - ERROR - Erro ao obter precisão para XRP/USDT: binance markets not loaded
2025-01-14 18:54:48 - ERROR - Erro ao obter precisão para ADA/USDT: binance markets not loaded
2025-01-14 18:54:48 - ERROR - Erro ao obter precisão para BTC/USDT: binance markets not loaded
2025-01-14 18:54:48 - ERROR - Erro ao obter precisão para ETH/USDT: binance markets not loaded
2025-01-14 18:54:48 - ERROR - Erro ao obter precisão para SOL/USDT: binance markets not loaded
2025-01-14 18:54:48 - ERROR - Erro ao obter precisão para XRP/USDT: binance markets not loaded
2025-01-14 18:54:48 - ERROR - Erro ao obter precisão para ADA/USDT: binance markets not loaded
2025-01-14 18:54:48 - ERROR - Erro ao obter precisão para BTC/USDT: binance markets not loaded
2025-01-14 18:54:48 - ERROR - Erro ao obter precisão para ETH/USDT: binance markets not loaded
2025-01-14 18:54:48 - ERROR - Erro ao obter precisão para SOL/USDT: binance markets not loaded
2025-01-14 18:54:48 - ERROR - Erro ao obter precisão para XRP/USDT: binance markets not loaded
2025-01-14 18:54:49 - ERROR - Erro ao obter precisão para ADA/USDT: binance markets not loaded
2025-01-14 18:54:49 - ERROR - Erro ao obter precisão para BTC/USDT: binance markets not loaded
2025-01-14 18:54:49 - ERROR - Erro ao obter precisão para ETH/USDT: binance markets not loaded
2025-01-14 18:54:49 - ERROR - Erro ao obter precisão para SOL/USDT: binance markets not loaded
2025-01-14 18:54:49 - ERROR - Erro ao obter precisão para XRP/USDT: binance markets not loaded
2025-01-14 18:54:49 - ERROR - Erro ao obter precisão para ADA/USDT: binance markets not loaded
2025-01-14 18:54:49 - ERROR - Erro ao obter precisão para BTC/USDT: binance markets not loaded
2025-01-14 18:54:49 - ERROR - Erro ao obter precisão para ETH/USDT: binance markets not loaded
2025-01-14 18:54:49 - ERROR - Erro ao obter precisão para SOL/USDT: binance markets not loaded
2025-01-14 18:54:49 - ERROR - Erro ao obter precisão para XRP/USDT: binance markets not loaded
2025-01-14 18:54:50 - ERROR - Erro ao obter precisão para ADA/USDT: binance markets not loaded
2025-01-14 18:54:50 - ERROR - Erro ao obter precisão para BTC/USDT: binance markets not loaded
2025-01-14 18:54:50 - ERROR - Erro ao obter precisão para ETH/USDT: binance markets not loaded
2025-01-14 18:54:50 - ERROR - Erro ao obter precisão para SOL/USDT: binance markets not loaded
2025-01-14 18:54:50 - ERROR - Erro ao obter precisão para XRP/USDT: binance markets not loaded
2025-01-14 18:54:50 - ERROR - Erro ao obter precisão para ADA/USDT: binance markets not loaded
2025-01-14 18:54:50 - ERROR - Erro ao obter precisão para BTC/USDT: binance markets not loaded
2025-01-14 18:54:50 - ERROR - Erro ao obter precisão para ETH/USDT: binance markets not loaded
2025-01-14 18:54:50 - ERROR - Erro ao obter precisão para SOL/USDT: binance markets not loaded
2025-01-14 18:54:50 - ERROR - Erro ao obter precisão para XRP/USDT: binance markets not loaded
2025-01-14 18:54:51 - ERROR - Erro ao obter precisão para ADA/USDT: binance markets not loaded
2025-01-14 18:54:51 - ERROR - Erro ao obter precisão para BTC/USDT: binance markets not loaded
2025-01-14 18:54:51 - ERROR - Erro ao obter precisão para ETH/USDT: binance markets not loaded
2025-01-14 18:54:51 - ERROR - Erro ao obter precisão para SOL/USDT: binance markets not loaded
2025-01-14 18:54:51 - ERROR - Erro ao obter precisão para XRP/USDT: binance markets not loaded
2025-01-14 18:54:51 - ERROR - Erro ao obter precisão para ADA/USDT: binance markets not loaded
2025-01-14 18:54:51 - ERROR - Erro ao obter precisão para BTC/USDT: binance markets not loaded
2025-01-14 18:54:51 - ERROR - Erro ao obter precisão para ETH/USDT: binance markets not loaded
2025-01-14 18:54:51 - ERROR - Erro ao obter precisão para SOL/USDT: binance markets not loaded
2025-01-14 18:54:51 - ERROR - Erro ao obter precisão para XRP/USDT: binance markets not loaded
2025-01-14 18:54:51 - ERROR - Erro ao obter precisão para ADA/USDT: binance markets not loaded
2025-01-14 18:54:51 - ERROR - Erro ao obter precisão para BTC/USDT: binance markets not loaded
2025-01-14 18:54:51 - ERROR - Erro ao obter precisão para ETH/USDT: binance markets not loaded
2025-01-14 18:54:51 - ERROR - Erro ao obter precisão para SOL/USDT: binance markets not loaded
2025-01-14 18:54:51 - ERROR - Erro ao obter precisão para XRP/USDT: binance markets not loaded
2025-01-14 18:54:52 - ERROR - Erro ao obter precisão para ADA/USDT: binance markets not loaded
2025-01-14 18:54:52 - ERROR - Erro ao obter precisão para BTC/USDT: binance markets not loaded
2025-01-14 18:54:52 - ERROR - Erro ao obter precisão para ETH/USDT: binance markets not loaded
2025-01-14 18:54:52 - ERROR - Erro ao obter precisão para SOL/USDT: binance markets not loaded
2025-01-14 18:54:52 - ERROR - Erro ao obter precisão para XRP/USDT: binance markets not loaded
2025-01-14 18:54:52 - ERROR - Erro ao obter precisão para ADA/USDT: binance markets not loaded
2025-01-14 18:54:52 - ERROR - Erro ao obter precisão para BTC/USDT: binance markets not loaded
2025-01-14 18:54:52 - ERROR - Erro ao obter precisão para ETH/USDT: binance markets not loaded
2025-01-14 18:54:52 - ERROR - Erro ao obter precisão para SOL/USDT: binance markets not loaded
2025-01-14 18:54:52 - ERROR - Erro ao obter precisão para XRP/USDT: binance markets not loaded
2025-01-14 18:54:53 - ERROR - Erro ao obter precisão para ADA/USDT: binance markets not loaded
2025-01-14 18:54:53 - ERROR - Erro ao obter precisão para BTC/USDT: binance markets not loaded
2025-01-14 18:54:53 - ERROR - Erro ao obter precisão para ETH/USDT: binance markets not loaded
2025-01-14 18:54:53 - ERROR - Erro ao obter precisão para SOL/USDT: binance markets not loaded
2025-01-14 18:54:53 - ERROR - Erro ao obter precisão para XRP/USDT: binance markets not loaded
2025-01-14 18:54:53 - ERROR - Erro ao obter precisão para ADA/USDT: binance markets not loaded
2025-01-14 18:54:53 - ERROR - Erro ao obter precisão para BTC/USDT: binance markets not loaded
2025-01-14 18:54:53 - ERROR - Erro ao obter precisão para ETH/USDT: binance markets not loaded
2025-01-14 18:54:53 - ERROR - Erro ao obter precisão para SOL/USDT: binance markets not loaded
2025-01-14 18:54:53 - ERROR - Erro ao obter precisão para XRP/USDT: binance markets not loaded
2025-01-14 18:54:54 - ERROR - Erro ao obter precisão para ADA/USDT: binance markets not loaded
2025-01-14 18:54:54 - ERROR - Erro ao obter precisão para BTC/USDT: binance markets not loaded
2025-01-14 18:54:54 - ERROR - Erro ao obter precisão para ETH/USDT: binance markets not loaded
2025-01-14 18:54:54 - ERROR - Erro ao obter precisão para SOL/USDT: binance markets not loaded
2025-01-14 18:54:54 - ERROR - Erro ao obter precisão para XRP/USDT: binance markets not loaded
2025-01-14 18:54:54 - ERROR - Erro ao obter precisão para ADA/USDT: binance markets not loaded
2025-01-14 18:54:54 - ERROR - Erro ao obter precisão para BTC/USDT: binance markets not loaded
2025-01-14 18:54:54 - ERROR - Erro ao obter precisão para ETH/USDT: binance markets not loaded
2025-01-14 18:54:54 - ERROR - Erro ao obter precisão para SOL/USDT: binance markets not loaded
2025-01-14 18:54:54 - ERROR - Erro ao obter precisão para XRP/USDT: binance markets not loaded
2025-01-14 18:54:54 - ERROR - Erro ao obter precisão para ADA/USDT: binance markets not loaded
2025-01-14 18:54:54 - ERROR - Erro ao obter precisão para BTC/USDT: binance markets not loaded
2025-01-14 18:54:54 - ERROR - Erro ao obter precisão para ETH/USDT: binance markets not loaded
2025-01-14 18:54:54 - ERROR - Erro ao obter precisão para SOL/USDT: binance markets not loaded
2025-01-14 18:54:54 - ERROR - Erro ao obter precisão para XRP/USDT: binance markets not loaded
2025-01-14 18:54:55 - ERROR - Erro ao obter precisão para ADA/USDT: binance markets not loaded
2025-01-14 18:54:55 - ERROR - Erro ao obter precisão para BTC/USDT: binance markets not loaded
2025-01-14 18:54:55 - ERROR - Erro ao obter precisão para ETH/USDT: binance markets not loaded
2025-01-14 18:54:55 - ERROR - Erro ao obter precisão para SOL/USDT: binance markets not loaded
2025-01-14 18:54:55 - ERROR - Erro ao obter precisão para XRP/USDT: binance markets not loaded
2025-01-14 18:54:55 - ERROR - Erro ao obter precisão para ADA/USDT: binance markets not loaded
2025-01-14 18:54:55 - ERROR - Erro ao obter precisão para BTC/USDT: binance markets not loaded
2025-01-14 18:54:55 - ERROR - Erro ao obter precisão para ETH/USDT: binance markets not loaded
2025-01-14 18:54:55 - ERROR - Erro ao obter precisão para SOL/USDT: binance markets not loaded
2025-01-14 18:54:55 - ERROR - Erro ao obter precisão para XRP/USDT: binance markets not loaded
2025-01-14 18:54:56 - ERROR - Erro ao obter precisão para ADA/USDT: binance markets not loaded
2025-01-14 18:54:56 - ERROR - Erro ao obter precisão para BTC/USDT: binance markets not loaded
2025-01-14 18:54:56 - ERROR - Erro ao obter precisão para ETH/USDT: binance markets not loaded
2025-01-14 18:54:56 - ERROR - Erro ao obter precisão para SOL/USDT: binance markets not loaded
2025-01-14 18:54:56 - ERROR - Erro ao obter precisão para XRP/USDT: binance markets not loaded
2025-01-14 18:54:56 - ERROR - Erro ao obter precisão para ADA/USDT: binance markets not loaded
2025-01-14 18:54:56 - ERROR - Erro ao obter precisão para BTC/USDT: binance markets not loaded
2025-01-14 18:54:56 - ERROR - Erro ao obter precisão para ETH/USDT: binance markets not loaded
2025-01-14 18:54:56 - ERROR - Erro ao obter precisão para SOL/USDT: binance markets not loaded
2025-01-14 18:54:56 - ERROR - Erro ao obter precisão para XRP/USDT: binance markets not loaded
2025-01-14 18:54:57 - ERROR - Erro ao obter precisão para ADA/USDT: binance markets not loaded
2025-01-14 18:54:57 - ERROR - Erro ao obter precisão para BTC/USDT: binance markets not loaded
2025-01-14 18:54:57 - ERROR - Erro ao obter precisão para ETH/USDT: binance markets not loaded
2025-01-14 18:54:57 - ERROR - Erro ao obter precisão para SOL/USDT: binance markets not loaded
2025-01-14 18:54:57 - ERROR - Erro ao obter precisão para XRP/USDT: binance markets not loaded
2025-01-14 18:54:57 - ERROR - Erro ao obter precisão para ADA/USDT: binance markets not loaded
2025-01-14 18:54:57 - ERROR - Erro ao obter precisão para BTC/USDT: binance markets not loaded
2025-01-14 18:54:57 - ERROR - Erro ao obter precisão para ETH/USDT: binance markets not loaded
2025-01-14 18:54:57 - ERROR - Erro ao obter precisão para SOL/USDT: binance markets not loaded
2025-01-14 18:54:57 - ERROR - Erro ao obter precisão para XRP/USDT: binance markets not loaded
2025-01-14 18:54:57 - ERROR - Erro ao obter precisão para ADA/USDT: binance markets not loaded
2025-01-14 18:54:57 - ERROR - Erro ao obter precisão para BTC/USDT: binance markets not loaded
2025-01-14 18:54:57 - ERROR - Erro ao obter precisão para ETH/USDT: binance markets not loaded
2025-01-14 18:54:57 - ERROR - Erro ao obter precisão para SOL/USDT: binance markets not loaded
2025-01-14 18:54:57 - ERROR - Erro ao obter precisão para XRP/USDT: binance markets not loaded
2025-01-14 18:54:58 - ERROR - Erro ao obter precisão para ADA/USDT: binance markets not loaded
2025-01-14 18:54:58 - ERROR - Erro ao obter precisão para BTC/USDT: binance markets not loaded
2025-01-14 18:54:58 - ERROR - Erro ao obter precisão para ETH/USDT: binance markets not loaded
2025-01-14 18:54:58 - ERROR - Erro ao obter precisão para SOL/USDT: binance markets not loaded
2025-01-14 18:54:58 - ERROR - Erro ao obter precisão para XRP/USDT: binance markets not loaded
2025-01-14 18:54:58 - ERROR - Erro ao obter precisão para ADA/USDT: binance markets not loaded
2025-01-14 18:54:58 - ERROR - Erro ao obter precisão para BTC/USDT: binance markets not loaded
2025-01-14 18:54:58 - ERROR - Erro ao obter precisão para ETH/USDT: binance markets not loaded
2025-01-14 18:54:58 - ERROR - Erro ao obter precisão para SOL/USDT: binance markets not loaded
2025-01-14 18:54:58 - ERROR - Erro ao obter precisão para XRP/USDT: binance markets not loaded
2025-01-14 18:54:59 - ERROR - Erro ao obter precisão para ADA/USDT: binance markets not loaded
2025-01-14 18:54:59 - ERROR - Erro ao obter precisão para BTC/USDT: binance markets not loaded
2025-01-14 18:54:59 - ERROR - Erro ao obter precisão para ETH/USDT: binance markets not loaded
2025-01-14 18:54:59 - ERROR - Erro ao obter precisão para SOL/USDT: binance markets not loaded
2025-01-14 18:54:59 - ERROR - Erro ao obter precisão para XRP/USDT: binance markets not loaded
2025-01-14 18:54:59 - ERROR - Erro ao obter precisão para ADA/USDT: binance markets not loaded
2025-01-14 18:54:59 - ERROR - Erro ao obter precisão para BTC/USDT: binance markets not loaded
2025-01-14 18:54:59 - ERROR - Erro ao obter precisão para ETH/USDT: binance markets not loaded
2025-01-14 18:54:59 - ERROR - Erro ao obter precisão para SOL/USDT: binance markets not loaded
2025-01-14 18:54:59 - ERROR - Erro ao obter precisão para XRP/USDT: binance markets not loaded
2025-01-14 18:55:00 - ERROR - Erro ao obter precisão para ADA/USDT: binance markets not loaded
2025-01-14 18:55:00 - ERROR - Erro ao obter precisão para BTC/USDT: binance markets not loaded
2025-01-14 18:55:00 - ERROR - Erro ao obter precisão para ETH/USDT: binance markets not loaded
2025-01-14 18:55:00 - ERROR - Erro ao obter precisão para SOL/USDT: binance markets not loaded
2025-01-14 18:55:00 - ERROR - Erro ao obter precisão para XRP/USDT: binance markets not loaded
2025-01-14 18:55:00 - ERROR - Erro ao obter precisão para ADA/USDT: binance markets not loaded
2025-01-14 18:55:00 - ERROR - Erro ao obter precisão para BTC/USDT: binance markets not loaded
2025-01-14 18:55:00 - ERROR - Erro ao obter precisão para ETH/USDT: binance markets not loaded
2025-01-14 18:55:00 - ERROR - Erro ao obter precisão para SOL/USDT: binance markets not loaded
2025-01-14 18:55:00 - ERROR - Erro ao obter precisão para XRP/USDT: binance markets not loaded
2025-01-14 18:55:00 - ERROR - Erro ao obter precisão para ADA/USDT: binance markets not loaded
2025-01-14 18:55:00 - ERROR - Erro ao obter precisão para BTC/USDT: binance markets not loaded
2025-01-14 18:55:00 - ERROR - Erro ao obter precisão para ETH/USDT: binance markets not loaded
2025-01-14 18:55:00 - ERROR - Erro ao obter precisão para SOL/USDT: binance markets not loaded
2025-01-14 18:55:00 - ERROR - Erro ao obter precisão para XRP/USDT: binance markets not loaded
2025-01-14 18:55:01 - ERROR - Erro ao obter precisão para ADA/USDT: binance markets not loaded
2025-01-14 18:55:01 - ERROR - Erro ao obter precisão para BTC/USDT: binance markets not loaded
2025-01-14 18:55:01 - ERROR - Erro ao obter precisão para ETH/USDT: binance markets not loaded
2025-01-14 18:55:01 - ERROR - Erro ao obter precisão para SOL/USDT: binance markets not loaded
2025-01-14 18:55:01 - ERROR - Erro ao obter precisão para XRP/USDT: binance markets not loaded
2025-01-14 18:55:01 - ERROR - Erro ao obter precisão para ADA/USDT: binance markets not loaded
2025-01-14 18:55:01 - ERROR - Erro ao obter precisão para BTC/USDT: binance markets not loaded
2025-01-14 18:55:01 - ERROR - Erro ao obter precisão para ETH/USDT: binance markets not loaded
2025-01-14 18:55:01 - ERROR - Erro ao obter precisão para SOL/USDT: binance markets not loaded
2025-01-14 18:55:01 - ERROR - Erro ao obter precisão para XRP/USDT: binance markets not loaded
2025-01-14 18:55:02 - ERROR - Erro ao obter precisão para ADA/USDT: binance markets not loaded
2025-01-14 18:55:02 - ERROR - Erro ao obter precisão para BTC/USDT: binance markets not loaded
2025-01-14 18:55:02 - ERROR - Erro ao obter precisão para ETH/USDT: binance markets not loaded
2025-01-14 18:55:02 - ERROR - Erro ao obter precisão para SOL/USDT: binance markets not loaded
2025-01-14 18:55:02 - ERROR - Erro ao obter precisão para XRP/USDT: binance markets not loaded
2025-01-14 18:55:02 - ERROR - Erro ao obter precisão para ADA/USDT: binance markets not loaded
2025-01-14 18:55:02 - ERROR - Erro ao obter precisão para BTC/USDT: binance markets not loaded
2025-01-14 18:55:02 - ERROR - Erro ao obter precisão para ETH/USDT: binance markets not loaded
2025-01-14 18:55:02 - ERROR - Erro ao obter precisão para SOL/USDT: binance markets not loaded
2025-01-14 18:55:02 - ERROR - Erro ao obter precisão para XRP/USDT: binance markets not loaded
2025-01-14 18:55:03 - ERROR - Erro ao obter precisão para ADA/USDT: binance markets not loaded
2025-01-14 18:55:03 - ERROR - Erro ao obter precisão para BTC/USDT: binance markets not loaded
2025-01-14 18:55:03 - ERROR - Erro ao obter precisão para ETH/USDT: binance markets not loaded
2025-01-14 18:55:03 - ERROR - Erro ao obter precisão para SOL/USDT: binance markets not loaded
2025-01-14 18:55:03 - ERROR - Erro ao obter precisão para XRP/USDT: binance markets not loaded
2025-01-14 18:55:03 - ERROR - Erro ao obter precisão para ADA/USDT: binance markets not loaded
2025-01-14 18:55:03 - ERROR - Erro ao obter precisão para BTC/USDT: binance markets not loaded
2025-01-14 18:55:03 - ERROR - Erro ao obter precisão para ETH/USDT: binance markets not loaded
2025-01-14 18:55:03 - ERROR - Erro ao obter precisão para SOL/USDT: binance markets not loaded
2025-01-14 18:55:03 - ERROR - Erro ao obter precisão para XRP/USDT: binance markets not loaded
2025-01-14 18:55:04 - ERROR - Erro ao obter precisão para ADA/USDT: binance markets not loaded
2025-01-14 18:55:04 - ERROR - Erro ao obter precisão para BTC/USDT: binance markets not loaded
2025-01-14 18:55:04 - ERROR - Erro ao obter precisão para ETH/USDT: binance markets not loaded
2025-01-14 18:55:04 - ERROR - Erro ao obter precisão para SOL/USDT: binance markets not loaded
2025-01-14 18:55:04 - ERROR - Erro ao obter precisão para XRP/USDT: binance markets not loaded
2025-01-14 18:55:04 - ERROR - Erro ao obter precisão para ADA/USDT: binance markets not loaded
2025-01-14 18:55:04 - ERROR - Erro ao obter precisão para BTC/USDT: binance markets not loaded
2025-01-14 18:55:04 - ERROR - Erro ao obter precisão para ETH/USDT: binance markets not loaded
2025-01-14 18:55:04 - ERROR - Erro ao obter precisão para SOL/USDT: binance markets not loaded
2025-01-14 18:55:04 - ERROR - Erro ao obter precisão para XRP/USDT: binance markets not loaded
2025-01-14 18:55:04 - ERROR - Erro ao obter precisão para ADA/USDT: binance markets not loaded
2025-01-14 18:55:04 - ERROR - Erro ao obter precisão para BTC/USDT: binance markets not loaded
2025-01-14 18:55:04 - ERROR - Erro ao obter precisão para ETH/USDT: binance markets not loaded
2025-01-14 18:55:04 - ERROR - Erro ao obter precisão para SOL/USDT: binance markets not loaded
2025-01-14 18:55:04 - ERROR - Erro ao obter precisão para XRP/USDT: binance markets not loaded
2025-01-14 18:55:05 - ERROR - Erro ao obter precisão para ADA/USDT: binance markets not loaded
2025-01-14 18:55:05 - ERROR - Erro ao obter precisão para BTC/USDT: binance markets not loaded
2025-01-14 18:55:05 - ERROR - Erro ao obter precisão para ETH/USDT: binance markets not loaded
2025-01-14 18:55:05 - ERROR - Erro ao obter precisão para SOL/USDT: binance markets not loaded
2025-01-14 18:55:05 - ERROR - Erro ao obter precisão para XRP/USDT: binance markets not loaded
2025-01-14 18:55:05 - ERROR - Erro ao obter precisão para ADA/USDT: binance markets not loaded
2025-01-14 18:55:05 - ERROR - Erro ao obter precisão para BTC/USDT: binance markets not loaded
2025-01-14 18:55:05 - ERROR - Erro ao obter precisão para ETH/USDT: binance markets not loaded
2025-01-14 18:55:05 - ERROR - Erro ao obter precisão para SOL/USDT: binance markets not loaded
2025-01-14 18:55:05 - ERROR - Erro ao obter precisão para XRP/USDT: binance markets not loaded
2025-01-14 18:55:06 - ERROR - Erro ao obter precisão para ADA/USDT: binance markets not loaded
2025-01-14 18:55:06 - ERROR - Erro ao obter precisão para BTC/USDT: binance markets not loaded
2025-01-14 18:55:06 - ERROR - Erro ao obter precisão para ETH/USDT: binance markets not loaded
2025-01-14 18:55:06 - ERROR - Erro ao obter precisão para SOL/USDT: binance markets not loaded
2025-01-14 18:55:06 - ERROR - Erro ao obter precisão para XRP/USDT: binance markets not loaded
2025-01-14 18:55:06 - ERROR - Erro ao obter precisão para ADA/USDT: binance markets not loaded
2025-01-14 18:55:06 - ERROR - Erro ao obter precisão para BTC/USDT: binance markets not loaded
2025-01-14 18:55:06 - ERROR - Erro ao obter precisão para ETH/USDT: binance markets not loaded
2025-01-14 18:55:06 - ERROR - Erro ao obter precisão para SOL/USDT: binance markets not loaded
2025-01-14 18:55:06 - ERROR - Erro ao obter precisão para XRP/USDT: binance markets not loaded
2025-01-14 18:55:07 - ERROR - Erro ao obter precisão para ADA/USDT: binance markets not loaded
2025-01-14 18:55:07 - ERROR - Erro ao obter precisão para BTC/USDT: binance markets not loaded
2025-01-14 18:55:07 - ERROR - Erro ao obter precisão para ETH/USDT: binance markets not loaded
2025-01-14 18:55:07 - ERROR - Erro ao obter precisão para SOL/USDT: binance markets not loaded
2025-01-14 18:55:07 - ERROR - Erro ao obter precisão para XRP/USDT: binance markets not loaded
2025-01-14 18:55:07 - ERROR - Erro ao obter precisão para ADA/USDT: binance markets not loaded
2025-01-14 18:55:07 - ERROR - Erro ao obter precisão para BTC/USDT: binance markets not loaded
2025-01-14 18:55:07 - ERROR - Erro ao obter precisão para ETH/USDT: binance markets not loaded
2025-01-14 18:55:07 - ERROR - Erro ao obter precisão para SOL/USDT: binance markets not loaded
2025-01-14 18:55:07 - ERROR - Erro ao obter precisão para XRP/USDT: binance markets not loaded
2025-01-14 18:55:07 - ERROR - Erro ao obter precisão para ADA/USDT: binance markets not loaded
2025-01-14 18:55:07 - ERROR - Erro ao obter precisão para BTC/USDT: binance markets not loaded
2025-01-14 18:55:07 - ERROR - Erro ao obter precisão para ETH/USDT: binance markets not loaded
2025-01-14 18:55:07 - ERROR - Erro ao obter precisão para SOL/USDT: binance markets not loaded
2025-01-14 18:55:07 - ERROR - Erro ao obter precisão para XRP/USDT: binance markets not loaded
2025-01-14 18:55:08 - ERROR - Erro ao obter precisão para ADA/USDT: binance markets not loaded
2025-01-14 18:55:08 - ERROR - Erro ao obter precisão para BTC/USDT: binance markets not loaded
2025-01-14 18:55:08 - ERROR - Erro ao obter precisão para ETH/USDT: binance markets not loaded
2025-01-14 18:55:08 - ERROR - Erro ao obter precisão para SOL/USDT: binance markets not loaded
2025-01-14 18:55:08 - ERROR - Erro ao obter precisão para XRP/USDT: binance markets not loaded
2025-01-14 18:55:08 - ERROR - Erro ao obter precisão para ADA/USDT: binance markets not loaded
2025-01-14 18:55:08 - ERROR - Erro ao obter precisão para BTC/USDT: binance markets not loaded
2025-01-14 18:55:08 - ERROR - Erro ao obter precisão para ETH/USDT: binance markets not loaded
2025-01-14 18:55:08 - ERROR - Erro ao obter precisão para SOL/USDT: binance markets not loaded
2025-01-14 18:55:08 - ERROR - Erro ao obter precisão para XRP/USDT: binance markets not loaded
2025-01-14 18:55:09 - ERROR - Erro ao obter precisão para ADA/USDT: binance markets not loaded
2025-01-14 18:55:09 - ERROR - Erro ao obter precisão para BTC/USDT: binance markets not loaded
2025-01-14 18:55:09 - ERROR - Erro ao obter precisão para ETH/USDT: binance markets not loaded
2025-01-14 18:55:09 - ERROR - Erro ao obter precisão para SOL/USDT: binance markets not loaded
2025-01-14 18:55:09 - ERROR - Erro ao obter precisão para XRP/USDT: binance markets not loaded
2025-01-14 18:55:09 - ERROR - Erro ao obter precisão para ADA/USDT: binance markets not loaded
2025-01-14 18:55:09 - ERROR - Erro ao obter precisão para BTC/USDT: binance markets not loaded
2025-01-14 18:55:09 - ERROR - Erro ao obter precisão para ETH/USDT: binance markets not loaded
2025-01-14 18:55:09 - ERROR - Erro ao obter precisão para SOL/USDT: binance markets not loaded
2025-01-14 18:55:09 - ERROR - Erro ao obter precisão para XRP/USDT: binance markets not loaded
2025-01-14 18:55:10 - ERROR - Erro ao obter precisão para ADA/USDT: binance markets not loaded
2025-01-14 18:55:10 - ERROR - Erro ao obter precisão para BTC/USDT: binance markets not loaded
2025-01-14 18:55:10 - ERROR - Erro ao obter precisão para ETH/USDT: binance markets not loaded
2025-01-14 18:55:10 - ERROR - Erro ao obter precisão para SOL/USDT: binance markets not loaded
2025-01-14 18:55:10 - ERROR - Erro ao obter precisão para XRP/USDT: binance markets not loaded
2025-01-14 18:55:10 - ERROR - Erro ao obter precisão para ADA/USDT: binance markets not loaded
2025-01-14 18:55:10 - ERROR - Erro ao obter precisão para BTC/USDT: binance markets not loaded
2025-01-14 18:55:10 - ERROR - Erro ao obter precisão para ETH/USDT: binance markets not loaded
2025-01-14 18:55:10 - ERROR - Erro ao obter precisão para SOL/USDT: binance markets not loaded
2025-01-14 18:55:10 - ERROR - Erro ao obter precisão para XRP/USDT: binance markets not loaded
2025-01-14 18:55:10 - ERROR - Erro ao obter precisão para ADA/USDT: binance markets not loaded
2025-01-14 18:55:10 - ERROR - Erro ao obter precisão para BTC/USDT: binance markets not loaded
2025-01-14 18:55:10 - ERROR - Erro ao obter precisão para ETH/USDT: binance markets not loaded
2025-01-14 18:55:10 - ERROR - Erro ao obter precisão para SOL/USDT: binance markets not loaded
2025-01-14 18:55:10 - ERROR - Erro ao obter precisão para XRP/USDT: binance markets not loaded
2025-01-14 18:55:11 - ERROR - Erro ao obter precisão para ADA/USDT: binance markets not loaded
2025-01-14 18:55:11 - ERROR - Erro ao obter precisão para BTC/USDT: binance markets not loaded
2025-01-14 18:55:11 - ERROR - Erro ao obter precisão para ETH/USDT: binance markets not loaded
2025-01-14 18:55:11 - ERROR - Erro ao obter precisão para SOL/USDT: binance markets not loaded
2025-01-14 18:55:11 - ERROR - Erro ao obter precisão para XRP/USDT: binance markets not loaded
2025-01-14 18:55:11 - ERROR - Erro ao obter precisão para ADA/USDT: binance markets not loaded
2025-01-14 18:55:11 - ERROR - Erro ao obter precisão para BTC/USDT: binance markets not loaded
2025-01-14 18:55:11 - ERROR - Erro ao obter precisão para ETH/USDT: binance markets not loaded
2025-01-14 18:55:11 - ERROR - Erro ao obter precisão para SOL/USDT: binance markets not loaded
2025-01-14 18:55:11 - ERROR - Erro ao obter precisão para XRP/USDT: binance markets not loaded
2025-01-14 18:55:12 - ERROR - Erro ao obter precisão para ADA/USDT: binance markets not loaded
2025-01-14 18:55:12 - ERROR - Erro ao obter precisão para BTC/USDT: binance markets not loaded
2025-01-14 18:55:12 - ERROR - Erro ao obter precisão para ETH/USDT: binance markets not loaded
2025-01-14 18:55:12 - ERROR - Erro ao obter precisão para SOL/USDT: binance markets not loaded
2025-01-14 18:55:12 - ERROR - Erro ao obter precisão para XRP/USDT: binance markets not loaded
2025-01-14 18:55:12 - ERROR - Erro ao obter precisão para ADA/USDT: binance markets not loaded
2025-01-14 18:55:12 - ERROR - Erro ao obter precisão para BTC/USDT: binance markets not loaded
2025-01-14 18:55:12 - ERROR - Erro ao obter precisão para ETH/USDT: binance markets not loaded
2025-01-14 18:55:12 - ERROR - Erro ao obter precisão para SOL/USDT: binance markets not loaded
2025-01-14 18:55:12 - ERROR - Erro ao obter precisão para XRP/USDT: binance markets not loaded
2025-01-14 18:55:13 - ERROR - Erro ao obter precisão para ADA/USDT: binance markets not loaded
2025-01-14 18:55:13 - ERROR - Erro ao obter precisão para BTC/USDT: binance markets not loaded
2025-01-14 18:55:13 - ERROR - Erro ao obter precisão para ETH/USDT: binance markets not loaded
2025-01-14 18:55:13 - ERROR - Erro ao obter precisão para SOL/USDT: binance markets not loaded
2025-01-14 18:55:13 - ERROR - Erro ao obter precisão para XRP/USDT: binance markets not loaded
2025-01-14 18:55:13 - ERROR - Erro ao obter precisão para ADA/USDT: binance markets not loaded
2025-01-14 18:55:13 - ERROR - Erro ao obter precisão para BTC/USDT: binance markets not loaded
2025-01-14 18:55:13 - ERROR - Erro ao obter precisão para ETH/USDT: binance markets not loaded
2025-01-14 18:55:13 - ERROR - Erro ao obter precisão para SOL/USDT: binance markets not loaded
2025-01-14 18:55:13 - ERROR - Erro ao obter precisão para XRP/USDT: binance markets not loaded
2025-01-14 18:55:13 - ERROR - Erro ao obter precisão para ADA/USDT: binance markets not loaded
2025-01-14 18:55:13 - ERROR - Erro ao obter precisão para BTC/USDT: binance markets not loaded
2025-01-14 18:55:13 - ERROR - Erro ao obter precisão para ETH/USDT: binance markets not loaded
2025-01-14 18:55:13 - ERROR - Erro ao obter precisão para SOL/USDT: binance markets not loaded
2025-01-14 18:55:13 - ERROR - Erro ao obter precisão para XRP/USDT: binance markets not loaded
2025-01-14 18:55:14 - ERROR - Erro ao obter precisão para ADA/USDT: binance markets not loaded
2025-01-14 18:55:14 - ERROR - Erro ao obter precisão para BTC/USDT: binance markets not loaded
2025-01-14 18:55:14 - ERROR - Erro ao obter precisão para ETH/USDT: binance markets not loaded
2025-01-14 18:55:14 - ERROR - Erro ao obter precisão para SOL/USDT: binance markets not loaded
2025-01-14 18:55:14 - ERROR - Erro ao obter precisão para XRP/USDT: binance markets not loaded
2025-01-14 18:55:14 - ERROR - Erro ao obter precisão para ADA/USDT: binance markets not loaded
2025-01-14 18:55:14 - ERROR - Erro ao obter precisão para BTC/USDT: binance markets not loaded
2025-01-14 18:55:14 - ERROR - Erro ao obter precisão para ETH/USDT: binance markets not loaded
2025-01-14 18:55:14 - ERROR - Erro ao obter precisão para SOL/USDT: binance markets not loaded
2025-01-14 18:55:14 - ERROR - Erro ao obter precisão para XRP/USDT: binance markets not loaded
2025-01-14 18:55:15 - ERROR - Erro ao obter precisão para ADA/USDT: binance markets not loaded
2025-01-14 18:55:15 - ERROR - Erro ao obter precisão para BTC/USDT: binance markets not loaded
2025-01-14 18:55:15 - ERROR - Erro ao obter precisão para ETH/USDT: binance markets not loaded
2025-01-14 18:55:15 - ERROR - Erro ao obter precisão para SOL/USDT: binance markets not loaded
2025-01-14 18:55:15 - ERROR - Erro ao obter precisão para XRP/USDT: binance markets not loaded
2025-01-14 18:55:15 - ERROR - Erro ao obter precisão para ADA/USDT: binance markets not loaded
2025-01-14 18:55:15 - ERROR - Erro ao obter precisão para BTC/USDT: binance markets not loaded
2025-01-14 18:55:15 - ERROR - Erro ao obter precisão para ETH/USDT: binance markets not loaded
2025-01-14 18:55:15 - ERROR - Erro ao obter precisão para SOL/USDT: binance markets not loaded
2025-01-14 18:55:15 - ERROR - Erro ao obter precisão para XRP/USDT: binance markets not loaded
2025-01-14 18:55:16 - ERROR - Erro ao obter precisão para ADA/USDT: binance markets not loaded
2025-01-14 18:55:16 - ERROR - Erro ao obter precisão para BTC/USDT: binance markets not loaded
2025-01-14 18:55:16 - ERROR - Erro ao obter precisão para ETH/USDT: binance markets not loaded
2025-01-14 18:55:16 - ERROR - Erro ao obter precisão para SOL/USDT: binance markets not loaded
2025-01-14 18:55:16 - ERROR - Erro ao obter precisão para XRP/USDT: binance markets not loaded
2025-01-14 18:55:16 - ERROR - Erro ao obter precisão para ADA/USDT: binance markets not loaded
2025-01-14 18:55:16 - ERROR - Erro ao obter precisão para BTC/USDT: binance markets not loaded
2025-01-14 18:55:16 - ERROR - Erro ao obter precisão para ETH/USDT: binance markets not loaded
2025-01-14 18:55:16 - ERROR - Erro ao obter precisão para SOL/USDT: binance markets not loaded
2025-01-14 18:55:16 - ERROR - Erro ao obter precisão para XRP/USDT: binance markets not loaded
2025-01-14 18:55:16 - ERROR - Erro ao obter precisão para ADA/USDT: binance markets not loaded
2025-01-14 18:55:16 - ERROR - Erro ao obter precisão para BTC/USDT: binance markets not loaded
2025-01-14 18:55:16 - ERROR - Erro ao obter precisão para ETH/USDT: binance markets not loaded
2025-01-14 18:55:16 - ERROR - Erro ao obter precisão para SOL/USDT: binance markets not loaded
2025-01-14 18:55:16 - ERROR - Erro ao obter precisão para XRP/USDT: binance markets not loaded
2025-01-14 18:55:17 - ERROR - Erro ao obter precisão para ADA/USDT: binance markets not loaded
2025-01-14 18:55:17 - ERROR - Erro ao obter precisão para BTC/USDT: binance markets not loaded
2025-01-14 18:55:17 - ERROR - Erro ao obter precisão para ETH/USDT: binance markets not loaded
2025-01-14 18:55:17 - ERROR - Erro ao obter precisão para SOL/USDT: binance markets not loaded
2025-01-14 18:55:17 - ERROR - Erro ao obter precisão para XRP/USDT: binance markets not loaded
2025-01-14 18:55:17 - ERROR - Erro ao obter precisão para ADA/USDT: binance markets not loaded
2025-01-14 18:55:17 - ERROR - Erro ao obter precisão para BTC/USDT: binance markets not loaded
2025-01-14 18:55:17 - ERROR - Erro ao obter precisão para ETH/USDT: binance markets not loaded
2025-01-14 18:55:17 - ERROR - Erro ao obter precisão para SOL/USDT: binance markets not loaded
2025-01-14 18:55:17 - ERROR - Erro ao obter precisão para XRP/USDT: binance markets not loaded
2025-01-14 18:55:18 - ERROR - Erro ao obter precisão para ADA/USDT: binance markets not loaded
2025-01-14 18:55:18 - ERROR - Erro ao obter precisão para BTC/USDT: binance markets not loaded
2025-01-14 18:55:18 - ERROR - Erro ao obter precisão para ETH/USDT: binance markets not loaded
2025-01-14 18:55:18 - ERROR - Erro ao obter precisão para SOL/USDT: binance markets not loaded
2025-01-14 18:55:18 - ERROR - Erro ao obter precisão para XRP/USDT: binance markets not loaded
2025-01-14 18:55:18 - ERROR - Erro ao obter precisão para ADA/USDT: binance markets not loaded
2025-01-14 18:55:18 - ERROR - Erro ao obter precisão para BTC/USDT: binance markets not loaded
2025-01-14 18:55:18 - ERROR - Erro ao obter precisão para ETH/USDT: binance markets not loaded
2025-01-14 18:55:18 - ERROR - Erro ao obter precisão para SOL/USDT: binance markets not loaded
2025-01-14 18:55:18 - ERROR - Erro ao obter precisão para XRP/USDT: binance markets not loaded
2025-01-14 18:55:19 - ERROR - Erro ao obter precisão para ADA/USDT: binance markets not loaded
2025-01-14 18:55:19 - ERROR - Erro ao obter precisão para BTC/USDT: binance markets not loaded
2025-01-14 18:55:19 - ERROR - Erro ao obter precisão para ETH/USDT: binance markets not loaded
2025-01-14 18:55:19 - ERROR - Erro ao obter precisão para SOL/USDT: binance markets not loaded
2025-01-14 18:55:19 - ERROR - Erro ao obter precisão para XRP/USDT: binance markets not loaded
2025-01-14 18:55:19 - ERROR - Erro ao obter precisão para ADA/USDT: binance markets not loaded
2025-01-14 18:55:19 - ERROR - Erro ao obter precisão para BTC/USDT: binance markets not loaded
2025-01-14 18:55:19 - ERROR - Erro ao obter precisão para ETH/USDT: binance markets not loaded
2025-01-14 18:55:19 - ERROR - Erro ao obter precisão para SOL/USDT: binance markets not loaded
2025-01-14 18:55:19 - ERROR - Erro ao obter precisão para XRP/USDT: binance markets not loaded
2025-01-14 18:55:19 - ERROR - Erro ao obter precisão para ADA/USDT: binance markets not loaded
2025-01-14 18:55:19 - ERROR - Erro ao obter precisão para BTC/USDT: binance markets not loaded
2025-01-14 18:55:19 - ERROR - Erro ao obter precisão para ETH/USDT: binance markets not loaded
2025-01-14 18:55:19 - ERROR - Erro ao obter precisão para SOL/USDT: binance markets not loaded
2025-01-14 18:55:19 - ERROR - Erro ao obter precisão para XRP/USDT: binance markets not loaded
2025-01-14 18:55:20 - ERROR - Erro ao obter precisão para ADA/USDT: binance markets not loaded
2025-01-14 18:55:20 - ERROR - Erro ao obter precisão para BTC/USDT: binance markets not loaded
2025-01-14 18:55:20 - ERROR - Erro ao obter precisão para ETH/USDT: binance markets not loaded
2025-01-14 18:55:20 - ERROR - Erro ao obter precisão para SOL/USDT: binance markets not loaded
2025-01-14 18:55:20 - ERROR - Erro ao obter precisão para XRP/USDT: binance markets not loaded
2025-01-14 18:55:20 - ERROR - Erro ao obter precisão para ADA/USDT: binance markets not loaded
2025-01-14 18:55:20 - ERROR - Erro ao obter precisão para BTC/USDT: binance markets not loaded
2025-01-14 18:55:20 - ERROR - Erro ao obter precisão para ETH/USDT: binance markets not loaded
2025-01-14 18:55:20 - ERROR - Erro ao obter precisão para SOL/USDT: binance markets not loaded
2025-01-14 18:55:20 - ERROR - Erro ao obter precisão para XRP/USDT: binance markets not loaded
2025-01-14 18:55:21 - ERROR - Erro ao obter precisão para ADA/USDT: binance markets not loaded
2025-01-14 18:55:21 - ERROR - Erro ao obter precisão para BTC/USDT: binance markets not loaded
2025-01-14 18:55:21 - ERROR - Erro ao obter precisão para ETH/USDT: binance markets not loaded
2025-01-14 18:55:21 - ERROR - Erro ao obter precisão para SOL/USDT: binance markets not loaded
2025-01-14 18:55:21 - ERROR - Erro ao obter precisão para XRP/USDT: binance markets not loaded
2025-01-14 18:55:21 - ERROR - Erro ao obter precisão para ADA/USDT: binance markets not loaded
2025-01-14 18:55:21 - ERROR - Erro ao obter precisão para BTC/USDT: binance markets not loaded
2025-01-14 18:55:21 - ERROR - Erro ao obter precisão para ETH/USDT: binance markets not loaded
2025-01-14 18:55:21 - ERROR - Erro ao obter precisão para SOL/USDT: binance markets not loaded
2025-01-14 18:55:21 - ERROR - Erro ao obter precisão para XRP/USDT: binance markets not loaded
2025-01-14 18:55:22 - ERROR - Erro ao obter precisão para ADA/USDT: binance markets not loaded
2025-01-14 18:55:22 - ERROR - Erro ao obter precisão para BTC/USDT: binance markets not loaded
2025-01-14 18:55:22 - ERROR - Erro ao obter precisão para ETH/USDT: binance markets not loaded
2025-01-14 18:55:22 - ERROR - Erro ao obter precisão para SOL/USDT: binance markets not loaded
2025-01-14 18:55:22 - ERROR - Erro ao obter precisão para XRP/USDT: binance markets not loaded
2025-01-14 18:55:22 - ERROR - Erro ao obter precisão para ADA/USDT: binance markets not loaded
2025-01-14 18:55:22 - ERROR - Erro ao obter precisão para BTC/USDT: binance markets not loaded
2025-01-14 18:55:22 - ERROR - Erro ao obter precisão para ETH/USDT: binance markets not loaded
2025-01-14 18:55:22 - ERROR - Erro ao obter precisão para SOL/USDT: binance markets not loaded
2025-01-14 18:55:22 - ERROR - Erro ao obter precisão para XRP/USDT: binance markets not loaded
2025-01-14 18:55:22 - ERROR - Erro ao obter precisão para ADA/USDT: binance markets not loaded
2025-01-14 18:55:22 - ERROR - Erro ao obter precisão para BTC/USDT: binance markets not loaded
2025-01-14 18:55:22 - ERROR - Erro ao obter precisão para ETH/USDT: binance markets not loaded
2025-01-14 18:55:22 - ERROR - Erro ao obter precisão para SOL/USDT: binance markets not loaded
2025-01-14 18:55:22 - ERROR - Erro ao obter precisão para XRP/USDT: binance markets not loaded
2025-01-14 18:55:23 - ERROR - Erro ao obter precisão para ADA/USDT: binance markets not loaded
2025-01-14 18:55:23 - ERROR - Erro ao obter precisão para BTC/USDT: binance markets not loaded
2025-01-14 18:55:23 - ERROR - Erro ao obter precisão para ETH/USDT: binance markets not loaded
2025-01-14 18:55:23 - ERROR - Erro ao obter precisão para SOL/USDT: binance markets not loaded
2025-01-14 18:55:23 - ERROR - Erro ao obter precisão para XRP/USDT: binance markets not loaded
2025-01-14 18:55:23 - ERROR - Erro ao obter precisão para ADA/USDT: binance markets not loaded
2025-01-14 18:55:23 - ERROR - Erro ao obter precisão para BTC/USDT: binance markets not loaded
2025-01-14 18:55:23 - ERROR - Erro ao obter precisão para ETH/USDT: binance markets not loaded
2025-01-14 18:55:23 - ERROR - Erro ao obter precisão para SOL/USDT: binance markets not loaded
2025-01-14 18:55:23 - ERROR - Erro ao obter precisão para XRP/USDT: binance markets not loaded
2025-01-14 18:55:24 - ERROR - Erro ao obter precisão para ADA/USDT: binance markets not loaded
2025-01-14 18:55:24 - ERROR - Erro ao obter precisão para BTC/USDT: binance markets not loaded
2025-01-14 18:55:24 - ERROR - Erro ao obter precisão para ETH/USDT: binance markets not loaded
2025-01-14 18:55:24 - ERROR - Erro ao obter precisão para SOL/USDT: binance markets not loaded
2025-01-14 18:55:24 - ERROR - Erro ao obter precisão para XRP/USDT: binance markets not loaded
2025-01-14 18:55:24 - ERROR - Erro ao obter precisão para ADA/USDT: binance markets not loaded
2025-01-14 18:55:24 - ERROR - Erro ao obter precisão para BTC/USDT: binance markets not loaded
2025-01-14 18:55:24 - ERROR - Erro ao obter precisão para ETH/USDT: binance markets not loaded
2025-01-14 18:55:24 - ERROR - Erro ao obter precisão para SOL/USDT: binance markets not loaded
2025-01-14 18:55:24 - ERROR - Erro ao obter precisão para XRP/USDT: binance markets not loaded
2025-01-14 18:55:25 - ERROR - Erro ao obter precisão para ADA/USDT: binance markets not loaded
2025-01-14 18:55:25 - ERROR - Erro ao obter precisão para BTC/USDT: binance markets not loaded
2025-01-14 18:55:25 - ERROR - Erro ao obter precisão para ETH/USDT: binance markets not loaded
2025-01-14 18:55:25 - ERROR - Erro ao obter precisão para SOL/USDT: binance markets not loaded
2025-01-14 18:55:25 - ERROR - Erro ao obter precisão para XRP/USDT: binance markets not loaded
2025-01-14 18:55:25 - ERROR - Erro ao obter precisão para ADA/USDT: binance markets not loaded
2025-01-14 18:55:25 - ERROR - Erro ao obter precisão para BTC/USDT: binance markets not loaded
2025-01-14 18:55:25 - ERROR - Erro ao obter precisão para ETH/USDT: binance markets not loaded
2025-01-14 18:55:25 - ERROR - Erro ao obter precisão para SOL/USDT: binance markets not loaded
2025-01-14 18:55:25 - ERROR - Erro ao obter precisão para XRP/USDT: binance markets not loaded
2025-01-14 18:55:25 - ERROR - Erro ao obter precisão para ADA/USDT: binance markets not loaded
2025-01-14 18:55:25 - ERROR - Erro ao obter precisão para BTC/USDT: binance markets not loaded
2025-01-14 18:55:25 - ERROR - Erro ao obter precisão para ETH/USDT: binance markets not loaded
2025-01-14 18:55:25 - ERROR - Erro ao obter precisão para SOL/USDT: binance markets not loaded
2025-01-14 18:55:25 - ERROR - Erro ao obter precisão para XRP/USDT: binance markets not loaded
2025-01-14 18:55:26 - ERROR - Erro ao obter precisão para ADA/USDT: binance markets not loaded
2025-01-14 18:55:26 - ERROR - Erro ao obter precisão para BTC/USDT: binance markets not loaded
2025-01-14 18:55:26 - ERROR - Erro ao obter precisão para ETH/USDT: binance markets not loaded
2025-01-14 18:55:26 - ERROR - Erro ao obter precisão para SOL/USDT: binance markets not loaded
2025-01-14 18:55:26 - ERROR - Erro ao obter precisão para XRP/USDT: binance markets not loaded
2025-01-14 18:55:26 - ERROR - Erro ao obter precisão para ADA/USDT: binance markets not loaded
2025-01-14 18:55:26 - ERROR - Erro ao obter precisão para BTC/USDT: binance markets not loaded
2025-01-14 18:55:26 - ERROR - Erro ao obter precisão para ETH/USDT: binance markets not loaded
2025-01-14 18:55:26 - ERROR - Erro ao obter precisão para SOL/USDT: binance markets not loaded
2025-01-14 18:55:26 - ERROR - Erro ao obter precisão para XRP/USDT: binance markets not loaded
2025-01-14 18:55:27 - ERROR - Erro ao obter precisão para ADA/USDT: binance markets not loaded
2025-01-14 18:55:27 - ERROR - Erro ao obter precisão para BTC/USDT: binance markets not loaded
2025-01-14 18:55:27 - ERROR - Erro ao obter precisão para ETH/USDT: binance markets not loaded
2025-01-14 18:55:27 - ERROR - Erro ao obter precisão para SOL/USDT: binance markets not loaded
2025-01-14 18:55:27 - ERROR - Erro ao obter precisão para XRP/USDT: binance markets not loaded
2025-01-14 18:55:27 - ERROR - Erro ao obter precisão para ADA/USDT: binance markets not loaded
2025-01-14 18:55:27 - ERROR - Erro ao obter precisão para BTC/USDT: binance markets not loaded
2025-01-14 18:55:27 - ERROR - Erro ao obter precisão para ETH/USDT: binance markets not loaded
2025-01-14 18:55:27 - ERROR - Erro ao obter precisão para SOL/USDT: binance markets not loaded
2025-01-14 18:55:27 - ERROR - Erro ao obter precisão para XRP/USDT: binance markets not loaded
2025-01-14 18:55:28 - ERROR - Erro ao obter precisão para ADA/USDT: binance markets not loaded
2025-01-14 18:55:28 - ERROR - Erro ao obter precisão para BTC/USDT: binance markets not loaded
2025-01-14 18:55:28 - ERROR - Erro ao obter precisão para ETH/USDT: binance markets not loaded
2025-01-14 18:55:28 - ERROR - Erro ao obter precisão para SOL/USDT: binance markets not loaded
2025-01-14 18:55:28 - ERROR - Erro ao obter precisão para XRP/USDT: binance markets not loaded
2025-01-14 18:55:28 - ERROR - Erro ao obter precisão para ADA/USDT: binance markets not loaded
2025-01-14 18:55:28 - ERROR - Erro ao obter precisão para BTC/USDT: binance markets not loaded
2025-01-14 18:55:28 - ERROR - Erro ao obter precisão para ETH/USDT: binance markets not loaded
2025-01-14 18:55:28 - ERROR - Erro ao obter precisão para SOL/USDT: binance markets not loaded
2025-01-14 18:55:28 - ERROR - Erro ao obter precisão para XRP/USDT: binance markets not loaded
2025-01-14 18:55:28 - ERROR - Erro ao obter precisão para ADA/USDT: binance markets not loaded
2025-01-14 18:55:28 - ERROR - Erro ao obter precisão para BTC/USDT: binance markets not loaded
2025-01-14 18:55:28 - ERROR - Erro ao obter precisão para ETH/USDT: binance markets not loaded
2025-01-14 18:55:28 - ERROR - Erro ao obter precisão para SOL/USDT: binance markets not loaded
2025-01-14 18:55:28 - ERROR - Erro ao obter precisão para XRP/USDT: binance markets not loaded
2025-01-14 18:55:29 - ERROR - Erro ao obter precisão para ADA/USDT: binance markets not loaded
2025-01-14 18:55:29 - ERROR - Erro ao obter precisão para BTC/USDT: binance markets not loaded
2025-01-14 18:55:29 - ERROR - Erro ao obter precisão para ETH/USDT: binance markets not loaded
2025-01-14 18:55:29 - ERROR - Erro ao obter precisão para SOL/USDT: binance markets not loaded
2025-01-14 18:55:29 - ERROR - Erro ao obter precisão para XRP/USDT: binance markets not loaded
2025-01-14 18:55:29 - ERROR - Erro ao obter precisão para ADA/USDT: binance markets not loaded
2025-01-14 18:55:29 - ERROR - Erro ao obter precisão para BTC/USDT: binance markets not loaded
2025-01-14 18:55:29 - ERROR - Erro ao obter precisão para ETH/USDT: binance markets not loaded
2025-01-14 18:55:29 - ERROR - Erro ao obter precisão para SOL/USDT: binance markets not loaded
2025-01-14 18:55:29 - ERROR - Erro ao obter precisão para XRP/USDT: binance markets not loaded
2025-01-14 18:55:30 - ERROR - Erro ao obter precisão para ADA/USDT: binance markets not loaded
2025-01-14 18:55:30 - ERROR - Erro ao obter precisão para BTC/USDT: binance markets not loaded
2025-01-14 18:55:30 - ERROR - Erro ao obter precisão para ETH/USDT: binance markets not loaded
2025-01-14 18:55:30 - ERROR - Erro ao obter precisão para SOL/USDT: binance markets not loaded
2025-01-14 18:55:30 - ERROR - Erro ao obter precisão para XRP/USDT: binance markets not loaded
2025-01-14 18:55:30 - ERROR - Erro ao obter precisão para ADA/USDT: binance markets not loaded
2025-01-14 18:55:30 - ERROR - Erro ao obter precisão para BTC/USDT: binance markets not loaded
2025-01-14 18:55:30 - ERROR - Erro ao obter precisão para ETH/USDT: binance markets not loaded
2025-01-14 18:55:30 - ERROR - Erro ao obter precisão para SOL/USDT: binance markets not loaded
2025-01-14 18:55:30 - ERROR - Erro ao obter precisão para XRP/USDT: binance markets not loaded
2025-01-14 18:55:31 - ERROR - Erro ao obter precisão para ADA/USDT: binance markets not loaded
2025-01-14 18:55:31 - ERROR - Erro ao obter precisão para BTC/USDT: binance markets not loaded
2025-01-14 18:55:31 - ERROR - Erro ao obter precisão para ETH/USDT: binance markets not loaded
2025-01-14 18:55:31 - ERROR - Erro ao obter precisão para SOL/USDT: binance markets not loaded
2025-01-14 18:55:31 - ERROR - Erro ao obter precisão para XRP/USDT: binance markets not loaded
2025-01-14 18:55:31 - ERROR - Erro ao obter precisão para ADA/USDT: binance markets not loaded
2025-01-14 18:55:31 - ERROR - Erro ao obter precisão para BTC/USDT: binance markets not loaded
2025-01-14 18:55:31 - ERROR - Erro ao obter precisão para ETH/USDT: binance markets not loaded
2025-01-14 18:55:31 - ERROR - Erro ao obter precisão para SOL/USDT: binance markets not loaded
2025-01-14 18:55:31 - ERROR - Erro ao obter precisão para XRP/USDT: binance markets not loaded
2025-01-14 18:55:31 - ERROR - Erro ao obter precisão para ADA/USDT: binance markets not loaded
2025-01-14 18:55:31 - ERROR - Erro ao obter precisão para BTC/USDT: binance markets not loaded
2025-01-14 18:55:31 - ERROR - Erro ao obter precisão para ETH/USDT: binance markets not loaded
2025-01-14 18:55:31 - ERROR - Erro ao obter precisão para SOL/USDT: binance markets not loaded
2025-01-14 18:55:31 - ERROR - Erro ao obter precisão para XRP/USDT: binance markets not loaded
2025-01-14 18:55:32 - ERROR - Erro ao obter precisão para ADA/USDT: binance markets not loaded
2025-01-14 18:55:32 - ERROR - Erro ao obter precisão para BTC/USDT: binance markets not loaded
2025-01-14 18:55:32 - ERROR - Erro ao obter precisão para ETH/USDT: binance markets not loaded
2025-01-14 18:55:32 - ERROR - Erro ao obter precisão para SOL/USDT: binance markets not loaded
2025-01-14 18:55:32 - ERROR - Erro ao obter precisão para XRP/USDT: binance markets not loaded
2025-01-14 18:55:32 - ERROR - Erro ao obter precisão para ADA/USDT: binance markets not loaded
2025-01-14 18:55:32 - ERROR - Erro ao obter precisão para BTC/USDT: binance markets not loaded
2025-01-14 18:55:32 - ERROR - Erro ao obter precisão para ETH/USDT: binance markets not loaded
2025-01-14 18:55:32 - ERROR - Erro ao obter precisão para SOL/USDT: binance markets not loaded
2025-01-14 18:55:32 - ERROR - Erro ao obter precisão para XRP/USDT: binance markets not loaded
2025-01-14 18:55:33 - ERROR - Erro ao obter precisão para ADA/USDT: binance markets not loaded
2025-01-14 18:55:33 - ERROR - Erro ao obter precisão para BTC/USDT: binance markets not loaded
2025-01-14 18:55:33 - ERROR - Erro ao obter precisão para ETH/USDT: binance markets not loaded
2025-01-14 18:55:33 - ERROR - Erro ao obter precisão para SOL/USDT: binance markets not loaded
2025-01-14 18:55:33 - ERROR - Erro ao obter precisão para XRP/USDT: binance markets not loaded
2025-01-14 18:55:33 - ERROR - Erro ao obter precisão para ADA/USDT: binance markets not loaded
2025-01-14 18:55:33 - ERROR - Erro ao obter precisão para BTC/USDT: binance markets not loaded
2025-01-14 18:55:33 - ERROR - Erro ao obter precisão para ETH/USDT: binance markets not loaded
2025-01-14 18:55:33 - ERROR - Erro ao obter precisão para SOL/USDT: binance markets not loaded
2025-01-14 18:55:33 - ERROR - Erro ao obter precisão para XRP/USDT: binance markets not loaded
2025-01-14 18:55:34 - ERROR - Erro ao obter precisão para ADA/USDT: binance markets not loaded
2025-01-14 18:55:34 - ERROR - Erro ao obter precisão para BTC/USDT: binance markets not loaded
2025-01-14 18:55:34 - ERROR - Erro ao obter precisão para ETH/USDT: binance markets not loaded
2025-01-14 18:55:34 - ERROR - Erro ao obter precisão para SOL/USDT: binance markets not loaded
2025-01-14 18:55:34 - ERROR - Erro ao obter precisão para XRP/USDT: binance markets not loaded
2025-01-14 18:55:34 - ERROR - Erro ao obter precisão para ADA/USDT: binance markets not loaded
2025-01-14 18:55:34 - ERROR - Erro ao obter precisão para BTC/USDT: binance markets not loaded
2025-01-14 18:55:34 - ERROR - Erro ao obter precisão para ETH/USDT: binance markets not loaded
2025-01-14 18:55:34 - ERROR - Erro ao obter precisão para SOL/USDT: binance markets not loaded
2025-01-14 18:55:34 - ERROR - Erro ao obter precisão para XRP/USDT: binance markets not loaded
2025-01-14 18:55:35 - ERROR - Erro ao obter precisão para ADA/USDT: binance markets not loaded
2025-01-14 18:55:35 - ERROR - Erro ao obter precisão para BTC/USDT: binance markets not loaded
2025-01-14 18:55:35 - ERROR - Erro ao obter precisão para ETH/USDT: binance markets not loaded
2025-01-14 18:55:35 - ERROR - Erro ao obter precisão para SOL/USDT: binance markets not loaded
2025-01-14 18:55:35 - ERROR - Erro ao obter precisão para XRP/USDT: binance markets not loaded
2025-01-14 18:55:35 - ERROR - Erro ao obter precisão para ADA/USDT: binance markets not loaded
2025-01-14 18:55:35 - ERROR - Erro ao obter precisão para BTC/USDT: binance markets not loaded
2025-01-14 18:55:35 - ERROR - Erro ao obter precisão para ETH/USDT: binance markets not loaded
2025-01-14 18:55:35 - ERROR - Erro ao obter precisão para SOL/USDT: binance markets not loaded
2025-01-14 18:55:35 - ERROR - Erro ao obter precisão para XRP/USDT: binance markets not loaded
2025-01-14 18:55:35 - ERROR - Erro ao obter precisão para ADA/USDT: binance markets not loaded
2025-01-14 18:55:35 - ERROR - Erro ao obter precisão para BTC/USDT: binance markets not loaded
2025-01-14 18:55:35 - ERROR - Erro ao obter precisão para ETH/USDT: binance markets not loaded
2025-01-14 18:55:35 - ERROR - Erro ao obter precisão para SOL/USDT: binance markets not loaded
2025-01-14 18:55:35 - ERROR - Erro ao obter precisão para XRP/USDT: binance markets not loaded
2025-01-14 18:55:36 - ERROR - Erro ao obter precisão para ADA/USDT: binance markets not loaded
2025-01-14 18:55:36 - ERROR - Erro ao obter precisão para BTC/USDT: binance markets not loaded
2025-01-14 18:55:36 - ERROR - Erro ao obter precisão para ETH/USDT: binance markets not loaded
2025-01-14 18:55:36 - ERROR - Erro ao obter precisão para SOL/USDT: binance markets not loaded
2025-01-14 18:55:36 - ERROR - Erro ao obter precisão para XRP/USDT: binance markets not loaded
2025-01-14 18:55:36 - ERROR - Erro ao obter precisão para ADA/USDT: binance markets not loaded
2025-01-14 18:55:36 - ERROR - Erro ao obter precisão para BTC/USDT: binance markets not loaded
2025-01-14 18:55:36 - ERROR - Erro ao obter precisão para ETH/USDT: binance markets not loaded
2025-01-14 18:55:36 - ERROR - Erro ao obter precisão para SOL/USDT: binance markets not loaded
2025-01-14 18:55:36 - ERROR - Erro ao obter precisão para XRP/USDT: binance markets not loaded
2025-01-14 18:55:37 - ERROR - Erro ao obter precisão para ADA/USDT: binance markets not loaded
2025-01-14 18:55:37 - ERROR - Erro ao obter precisão para BTC/USDT: binance markets not loaded
2025-01-14 18:55:37 - ERROR - Erro ao obter precisão para ETH/USDT: binance markets not loaded
2025-01-14 18:55:37 - ERROR - Erro ao obter precisão para SOL/USDT: binance markets not loaded
2025-01-14 18:55:37 - ERROR - Erro ao obter precisão para XRP/USDT: binance markets not loaded
2025-01-14 18:55:37 - ERROR - Erro ao obter precisão para ADA/USDT: binance markets not loaded
2025-01-14 18:55:37 - ERROR - Erro ao obter precisão para BTC/USDT: binance markets not loaded
2025-01-14 18:55:37 - ERROR - Erro ao obter precisão para ETH/USDT: binance markets not loaded
2025-01-14 18:55:37 - ERROR - Erro ao obter precisão para SOL/USDT: binance markets not loaded
2025-01-14 18:55:37 - ERROR - Erro ao obter precisão para XRP/USDT: binance markets not loaded
2025-01-14 18:55:38 - ERROR - Erro ao obter precisão para ADA/USDT: binance markets not loaded
2025-01-14 18:55:38 - ERROR - Erro ao obter precisão para BTC/USDT: binance markets not loaded
2025-01-14 18:55:38 - ERROR - Erro ao obter precisão para ETH/USDT: binance markets not loaded
2025-01-14 18:55:38 - ERROR - Erro ao obter precisão para SOL/USDT: binance markets not loaded
2025-01-14 18:55:38 - ERROR - Erro ao obter precisão para XRP/USDT: binance markets not loaded
2025-01-14 18:55:38 - ERROR - Erro ao obter precisão para ADA/USDT: binance markets not loaded
2025-01-14 18:55:38 - ERROR - Erro ao obter precisão para BTC/USDT: binance markets not loaded
2025-01-14 18:55:38 - ERROR - Erro ao obter precisão para ETH/USDT: binance markets not loaded
2025-01-14 18:55:38 - ERROR - Erro ao obter precisão para SOL/USDT: binance markets not loaded
2025-01-14 18:55:38 - ERROR - Erro ao obter precisão para XRP/USDT: binance markets not loaded
2025-01-14 18:55:38 - ERROR - Erro ao obter precisão para ADA/USDT: binance markets not loaded
2025-01-14 18:55:38 - ERROR - Erro ao obter precisão para BTC/USDT: binance markets not loaded
2025-01-14 18:55:38 - ERROR - Erro ao obter precisão para ETH/USDT: binance markets not loaded
2025-01-14 18:55:38 - ERROR - Erro ao obter precisão para SOL/USDT: binance markets not loaded
2025-01-14 18:55:38 - ERROR - Erro ao obter precisão para XRP/USDT: binance markets not loaded
2025-01-14 18:55:39 - ERROR - Erro ao obter precisão para ADA/USDT: binance markets not loaded
2025-01-14 18:55:39 - ERROR - Erro ao obter precisão para BTC/USDT: binance markets not loaded
2025-01-14 18:55:39 - ERROR - Erro ao obter precisão para ETH/USDT: binance markets not loaded
2025-01-14 18:55:39 - ERROR - Erro ao obter precisão para SOL/USDT: binance markets not loaded
2025-01-14 18:55:39 - ERROR - Erro ao obter precisão para XRP/USDT: binance markets not loaded
2025-01-14 18:55:39 - ERROR - Erro ao obter precisão para ADA/USDT: binance markets not loaded
2025-01-14 18:55:39 - ERROR - Erro ao obter precisão para BTC/USDT: binance markets not loaded
2025-01-14 18:55:39 - ERROR - Erro ao obter precisão para ETH/USDT: binance markets not loaded
2025-01-14 18:55:39 - ERROR - Erro ao obter precisão para SOL/USDT: binance markets not loaded
2025-01-14 18:55:39 - ERROR - Erro ao obter precisão para XRP/USDT: binance markets not loaded
2025-01-14 18:55:40 - ERROR - Erro ao obter precisão para ADA/USDT: binance markets not loaded
2025-01-14 18:55:40 - ERROR - Erro ao obter precisão para BTC/USDT: binance markets not loaded
2025-01-14 18:55:40 - ERROR - Erro ao obter precisão para ETH/USDT: binance markets not loaded
2025-01-14 18:55:40 - ERROR - Erro ao obter precisão para SOL/USDT: binance markets not loaded
2025-01-14 18:55:40 - ERROR - Erro ao obter precisão para XRP/USDT: binance markets not loaded
2025-01-14 18:55:40 - ERROR - Erro ao obter precisão para ADA/USDT: binance markets not loaded
2025-01-14 18:55:40 - ERROR - Erro ao obter precisão para BTC/USDT: binance markets not loaded
2025-01-14 18:55:40 - ERROR - Erro ao obter precisão para ETH/USDT: binance markets not loaded
2025-01-14 18:55:40 - ERROR - Erro ao obter precisão para SOL/USDT: binance markets not loaded
2025-01-14 18:55:40 - ERROR - Erro ao obter precisão para XRP/USDT: binance markets not loaded
2025-01-14 18:55:41 - ERROR - Erro ao obter precisão para ADA/USDT: binance markets not loaded
2025-01-14 18:55:41 - ERROR - Erro ao obter precisão para BTC/USDT: binance markets not loaded
2025-01-14 18:55:41 - ERROR - Erro ao obter precisão para ETH/USDT: binance markets not loaded
2025-01-14 18:55:41 - ERROR - Erro ao obter precisão para SOL/USDT: binance markets not loaded
2025-01-14 18:55:41 - ERROR - Erro ao obter precisão para XRP/USDT: binance markets not loaded
2025-01-14 18:55:41 - ERROR - Erro ao obter precisão para ADA/USDT: binance markets not loaded
2025-01-14 18:55:41 - ERROR - Erro ao obter precisão para BTC/USDT: binance markets not loaded
2025-01-14 18:55:41 - ERROR - Erro ao obter precisão para ETH/USDT: binance markets not loaded
2025-01-14 18:55:41 - ERROR - Erro ao obter precisão para SOL/USDT: binance markets not loaded
2025-01-14 18:55:41 - ERROR - Erro ao obter precisão para XRP/USDT: binance markets not loaded
2025-01-14 18:55:41 - ERROR - Erro ao obter precisão para ADA/USDT: binance markets not loaded
2025-01-14 18:55:41 - ERROR - Erro ao obter precisão para BTC/USDT: binance markets not loaded
2025-01-14 18:55:41 - ERROR - Erro ao obter precisão para ETH/USDT: binance markets not loaded
2025-01-14 18:55:41 - ERROR - Erro ao obter precisão para SOL/USDT: binance markets not loaded
2025-01-14 18:55:41 - ERROR - Erro ao obter precisão para XRP/USDT: binance markets not loaded
2025-01-14 18:55:42 - ERROR - Erro ao obter precisão para ADA/USDT: binance markets not loaded
2025-01-14 18:55:42 - ERROR - Erro ao obter precisão para BTC/USDT: binance markets not loaded
2025-01-14 18:55:42 - ERROR - Erro ao obter precisão para ETH/USDT: binance markets not loaded
2025-01-14 18:55:42 - ERROR - Erro ao obter precisão para SOL/USDT: binance markets not loaded
2025-01-14 18:55:42 - ERROR - Erro ao obter precisão para XRP/USDT: binance markets not loaded
2025-01-14 18:55:42 - ERROR - Erro ao obter precisão para ADA/USDT: binance markets not loaded
2025-01-14 18:55:42 - ERROR - Erro ao obter precisão para BTC/USDT: binance markets not loaded
2025-01-14 18:55:42 - ERROR - Erro ao obter precisão para ETH/USDT: binance markets not loaded
2025-01-14 18:55:42 - ERROR - Erro ao obter precisão para SOL/USDT: binance markets not loaded
2025-01-14 18:55:42 - ERROR - Erro ao obter precisão para XRP/USDT: binance markets not loaded
2025-01-14 18:55:43 - ERROR - Erro ao obter precisão para ADA/USDT: binance markets not loaded
2025-01-14 18:55:43 - ERROR - Erro ao obter precisão para BTC/USDT: binance markets not loaded
2025-01-14 18:55:43 - ERROR - Erro ao obter precisão para ETH/USDT: binance markets not loaded
2025-01-14 18:55:43 - ERROR - Erro ao obter precisão para SOL/USDT: binance markets not loaded
2025-01-14 18:55:43 - ERROR - Erro ao obter precisão para XRP/USDT: binance markets not loaded
2025-01-14 18:55:43 - ERROR - Erro ao obter precisão para ADA/USDT: binance markets not loaded
2025-01-14 18:55:43 - ERROR - Erro ao obter precisão para BTC/USDT: binance markets not loaded
2025-01-14 18:55:43 - ERROR - Erro ao obter precisão para ETH/USDT: binance markets not loaded
2025-01-14 18:55:43 - ERROR - Erro ao obter precisão para SOL/USDT: binance markets not loaded
2025-01-14 18:55:43 - ERROR - Erro ao obter precisão para XRP/USDT: binance markets not loaded
2025-01-14 18:55:44 - ERROR - Erro ao obter precisão para ADA/USDT: binance markets not loaded
2025-01-14 18:55:44 - ERROR - Erro ao obter precisão para BTC/USDT: binance markets not loaded
2025-01-14 18:55:44 - ERROR - Erro ao obter precisão para ETH/USDT: binance markets not loaded
2025-01-14 18:55:44 - ERROR - Erro ao obter precisão para SOL/USDT: binance markets not loaded
2025-01-14 18:55:44 - ERROR - Erro ao obter precisão para XRP/USDT: binance markets not loaded
2025-01-14 18:55:44 - ERROR - Erro ao obter precisão para ADA/USDT: binance markets not loaded
2025-01-14 18:55:44 - ERROR - Erro ao obter precisão para BTC/USDT: binance markets not loaded
2025-01-14 18:55:44 - ERROR - Erro ao obter precisão para ETH/USDT: binance markets not loaded
2025-01-14 18:55:44 - ERROR - Erro ao obter precisão para SOL/USDT: binance markets not loaded
2025-01-14 18:55:44 - ERROR - Erro ao obter precisão para XRP/USDT: binance markets not loaded
2025-01-14 18:55:44 - ERROR - Erro ao obter precisão para ADA/USDT: binance markets not loaded
2025-01-14 18:55:44 - ERROR - Erro ao obter precisão para BTC/USDT: binance markets not loaded
2025-01-14 18:55:44 - ERROR - Erro ao obter precisão para ETH/USDT: binance markets not loaded
2025-01-14 18:55:44 - ERROR - Erro ao obter precisão para SOL/USDT: binance markets not loaded
2025-01-14 18:55:44 - ERROR - Erro ao obter precisão para XRP/USDT: binance markets not loaded
2025-01-14 18:55:45 - ERROR - Erro ao obter precisão para ADA/USDT: binance markets not loaded
2025-01-14 18:55:45 - ERROR - Erro ao obter precisão para BTC/USDT: binance markets not loaded
2025-01-14 18:55:45 - ERROR - Erro ao obter precisão para ETH/USDT: binance markets not loaded
2025-01-14 18:55:45 - ERROR - Erro ao obter precisão para SOL/USDT: binance markets not loaded
2025-01-14 18:55:45 - ERROR - Erro ao obter precisão para XRP/USDT: binance markets not loaded
2025-01-14 18:55:45 - ERROR - Erro ao obter precisão para ADA/USDT: binance markets not loaded
2025-01-14 18:55:45 - ERROR - Erro ao obter precisão para BTC/USDT: binance markets not loaded
2025-01-14 18:55:45 - ERROR - Erro ao obter precisão para ETH/USDT: binance markets not loaded
2025-01-14 18:55:45 - ERROR - Erro ao obter precisão para SOL/USDT: binance markets not loaded
2025-01-14 18:55:45 - ERROR - Erro ao obter precisão para XRP/USDT: binance markets not loaded
2025-01-14 18:55:46 - ERROR - Erro ao obter precisão para ADA/USDT: binance markets not loaded
2025-01-14 18:55:46 - ERROR - Erro ao obter precisão para BTC/USDT: binance markets not loaded
2025-01-14 18:55:46 - ERROR - Erro ao obter precisão para ETH/USDT: binance markets not loaded
2025-01-14 18:55:46 - ERROR - Erro ao obter precisão para SOL/USDT: binance markets not loaded
2025-01-14 18:55:46 - ERROR - Erro ao obter precisão para XRP/USDT: binance markets not loaded
2025-01-14 18:55:46 - ERROR - Erro ao obter precisão para ADA/USDT: binance markets not loaded
2025-01-14 18:55:46 - ERROR - Erro ao obter precisão para BTC/USDT: binance markets not loaded
2025-01-14 18:55:46 - ERROR - Erro ao obter precisão para ETH/USDT: binance markets not loaded
2025-01-14 18:55:46 - ERROR - Erro ao obter precisão para SOL/USDT: binance markets not loaded
2025-01-14 18:55:46 - ERROR - Erro ao obter precisão para XRP/USDT: binance markets not loaded
2025-01-14 18:55:47 - ERROR - Erro ao obter precisão para ADA/USDT: binance markets not loaded
2025-01-14 18:55:47 - ERROR - Erro ao obter precisão para BTC/USDT: binance markets not loaded
2025-01-14 18:55:47 - ERROR - Erro ao obter precisão para ETH/USDT: binance markets not loaded
2025-01-14 18:55:47 - ERROR - Erro ao obter precisão para SOL/USDT: binance markets not loaded
2025-01-14 18:55:47 - ERROR - Erro ao obter precisão para XRP/USDT: binance markets not loaded
2025-01-14 18:55:47 - ERROR - Erro ao obter precisão para ADA/USDT: binance markets not loaded
2025-01-14 18:55:47 - ERROR - Erro ao obter precisão para BTC/USDT: binance markets not loaded
2025-01-14 18:55:47 - ERROR - Erro ao obter precisão para ETH/USDT: binance markets not loaded
2025-01-14 18:55:47 - ERROR - Erro ao obter precisão para SOL/USDT: binance markets not loaded
2025-01-14 18:55:47 - ERROR - Erro ao obter precisão para XRP/USDT: binance markets not loaded
2025-01-14 18:55:47 - ERROR - Erro ao obter precisão para ADA/USDT: binance markets not loaded
2025-01-14 18:55:47 - ERROR - Erro ao obter precisão para BTC/USDT: binance markets not loaded
2025-01-14 18:55:47 - ERROR - Erro ao obter precisão para ETH/USDT: binance markets not loaded
2025-01-14 18:55:47 - ERROR - Erro ao obter precisão para SOL/USDT: binance markets not loaded
2025-01-14 18:55:47 - ERROR - Erro ao obter precisão para XRP/USDT: binance markets not loaded
2025-01-14 18:55:48 - ERROR - Erro ao obter precisão para ADA/USDT: binance markets not loaded
2025-01-14 18:55:48 - ERROR - Erro ao obter precisão para BTC/USDT: binance markets not loaded
2025-01-14 18:55:48 - ERROR - Erro ao obter precisão para ETH/USDT: binance markets not loaded
2025-01-14 18:55:48 - ERROR - Erro ao obter precisão para SOL/USDT: binance markets not loaded
2025-01-14 18:55:48 - ERROR - Erro ao obter precisão para XRP/USDT: binance markets not loaded
2025-01-14 18:55:48 - ERROR - Erro ao obter precisão para ADA/USDT: binance markets not loaded
2025-01-14 18:55:48 - ERROR - Erro ao obter precisão para BTC/USDT: binance markets not loaded
2025-01-14 18:55:48 - ERROR - Erro ao obter precisão para ETH/USDT: binance markets not loaded
2025-01-14 18:55:48 - ERROR - Erro ao obter precisão para SOL/USDT: binance markets not loaded
2025-01-14 18:55:48 - ERROR - Erro ao obter precisão para XRP/USDT: binance markets not loaded
2025-01-14 18:55:49 - ERROR - Erro ao obter precisão para ADA/USDT: binance markets not loaded
2025-01-14 18:55:49 - ERROR - Erro ao obter precisão para BTC/USDT: binance markets not loaded
2025-01-14 18:55:49 - ERROR - Erro ao obter precisão para ETH/USDT: binance markets not loaded
2025-01-14 18:55:49 - ERROR - Erro ao obter precisão para SOL/USDT: binance markets not loaded
2025-01-14 18:55:49 - ERROR - Erro ao obter precisão para XRP/USDT: binance markets not loaded
2025-01-14 18:55:49 - ERROR - Erro ao obter precisão para ADA/USDT: binance markets not loaded
2025-01-14 18:55:49 - ERROR - Erro ao obter precisão para BTC/USDT: binance markets not loaded
2025-01-14 18:55:49 - ERROR - Erro ao obter precisão para ETH/USDT: binance markets not loaded
2025-01-14 18:55:49 - ERROR - Erro ao obter precisão para SOL/USDT: binance markets not loaded
2025-01-14 18:55:49 - ERROR - Erro ao obter precisão para XRP/USDT: binance markets not loaded
2025-01-14 18:55:50 - ERROR - Erro ao obter precisão para ADA/USDT: binance markets not loaded
2025-01-14 18:55:50 - ERROR - Erro ao obter precisão para BTC/USDT: binance markets not loaded
2025-01-14 18:55:50 - ERROR - Erro ao obter precisão para ETH/USDT: binance markets not loaded
2025-01-14 18:55:50 - ERROR - Erro ao obter precisão para SOL/USDT: binance markets not loaded
2025-01-14 18:55:50 - ERROR - Erro ao obter precisão para XRP/USDT: binance markets not loaded
2025-01-14 18:55:50 - ERROR - Erro ao obter precisão para ADA/USDT: binance markets not loaded
2025-01-14 18:55:50 - ERROR - Erro ao obter precisão para BTC/USDT: binance markets not loaded
2025-01-14 18:55:50 - ERROR - Erro ao obter precisão para ETH/USDT: binance markets not loaded
2025-01-14 18:55:50 - ERROR - Erro ao obter precisão para SOL/USDT: binance markets not loaded
2025-01-14 18:55:50 - ERROR - Erro ao obter precisão para XRP/USDT: binance markets not loaded
2025-01-14 18:55:50 - ERROR - Erro ao obter precisão para ADA/USDT: binance markets not loaded
2025-01-14 18:55:50 - ERROR - Erro ao obter precisão para BTC/USDT: binance markets not loaded
2025-01-14 18:55:50 - ERROR - Erro ao obter precisão para ETH/USDT: binance markets not loaded
2025-01-14 18:55:50 - ERROR - Erro ao obter precisão para SOL/USDT: binance markets not loaded
2025-01-14 18:55:50 - ERROR - Erro ao obter precisão para XRP/USDT: binance markets not loaded
2025-01-14 18:55:51 - ERROR - Erro ao obter precisão para ADA/USDT: binance markets not loaded
2025-01-14 18:55:51 - ERROR - Erro ao obter precisão para BTC/USDT: binance markets not loaded
2025-01-14 18:55:51 - ERROR - Erro ao obter precisão para ETH/USDT: binance markets not loaded
2025-01-14 18:55:51 - ERROR - Erro ao obter precisão para SOL/USDT: binance markets not loaded
2025-01-14 18:55:51 - ERROR - Erro ao obter precisão para XRP/USDT: binance markets not loaded
2025-01-14 18:55:51 - ERROR - Erro ao obter precisão para ADA/USDT: binance markets not loaded
2025-01-14 18:55:51 - ERROR - Erro ao obter precisão para BTC/USDT: binance markets not loaded
2025-01-14 18:55:51 - ERROR - Erro ao obter precisão para ETH/USDT: binance markets not loaded
2025-01-14 18:55:51 - ERROR - Erro ao obter precisão para SOL/USDT: binance markets not loaded
2025-01-14 18:55:51 - ERROR - Erro ao obter precisão para XRP/USDT: binance markets not loaded
2025-01-14 18:55:52 - ERROR - Erro ao obter precisão para ADA/USDT: binance markets not loaded
2025-01-14 18:55:52 - ERROR - Erro ao obter precisão para BTC/USDT: binance markets not loaded
2025-01-14 18:55:52 - ERROR - Erro ao obter precisão para ETH/USDT: binance markets not loaded
2025-01-14 18:55:52 - ERROR - Erro ao obter precisão para SOL/USDT: binance markets not loaded
2025-01-14 18:55:52 - ERROR - Erro ao obter precisão para XRP/USDT: binance markets not loaded
2025-01-14 18:55:52 - ERROR - Erro ao obter precisão para ADA/USDT: binance markets not loaded
2025-01-14 18:55:52 - ERROR - Erro ao obter precisão para BTC/USDT: binance markets not loaded
2025-01-14 18:55:52 - ERROR - Erro ao obter precisão para ETH/USDT: binance markets not loaded
2025-01-14 18:55:52 - ERROR - Erro ao obter precisão para SOL/USDT: binance markets not loaded
2025-01-14 18:55:52 - ERROR - Erro ao obter precisão para XRP/USDT: binance markets not loaded
2025-01-14 18:55:53 - ERROR - Erro ao obter precisão para ADA/USDT: binance markets not loaded
2025-01-14 18:55:53 - ERROR - Erro ao obter precisão para BTC/USDT: binance markets not loaded
2025-01-14 18:55:53 - ERROR - Erro ao obter precisão para ETH/USDT: binance markets not loaded
2025-01-14 18:55:53 - ERROR - Erro ao obter precisão para SOL/USDT: binance markets not loaded
2025-01-14 18:55:53 - ERROR - Erro ao obter precisão para XRP/USDT: binance markets not loaded
2025-01-14 18:55:53 - ERROR - Erro ao obter precisão para ADA/USDT: binance markets not loaded
2025-01-14 18:55:53 - ERROR - Erro ao obter precisão para BTC/USDT: binance markets not loaded
2025-01-14 18:55:53 - ERROR - Erro ao obter precisão para ETH/USDT: binance markets not loaded
2025-01-14 18:55:53 - ERROR - Erro ao obter precisão para SOL/USDT: binance markets not loaded
2025-01-14 18:55:53 - ERROR - Erro ao obter precisão para XRP/USDT: binance markets not loaded
2025-01-14 18:55:53 - ERROR - Erro ao obter precisão para ADA/USDT: binance markets not loaded
2025-01-14 18:55:53 - ERROR - Erro ao obter precisão para BTC/USDT: binance markets not loaded
2025-01-14 18:55:53 - ERROR - Erro ao obter precisão para ETH/USDT: binance markets not loaded
2025-01-14 18:55:53 - ERROR - Erro ao obter precisão para SOL/USDT: binance markets not loaded
2025-01-14 18:55:53 - ERROR - Erro ao obter precisão para XRP/USDT: binance markets not loaded
2025-01-14 18:55:54 - ERROR - Erro ao obter precisão para ADA/USDT: binance markets not loaded
2025-01-14 18:55:54 - ERROR - Erro ao obter precisão para BTC/USDT: binance markets not loaded
2025-01-14 18:55:54 - ERROR - Erro ao obter precisão para ETH/USDT: binance markets not loaded
2025-01-14 18:55:54 - ERROR - Erro ao obter precisão para SOL/USDT: binance markets not loaded
2025-01-14 18:55:54 - ERROR - Erro ao obter precisão para XRP/USDT: binance markets not loaded
2025-01-14 18:55:54 - ERROR - Erro ao obter precisão para ADA/USDT: binance markets not loaded
2025-01-14 18:55:54 - ERROR - Erro ao obter precisão para BTC/USDT: binance markets not loaded
2025-01-14 18:55:54 - ERROR - Erro ao obter precisão para ETH/USDT: binance markets not loaded
2025-01-14 18:55:54 - ERROR - Erro ao obter precisão para SOL/USDT: binance markets not loaded
2025-01-14 18:55:54 - ERROR - Erro ao obter precisão para XRP/USDT: binance markets not loaded
2025-01-14 18:55:55 - ERROR - Erro ao obter precisão para ADA/USDT: binance markets not loaded
2025-01-14 18:55:55 - ERROR - Erro ao obter precisão para BTC/USDT: binance markets not loaded
2025-01-14 18:55:55 - ERROR - Erro ao obter precisão para ETH/USDT: binance markets not loaded
2025-01-14 18:55:55 - ERROR - Erro ao obter precisão para SOL/USDT: binance markets not loaded
2025-01-14 18:55:55 - ERROR - Erro ao obter precisão para XRP/USDT: binance markets not loaded
2025-01-14 18:55:55 - ERROR - Erro ao obter precisão para ADA/USDT: binance markets not loaded
2025-01-14 18:55:55 - ERROR - Erro ao obter precisão para BTC/USDT: binance markets not loaded
2025-01-14 18:55:55 - ERROR - Erro ao obter precisão para ETH/USDT: binance markets not loaded
2025-01-14 18:55:55 - ERROR - Erro ao obter precisão para SOL/USDT: binance markets not loaded
2025-01-14 18:55:55 - ERROR - Erro ao obter precisão para XRP/USDT: binance markets not loaded
2025-01-14 18:55:56 - ERROR - Erro ao obter precisão para ADA/USDT: binance markets not loaded
2025-01-14 18:55:56 - ERROR - Erro ao obter precisão para BTC/USDT: binance markets not loaded
2025-01-14 18:55:56 - ERROR - Erro ao obter precisão para ETH/USDT: binance markets not loaded
2025-01-14 18:55:56 - ERROR - Erro ao obter precisão para SOL/USDT: binance markets not loaded
2025-01-14 18:55:56 - ERROR - Erro ao obter precisão para XRP/USDT: binance markets not loaded
2025-01-14 18:55:56 - ERROR - Erro ao obter precisão para ADA/USDT: binance markets not loaded
2025-01-14 18:55:56 - ERROR - Erro ao obter precisão para BTC/USDT: binance markets not loaded
2025-01-14 18:55:56 - ERROR - Erro ao obter precisão para ETH/USDT: binance markets not loaded
2025-01-14 18:55:56 - ERROR - Erro ao obter precisão para SOL/USDT: binance markets not loaded
2025-01-14 18:55:56 - ERROR - Erro ao obter precisão para XRP/USDT: binance markets not loaded
2025-01-14 18:55:56 - ERROR - Erro ao obter precisão para ADA/USDT: binance markets not loaded
2025-01-14 18:55:56 - ERROR - Erro ao obter precisão para BTC/USDT: binance markets not loaded
2025-01-14 18:55:56 - ERROR - Erro ao obter precisão para ETH/USDT: binance markets not loaded
2025-01-14 18:55:56 - ERROR - Erro ao obter precisão para SOL/USDT: binance markets not loaded
2025-01-14 18:55:56 - ERROR - Erro ao obter precisão para XRP/USDT: binance markets not loaded
2025-01-14 18:55:57 - ERROR - Erro ao obter precisão para ADA/USDT: binance markets not loaded
2025-01-14 18:55:57 - ERROR - Erro ao obter precisão para BTC/USDT: binance markets not loaded
2025-01-14 18:55:57 - ERROR - Erro ao obter precisão para ETH/USDT: binance markets not loaded
2025-01-14 18:55:57 - ERROR - Erro ao obter precisão para SOL/USDT: binance markets not loaded
2025-01-14 18:55:57 - ERROR - Erro ao obter precisão para XRP/USDT: binance markets not loaded
2025-01-14 18:55:57 - ERROR - Erro ao obter precisão para ADA/USDT: binance markets not loaded
2025-01-14 18:55:57 - ERROR - Erro ao obter precisão para BTC/USDT: binance markets not loaded
2025-01-14 18:55:57 - ERROR - Erro ao obter precisão para ETH/USDT: binance markets not loaded
2025-01-14 18:55:57 - ERROR - Erro ao obter precisão para SOL/USDT: binance markets not loaded
2025-01-14 18:55:57 - ERROR - Erro ao obter precisão para XRP/USDT: binance markets not loaded
2025-01-14 18:55:58 - ERROR - Erro ao obter precisão para ADA/USDT: binance markets not loaded
2025-01-14 18:55:58 - ERROR - Erro ao obter precisão para BTC/USDT: binance markets not loaded
2025-01-14 18:55:58 - ERROR - Erro ao obter precisão para ETH/USDT: binance markets not loaded
2025-01-14 18:55:58 - ERROR - Erro ao obter precisão para SOL/USDT: binance markets not loaded
2025-01-14 18:55:58 - ERROR - Erro ao obter precisão para XRP/USDT: binance markets not loaded
2025-01-14 18:55:58 - ERROR - Erro ao obter precisão para ADA/USDT: binance markets not loaded
2025-01-14 18:55:58 - ERROR - Erro ao obter precisão para BTC/USDT: binance markets not loaded
2025-01-14 18:55:58 - ERROR - Erro ao obter precisão para ETH/USDT: binance markets not loaded
2025-01-14 18:55:58 - ERROR - Erro ao obter precisão para SOL/USDT: binance markets not loaded
2025-01-14 18:55:58 - ERROR - Erro ao obter precisão para XRP/USDT: binance markets not loaded
2025-01-14 18:55:59 - ERROR - Erro ao obter precisão para ADA/USDT: binance markets not loaded
2025-01-14 18:55:59 - ERROR - Erro ao obter precisão para BTC/USDT: binance markets not loaded
2025-01-14 18:55:59 - ERROR - Erro ao obter precisão para ETH/USDT: binance markets not loaded
2025-01-14 18:55:59 - ERROR - Erro ao obter precisão para SOL/USDT: binance markets not loaded
2025-01-14 18:55:59 - ERROR - Erro ao obter precisão para XRP/USDT: binance markets not loaded
2025-01-14 18:55:59 - ERROR - Erro ao obter precisão para ADA/USDT: binance markets not loaded
2025-01-14 18:55:59 - ERROR - Erro ao obter precisão para BTC/USDT: binance markets not loaded
2025-01-14 18:55:59 - ERROR - Erro ao obter precisão para ETH/USDT: binance markets not loaded
2025-01-14 18:55:59 - ERROR - Erro ao obter precisão para SOL/USDT: binance markets not loaded
2025-01-14 18:55:59 - ERROR - Erro ao obter precisão para XRP/USDT: binance markets not loaded
2025-01-14 18:55:59 - ERROR - Erro ao obter precisão para ADA/USDT: binance markets not loaded
2025-01-14 18:55:59 - ERROR - Erro ao obter precisão para BTC/USDT: binance markets not loaded
2025-01-14 18:55:59 - ERROR - Erro ao obter precisão para ETH/USDT: binance markets not loaded
2025-01-14 18:55:59 - ERROR - Erro ao obter precisão para SOL/USDT: binance markets not loaded
2025-01-14 18:55:59 - ERROR - Erro ao obter precisão para XRP/USDT: binance markets not loaded
2025-01-14 18:56:00 - ERROR - Erro ao obter precisão para ADA/USDT: binance markets not loaded
2025-01-14 18:56:00 - ERROR - Erro ao obter precisão para BTC/USDT: binance markets not loaded
2025-01-14 18:56:00 - ERROR - Erro ao obter precisão para ETH/USDT: binance markets not loaded
2025-01-14 18:56:00 - ERROR - Erro ao obter precisão para SOL/USDT: binance markets not loaded
2025-01-14 18:56:00 - ERROR - Erro ao obter precisão para XRP/USDT: binance markets not loaded
2025-01-14 18:56:00 - ERROR - Erro ao obter precisão para ADA/USDT: binance markets not loaded
2025-01-14 18:56:00 - ERROR - Erro ao obter precisão para BTC/USDT: binance markets not loaded
2025-01-14 18:56:00 - ERROR - Erro ao obter precisão para ETH/USDT: binance markets not loaded
2025-01-14 18:56:00 - ERROR - Erro ao obter precisão para SOL/USDT: binance markets not loaded
2025-01-14 18:56:00 - ERROR - Erro ao obter precisão para XRP/USDT: binance markets not loaded
2025-01-14 18:56:01 - ERROR - Erro ao obter precisão para ADA/USDT: binance markets not loaded
2025-01-14 18:56:01 - ERROR - Erro ao obter precisão para BTC/USDT: binance markets not loaded
2025-01-14 18:56:01 - ERROR - Erro ao obter precisão para ETH/USDT: binance markets not loaded
2025-01-14 18:56:01 - ERROR - Erro ao obter precisão para SOL/USDT: binance markets not loaded
2025-01-14 18:56:01 - ERROR - Erro ao obter precisão para XRP/USDT: binance markets not loaded
2025-01-14 18:56:01 - ERROR - Erro ao obter precisão para ADA/USDT: binance markets not loaded
2025-01-14 18:56:01 - ERROR - Erro ao obter precisão para BTC/USDT: binance markets not loaded
2025-01-14 18:56:01 - ERROR - Erro ao obter precisão para ETH/USDT: binance markets not loaded
2025-01-14 18:56:01 - ERROR - Erro ao obter precisão para SOL/USDT: binance markets not loaded
2025-01-14 18:56:01 - ERROR - Erro ao obter precisão para XRP/USDT: binance markets not loaded
2025-01-14 18:56:02 - ERROR - Erro ao obter precisão para ADA/USDT: binance markets not loaded
2025-01-14 18:56:02 - ERROR - Erro ao obter precisão para BTC/USDT: binance markets not loaded
2025-01-14 18:56:02 - ERROR - Erro ao obter precisão para ETH/USDT: binance markets not loaded
2025-01-14 18:56:02 - ERROR - Erro ao obter precisão para SOL/USDT: binance markets not loaded
2025-01-14 18:56:02 - ERROR - Erro ao obter precisão para XRP/USDT: binance markets not loaded
2025-01-14 18:56:02 - ERROR - Erro ao obter precisão para ADA/USDT: binance markets not loaded
2025-01-14 18:56:02 - ERROR - Erro ao obter precisão para BTC/USDT: binance markets not loaded
2025-01-14 18:56:02 - ERROR - Erro ao obter precisão para ETH/USDT: binance markets not loaded
2025-01-14 18:56:02 - ERROR - Erro ao obter precisão para SOL/USDT: binance markets not loaded
2025-01-14 18:56:02 - ERROR - Erro ao obter precisão para XRP/USDT: binance markets not loaded
2025-01-14 18:56:02 - ERROR - Erro ao obter precisão para ADA/USDT: binance markets not loaded
2025-01-14 18:56:02 - ERROR - Erro ao obter precisão para BTC/USDT: binance markets not loaded
2025-01-14 18:56:02 - ERROR - Erro ao obter precisão para ETH/USDT: binance markets not loaded
2025-01-14 18:56:02 - ERROR - Erro ao obter precisão para SOL/USDT: binance markets not loaded
2025-01-14 18:56:02 - ERROR - Erro ao obter precisão para XRP/USDT: binance markets not loaded
2025-01-14 18:56:03 - ERROR - Erro ao obter precisão para ADA/USDT: binance markets not loaded
2025-01-14 18:56:03 - ERROR - Erro ao obter precisão para BTC/USDT: binance markets not loaded
2025-01-14 18:56:03 - ERROR - Erro ao obter precisão para ETH/USDT: binance markets not loaded
2025-01-14 18:56:03 - ERROR - Erro ao obter precisão para SOL/USDT: binance markets not loaded
2025-01-14 18:56:03 - ERROR - Erro ao obter precisão para XRP/USDT: binance markets not loaded
2025-01-14 18:56:03 - ERROR - Erro ao obter precisão para ADA/USDT: binance markets not loaded
2025-01-14 18:56:03 - ERROR - Erro ao obter precisão para BTC/USDT: binance markets not loaded
2025-01-14 18:56:03 - ERROR - Erro ao obter precisão para ETH/USDT: binance markets not loaded
2025-01-14 18:56:03 - ERROR - Erro ao obter precisão para SOL/USDT: binance markets not loaded
2025-01-14 18:56:03 - ERROR - Erro ao obter precisão para XRP/USDT: binance markets not loaded
2025-01-14 18:56:04 - ERROR - Erro ao obter precisão para ADA/USDT: binance markets not loaded
2025-01-14 18:56:04 - ERROR - Erro ao obter precisão para BTC/USDT: binance markets not loaded
2025-01-14 18:56:04 - ERROR - Erro ao obter precisão para ETH/USDT: binance markets not loaded
2025-01-14 18:56:04 - ERROR - Erro ao obter precisão para SOL/USDT: binance markets not loaded
2025-01-14 18:56:04 - ERROR - Erro ao obter precisão para XRP/USDT: binance markets not loaded
2025-01-14 18:56:04 - ERROR - Erro ao obter precisão para ADA/USDT: binance markets not loaded
2025-01-14 18:56:04 - ERROR - Erro ao obter precisão para BTC/USDT: binance markets not loaded
2025-01-14 18:56:04 - ERROR - Erro ao obter precisão para ETH/USDT: binance markets not loaded
2025-01-14 18:56:04 - ERROR - Erro ao obter precisão para SOL/USDT: binance markets not loaded
2025-01-14 18:56:04 - ERROR - Erro ao obter precisão para XRP/USDT: binance markets not loaded
2025-01-14 18:56:05 - ERROR - Erro ao obter precisão para ADA/USDT: binance markets not loaded
2025-01-14 18:56:05 - ERROR - Erro ao obter precisão para BTC/USDT: binance markets not loaded
2025-01-14 18:56:05 - ERROR - Erro ao obter precisão para ETH/USDT: binance markets not loaded
2025-01-14 18:56:05 - ERROR - Erro ao obter precisão para SOL/USDT: binance markets not loaded
2025-01-14 18:56:05 - ERROR - Erro ao obter precisão para XRP/USDT: binance markets not loaded
2025-01-14 18:56:05 - ERROR - Erro ao obter precisão para ADA/USDT: binance markets not loaded
2025-01-14 18:56:05 - ERROR - Erro ao obter precisão para BTC/USDT: binance markets not loaded
2025-01-14 18:56:05 - ERROR - Erro ao obter precisão para ETH/USDT: binance markets not loaded
2025-01-14 18:56:05 - ERROR - Erro ao obter precisão para SOL/USDT: binance markets not loaded
2025-01-14 18:56:05 - ERROR - Erro ao obter precisão para XRP/USDT: binance markets not loaded
2025-01-14 18:56:06 - ERROR - Erro ao obter precisão para ADA/USDT: binance markets not loaded
2025-01-14 18:56:06 - ERROR - Erro ao obter precisão para BTC/USDT: binance markets not loaded
2025-01-14 18:56:06 - ERROR - Erro ao obter precisão para ETH/USDT: binance markets not loaded
2025-01-14 18:56:06 - ERROR - Erro ao obter precisão para SOL/USDT: binance markets not loaded
2025-01-14 18:56:06 - ERROR - Erro ao obter precisão para XRP/USDT: binance markets not loaded
2025-01-14 18:56:06 - ERROR - Erro ao obter precisão para ADA/USDT: binance markets not loaded
2025-01-14 18:56:06 - ERROR - Erro ao obter precisão para BTC/USDT: binance markets not loaded
2025-01-14 18:56:06 - ERROR - Erro ao obter precisão para ETH/USDT: binance markets not loaded
2025-01-14 18:56:06 - ERROR - Erro ao obter precisão para SOL/USDT: binance markets not loaded
2025-01-14 18:56:06 - ERROR - Erro ao obter precisão para XRP/USDT: binance markets not loaded
2025-01-14 18:56:06 - ERROR - Erro ao obter precisão para ADA/USDT: binance markets not loaded
2025-01-14 18:56:06 - ERROR - Erro ao obter precisão para BTC/USDT: binance markets not loaded
2025-01-14 18:56:06 - ERROR - Erro ao obter precisão para ETH/USDT: binance markets not loaded
2025-01-14 18:56:06 - ERROR - Erro ao obter precisão para SOL/USDT: binance markets not loaded
2025-01-14 18:56:06 - ERROR - Erro ao obter precisão para XRP/USDT: binance markets not loaded
2025-01-14 18:56:07 - ERROR - Erro ao obter precisão para ADA/USDT: binance markets not loaded
2025-01-14 18:56:07 - ERROR - Erro ao obter precisão para BTC/USDT: binance markets not loaded
2025-01-14 18:56:07 - ERROR - Erro ao obter precisão para ETH/USDT: binance markets not loaded
2025-01-14 18:56:07 - ERROR - Erro ao obter precisão para SOL/USDT: binance markets not loaded
2025-01-14 18:56:07 - ERROR - Erro ao obter precisão para XRP/USDT: binance markets not loaded
2025-01-14 18:56:07 - ERROR - Erro ao obter precisão para ADA/USDT: binance markets not loaded
2025-01-14 18:56:07 - ERROR - Erro ao obter precisão para BTC/USDT: binance markets not loaded
2025-01-14 18:56:07 - ERROR - Erro ao obter precisão para ETH/USDT: binance markets not loaded
2025-01-14 18:56:07 - ERROR - Erro ao obter precisão para SOL/USDT: binance markets not loaded
2025-01-14 18:56:07 - ERROR - Erro ao obter precisão para XRP/USDT: binance markets not loaded
2025-01-14 18:56:08 - ERROR - Erro ao obter precisão para ADA/USDT: binance markets not loaded
2025-01-14 18:56:08 - ERROR - Erro ao obter precisão para BTC/USDT: binance markets not loaded
2025-01-14 18:56:08 - ERROR - Erro ao obter precisão para ETH/USDT: binance markets not loaded
2025-01-14 18:56:08 - ERROR - Erro ao obter precisão para SOL/USDT: binance markets not loaded
2025-01-14 18:56:08 - ERROR - Erro ao obter precisão para XRP/USDT: binance markets not loaded
2025-01-14 18:56:08 - ERROR - Erro ao obter precisão para ADA/USDT: binance markets not loaded
2025-01-14 18:56:08 - ERROR - Erro ao obter precisão para BTC/USDT: binance markets not loaded
2025-01-14 18:56:08 - ERROR - Erro ao obter precisão para ETH/USDT: binance markets not loaded
2025-01-14 18:56:08 - ERROR - Erro ao obter precisão para SOL/USDT: binance markets not loaded
2025-01-14 18:56:08 - ERROR - Erro ao obter precisão para XRP/USDT: binance markets not loaded
2025-01-14 18:56:09 - ERROR - Erro ao obter precisão para ADA/USDT: binance markets not loaded
2025-01-14 18:56:09 - ERROR - Erro ao obter precisão para BTC/USDT: binance markets not loaded
2025-01-14 18:56:09 - ERROR - Erro ao obter precisão para ETH/USDT: binance markets not loaded
2025-01-14 18:56:09 - ERROR - Erro ao obter precisão para SOL/USDT: binance markets not loaded
2025-01-14 18:56:09 - ERROR - Erro ao obter precisão para XRP/USDT: binance markets not loaded
2025-01-14 18:56:09 - ERROR - Erro ao obter precisão para ADA/USDT: binance markets not loaded
2025-01-14 18:56:09 - ERROR - Erro ao obter precisão para BTC/USDT: binance markets not loaded
2025-01-14 18:56:09 - ERROR - Erro ao obter precisão para ETH/USDT: binance markets not loaded
2025-01-14 18:56:09 - ERROR - Erro ao obter precisão para SOL/USDT: binance markets not loaded
2025-01-14 18:56:09 - ERROR - Erro ao obter precisão para XRP/USDT: binance markets not loaded
2025-01-14 18:56:09 - ERROR - Erro ao obter precisão para ADA/USDT: binance markets not loaded
2025-01-14 18:56:09 - ERROR - Erro ao obter precisão para BTC/USDT: binance markets not loaded
2025-01-14 18:56:09 - ERROR - Erro ao obter precisão para ETH/USDT: binance markets not loaded
2025-01-14 18:56:09 - ERROR - Erro ao obter precisão para SOL/USDT: binance markets not loaded
2025-01-14 18:56:09 - ERROR - Erro ao obter precisão para XRP/USDT: binance markets not loaded
2025-01-14 18:56:10 - ERROR - Erro ao obter precisão para ADA/USDT: binance markets not loaded
2025-01-14 18:56:10 - ERROR - Erro ao obter precisão para BTC/USDT: binance markets not loaded
2025-01-14 18:56:10 - ERROR - Erro ao obter precisão para ETH/USDT: binance markets not loaded
2025-01-14 18:56:10 - ERROR - Erro ao obter precisão para SOL/USDT: binance markets not loaded
2025-01-14 18:56:10 - ERROR - Erro ao obter precisão para XRP/USDT: binance markets not loaded
2025-01-14 18:56:10 - ERROR - Erro ao obter precisão para ADA/USDT: binance markets not loaded
2025-01-14 18:56:10 - ERROR - Erro ao obter precisão para BTC/USDT: binance markets not loaded
2025-01-14 18:56:10 - ERROR - Erro ao obter precisão para ETH/USDT: binance markets not loaded
2025-01-14 18:56:10 - ERROR - Erro ao obter precisão para SOL/USDT: binance markets not loaded
2025-01-14 18:56:10 - ERROR - Erro ao obter precisão para XRP/USDT: binance markets not loaded
2025-01-14 18:56:11 - ERROR - Erro ao obter precisão para ADA/USDT: binance markets not loaded
2025-01-14 18:56:11 - ERROR - Erro ao obter precisão para BTC/USDT: binance markets not loaded
2025-01-14 18:56:11 - ERROR - Erro ao obter precisão para ETH/USDT: binance markets not loaded
2025-01-14 18:56:11 - ERROR - Erro ao obter precisão para SOL/USDT: binance markets not loaded
2025-01-14 18:56:11 - ERROR - Erro ao obter precisão para XRP/USDT: binance markets not loaded
2025-01-14 18:56:11 - ERROR - Erro ao obter precisão para ADA/USDT: binance markets not loaded
2025-01-14 18:56:11 - ERROR - Erro ao obter precisão para BTC/USDT: binance markets not loaded
2025-01-14 18:56:11 - ERROR - Erro ao obter precisão para ETH/USDT: binance markets not loaded
2025-01-14 18:56:11 - ERROR - Erro ao obter precisão para SOL/USDT: binance markets not loaded
2025-01-14 18:56:11 - ERROR - Erro ao obter precisão para XRP/USDT: binance markets not loaded
2025-01-14 18:56:12 - ERROR - Erro ao obter precisão para ADA/USDT: binance markets not loaded
2025-01-14 18:56:12 - ERROR - Erro ao obter precisão para BTC/USDT: binance markets not loaded
2025-01-14 18:56:12 - ERROR - Erro ao obter precisão para ETH/USDT: binance markets not loaded
2025-01-14 18:56:12 - ERROR - Erro ao obter precisão para SOL/USDT: binance markets not loaded
2025-01-14 18:56:12 - ERROR - Erro ao obter precisão para XRP/USDT: binance markets not loaded
2025-01-14 18:56:12 - ERROR - Erro ao obter precisão para ADA/USDT: binance markets not loaded
2025-01-14 18:56:12 - ERROR - Erro ao obter precisão para BTC/USDT: binance markets not loaded
2025-01-14 18:56:12 - ERROR - Erro ao obter precisão para ETH/USDT: binance markets not loaded
2025-01-14 18:56:12 - ERROR - Erro ao obter precisão para SOL/USDT: binance markets not loaded
2025-01-14 18:56:12 - ERROR - Erro ao obter precisão para XRP/USDT: binance markets not loaded
2025-01-14 18:56:12 - ERROR - Erro ao obter precisão para ADA/USDT: binance markets not loaded
2025-01-14 18:56:12 - ERROR - Erro ao obter precisão para BTC/USDT: binance markets not loaded
2025-01-14 18:56:12 - ERROR - Erro ao obter precisão para ETH/USDT: binance markets not loaded
2025-01-14 18:56:12 - ERROR - Erro ao obter precisão para SOL/USDT: binance markets not loaded
2025-01-14 18:56:12 - ERROR - Erro ao obter precisão para XRP/USDT: binance markets not loaded
2025-01-14 18:56:13 - ERROR - Erro ao obter precisão para ADA/USDT: binance markets not loaded
2025-01-14 18:56:13 - ERROR - Erro ao obter precisão para BTC/USDT: binance markets not loaded
2025-01-14 18:56:13 - ERROR - Erro ao obter precisão para ETH/USDT: binance markets not loaded
2025-01-14 18:56:13 - ERROR - Erro ao obter precisão para SOL/USDT: binance markets not loaded
2025-01-14 18:56:13 - ERROR - Erro ao obter precisão para XRP/USDT: binance markets not loaded
2025-01-14 18:56:13 - ERROR - Erro ao obter precisão para ADA/USDT: binance markets not loaded
2025-01-14 18:56:13 - ERROR - Erro ao obter precisão para BTC/USDT: binance markets not loaded
2025-01-14 18:56:13 - ERROR - Erro ao obter precisão para ETH/USDT: binance markets not loaded
2025-01-14 18:56:13 - ERROR - Erro ao obter precisão para SOL/USDT: binance markets not loaded
2025-01-14 18:56:13 - ERROR - Erro ao obter precisão para XRP/USDT: binance markets not loaded
2025-01-14 18:56:14 - ERROR - Erro ao obter precisão para ADA/USDT: binance markets not loaded
2025-01-14 18:56:14 - ERROR - Erro ao obter precisão para BTC/USDT: binance markets not loaded
2025-01-14 18:56:14 - ERROR - Erro ao obter precisão para ETH/USDT: binance markets not loaded
2025-01-14 18:56:14 - ERROR - Erro ao obter precisão para SOL/USDT: binance markets not loaded
2025-01-14 18:56:14 - ERROR - Erro ao obter precisão para XRP/USDT: binance markets not loaded
2025-01-14 18:56:14 - ERROR - Erro ao obter precisão para ADA/USDT: binance markets not loaded
2025-01-14 18:56:14 - ERROR - Erro ao obter precisão para BTC/USDT: binance markets not loaded
2025-01-14 18:56:14 - ERROR - Erro ao obter precisão para ETH/USDT: binance markets not loaded
2025-01-14 18:56:14 - ERROR - Erro ao obter precisão para SOL/USDT: binance markets not loaded
2025-01-14 18:56:14 - ERROR - Erro ao obter precisão para XRP/USDT: binance markets not loaded
2025-01-14 18:56:15 - ERROR - Erro ao obter precisão para ADA/USDT: binance markets not loaded
2025-01-14 18:56:15 - ERROR - Erro ao obter precisão para BTC/USDT: binance markets not loaded
2025-01-14 18:56:15 - ERROR - Erro ao obter precisão para ETH/USDT: binance markets not loaded
2025-01-14 18:56:15 - ERROR - Erro ao obter precisão para SOL/USDT: binance markets not loaded
2025-01-14 18:56:15 - ERROR - Erro ao obter precisão para XRP/USDT: binance markets not loaded
2025-01-14 18:56:15 - ERROR - Erro ao obter precisão para ADA/USDT: binance markets not loaded
2025-01-14 18:56:15 - ERROR - Erro ao obter precisão para BTC/USDT: binance markets not loaded
2025-01-14 18:56:15 - ERROR - Erro ao obter precisão para ETH/USDT: binance markets not loaded
2025-01-14 18:56:15 - ERROR - Erro ao obter precisão para SOL/USDT: binance markets not loaded
2025-01-14 18:56:15 - ERROR - Erro ao obter precisão para XRP/USDT: binance markets not loaded
2025-01-14 18:56:15 - ERROR - Erro ao obter precisão para ADA/USDT: binance markets not loaded
2025-01-14 18:56:15 - ERROR - Erro ao obter precisão para BTC/USDT: binance markets not loaded
2025-01-14 18:56:15 - ERROR - Erro ao obter precisão para ETH/USDT: binance markets not loaded
2025-01-14 18:56:15 - ERROR - Erro ao obter precisão para SOL/USDT: binance markets not loaded
2025-01-14 18:56:15 - ERROR - Erro ao obter precisão para XRP/USDT: binance markets not loaded
2025-01-14 18:56:16 - ERROR - Erro ao obter precisão para ADA/USDT: binance markets not loaded
2025-01-14 18:56:16 - ERROR - Erro ao obter precisão para BTC/USDT: binance markets not loaded
2025-01-14 18:56:16 - ERROR - Erro ao obter precisão para ETH/USDT: binance markets not loaded
2025-01-14 18:56:16 - ERROR - Erro ao obter precisão para SOL/USDT: binance markets not loaded
2025-01-14 18:56:16 - ERROR - Erro ao obter precisão para XRP/USDT: binance markets not loaded
2025-01-14 18:56:16 - ERROR - Erro ao obter precisão para ADA/USDT: binance markets not loaded
2025-01-14 18:56:16 - ERROR - Erro ao obter precisão para BTC/USDT: binance markets not loaded
2025-01-14 18:56:16 - ERROR - Erro ao obter precisão para ETH/USDT: binance markets not loaded
2025-01-14 18:56:16 - ERROR - Erro ao obter precisão para SOL/USDT: binance markets not loaded
2025-01-14 18:56:16 - ERROR - Erro ao obter precisão para XRP/USDT: binance markets not loaded
2025-01-14 18:56:17 - ERROR - Erro ao obter precisão para ADA/USDT: binance markets not loaded
2025-01-14 18:56:17 - ERROR - Erro ao obter precisão para BTC/USDT: binance markets not loaded
2025-01-14 18:56:17 - ERROR - Erro ao obter precisão para ETH/USDT: binance markets not loaded
2025-01-14 18:56:17 - ERROR - Erro ao obter precisão para SOL/USDT: binance markets not loaded
2025-01-14 18:56:17 - ERROR - Erro ao obter precisão para XRP/USDT: binance markets not loaded
2025-01-14 18:56:17 - ERROR - Erro ao obter precisão para ADA/USDT: binance markets not loaded
2025-01-14 18:56:17 - ERROR - Erro ao obter precisão para BTC/USDT: binance markets not loaded
2025-01-14 18:56:17 - ERROR - Erro ao obter precisão para ETH/USDT: binance markets not loaded
2025-01-14 18:56:17 - ERROR - Erro ao obter precisão para SOL/USDT: binance markets not loaded
2025-01-14 18:56:17 - ERROR - Erro ao obter precisão para XRP/USDT: binance markets not loaded
2025-01-14 18:56:18 - ERROR - Erro ao obter precisão para ADA/USDT: binance markets not loaded
2025-01-14 18:56:18 - ERROR - Erro ao obter precisão para BTC/USDT: binance markets not loaded
2025-01-14 18:56:18 - ERROR - Erro ao obter precisão para ETH/USDT: binance markets not loaded
2025-01-14 18:56:18 - ERROR - Erro ao obter precisão para SOL/USDT: binance markets not loaded
2025-01-14 18:56:18 - ERROR - Erro ao obter precisão para XRP/USDT: binance markets not loaded
2025-01-14 18:56:18 - ERROR - Erro ao obter precisão para ADA/USDT: binance markets not loaded
2025-01-14 18:56:18 - ERROR - Erro ao obter precisão para BTC/USDT: binance markets not loaded
2025-01-14 18:56:18 - ERROR - Erro ao obter precisão para ETH/USDT: binance markets not loaded
2025-01-14 18:56:18 - ERROR - Erro ao obter precisão para SOL/USDT: binance markets not loaded
2025-01-14 18:56:18 - ERROR - Erro ao obter precisão para XRP/USDT: binance markets not loaded
2025-01-14 18:56:18 - ERROR - Erro ao obter precisão para ADA/USDT: binance markets not loaded
2025-01-14 18:56:18 - ERROR - Erro ao obter precisão para BTC/USDT: binance markets not loaded
2025-01-14 18:56:18 - ERROR - Erro ao obter precisão para ETH/USDT: binance markets not loaded
2025-01-14 18:56:18 - ERROR - Erro ao obter precisão para SOL/USDT: binance markets not loaded
2025-01-14 18:56:18 - ERROR - Erro ao obter precisão para XRP/USDT: binance markets not loaded
2025-01-14 18:56:19 - ERROR - Erro ao obter precisão para ADA/USDT: binance markets not loaded
2025-01-14 18:56:19 - ERROR - Erro ao obter precisão para BTC/USDT: binance markets not loaded
2025-01-14 18:56:19 - ERROR - Erro ao obter precisão para ETH/USDT: binance markets not loaded
2025-01-14 18:56:19 - ERROR - Erro ao obter precisão para SOL/USDT: binance markets not loaded
2025-01-14 18:56:19 - ERROR - Erro ao obter precisão para XRP/USDT: binance markets not loaded
2025-01-14 18:56:19 - ERROR - Erro ao obter precisão para ADA/USDT: binance markets not loaded
2025-01-14 18:56:19 - ERROR - Erro ao obter precisão para BTC/USDT: binance markets not loaded
2025-01-14 18:56:19 - ERROR - Erro ao obter precisão para ETH/USDT: binance markets not loaded
2025-01-14 18:56:19 - ERROR - Erro ao obter precisão para SOL/USDT: binance markets not loaded
2025-01-14 18:56:19 - ERROR - Erro ao obter precisão para XRP/USDT: binance markets not loaded
2025-01-14 18:56:20 - ERROR - Erro ao obter precisão para ADA/USDT: binance markets not loaded
2025-01-14 18:56:20 - ERROR - Erro ao obter precisão para BTC/USDT: binance markets not loaded
2025-01-14 18:56:20 - ERROR - Erro ao obter precisão para ETH/USDT: binance markets not loaded
2025-01-14 18:56:20 - ERROR - Erro ao obter precisão para SOL/USDT: binance markets not loaded
2025-01-14 18:56:20 - ERROR - Erro ao obter precisão para XRP/USDT: binance markets not loaded
2025-01-14 18:56:20 - ERROR - Erro ao obter precisão para ADA/USDT: binance markets not loaded
2025-01-14 18:56:20 - ERROR - Erro ao obter precisão para BTC/USDT: binance markets not loaded
2025-01-14 18:56:20 - ERROR - Erro ao obter precisão para ETH/USDT: binance markets not loaded
2025-01-14 18:56:20 - ERROR - Erro ao obter precisão para SOL/USDT: binance markets not loaded
2025-01-14 18:56:20 - ERROR - Erro ao obter precisão para XRP/USDT: binance markets not loaded
2025-01-14 18:56:21 - ERROR - Erro ao obter precisão para ADA/USDT: binance markets not loaded
2025-01-14 18:56:21 - ERROR - Erro ao obter precisão para BTC/USDT: binance markets not loaded
2025-01-14 18:56:21 - ERROR - Erro ao obter precisão para ETH/USDT: binance markets not loaded
2025-01-14 18:56:21 - ERROR - Erro ao obter precisão para SOL/USDT: binance markets not loaded
2025-01-14 18:56:21 - ERROR - Erro ao obter precisão para XRP/USDT: binance markets not loaded
2025-01-14 18:56:21 - ERROR - Erro ao obter precisão para ADA/USDT: binance markets not loaded
2025-01-14 18:56:21 - ERROR - Erro ao obter precisão para BTC/USDT: binance markets not loaded
2025-01-14 18:56:21 - ERROR - Erro ao obter precisão para ETH/USDT: binance markets not loaded
2025-01-14 18:56:21 - ERROR - Erro ao obter precisão para SOL/USDT: binance markets not loaded
2025-01-14 18:56:21 - ERROR - Erro ao obter precisão para XRP/USDT: binance markets not loaded
2025-01-14 18:56:21 - ERROR - Erro ao obter precisão para ADA/USDT: binance markets not loaded
2025-01-14 18:56:21 - ERROR - Erro ao obter precisão para BTC/USDT: binance markets not loaded
2025-01-14 18:56:21 - ERROR - Erro ao obter precisão para ETH/USDT: binance markets not loaded
2025-01-14 18:56:21 - ERROR - Erro ao obter precisão para SOL/USDT: binance markets not loaded
2025-01-14 18:56:21 - ERROR - Erro ao obter precisão para XRP/USDT: binance markets not loaded
2025-01-14 18:56:22 - ERROR - Erro ao obter precisão para ADA/USDT: binance markets not loaded
2025-01-14 18:56:22 - ERROR - Erro ao obter precisão para BTC/USDT: binance markets not loaded
2025-01-14 18:56:22 - ERROR - Erro ao obter precisão para ETH/USDT: binance markets not loaded
2025-01-14 18:56:22 - ERROR - Erro ao obter precisão para SOL/USDT: binance markets not loaded
2025-01-14 18:56:22 - ERROR - Erro ao obter precisão para XRP/USDT: binance markets not loaded
2025-01-14 18:56:22 - ERROR - Erro ao obter precisão para ADA/USDT: binance markets not loaded
2025-01-14 18:56:22 - ERROR - Erro ao obter precisão para BTC/USDT: binance markets not loaded
2025-01-14 18:56:22 - ERROR - Erro ao obter precisão para ETH/USDT: binance markets not loaded
2025-01-14 18:56:22 - ERROR - Erro ao obter precisão para SOL/USDT: binance markets not loaded
2025-01-14 18:56:22 - ERROR - Erro ao obter precisão para XRP/USDT: binance markets not loaded
2025-01-14 18:56:23 - ERROR - Erro ao obter precisão para ADA/USDT: binance markets not loaded
2025-01-14 18:56:23 - ERROR - Erro ao obter precisão para BTC/USDT: binance markets not loaded
2025-01-14 18:56:23 - ERROR - Erro ao obter precisão para ETH/USDT: binance markets not loaded
2025-01-14 18:56:23 - ERROR - Erro ao obter precisão para SOL/USDT: binance markets not loaded
2025-01-14 18:56:23 - ERROR - Erro ao obter precisão para XRP/USDT: binance markets not loaded
2025-01-14 18:56:23 - ERROR - Erro ao obter precisão para ADA/USDT: binance markets not loaded
2025-01-14 18:56:23 - ERROR - Erro ao obter precisão para BTC/USDT: binance markets not loaded
2025-01-14 18:56:23 - ERROR - Erro ao obter precisão para ETH/USDT: binance markets not loaded
2025-01-14 18:56:23 - ERROR - Erro ao obter precisão para SOL/USDT: binance markets not loaded
2025-01-14 18:56:23 - ERROR - Erro ao obter precisão para XRP/USDT: binance markets not loaded
2025-01-14 18:56:24 - ERROR - Erro ao obter precisão para ADA/USDT: binance markets not loaded
2025-01-14 18:56:24 - ERROR - Erro ao obter precisão para BTC/USDT: binance markets not loaded
2025-01-14 18:56:24 - ERROR - Erro ao obter precisão para ETH/USDT: binance markets not loaded
2025-01-14 18:56:24 - ERROR - Erro ao obter precisão para SOL/USDT: binance markets not loaded
2025-01-14 18:56:24 - ERROR - Erro ao obter precisão para XRP/USDT: binance markets not loaded
2025-01-14 18:56:24 - ERROR - Erro ao obter precisão para ADA/USDT: binance markets not loaded
2025-01-14 18:56:24 - ERROR - Erro ao obter precisão para BTC/USDT: binance markets not loaded
2025-01-14 18:56:24 - ERROR - Erro ao obter precisão para ETH/USDT: binance markets not loaded
2025-01-14 18:56:24 - ERROR - Erro ao obter precisão para SOL/USDT: binance markets not loaded
2025-01-14 18:56:24 - ERROR - Erro ao obter precisão para XRP/USDT: binance markets not loaded
2025-01-14 18:56:24 - ERROR - Erro ao obter precisão para ADA/USDT: binance markets not loaded
2025-01-14 18:56:24 - ERROR - Erro ao obter precisão para BTC/USDT: binance markets not loaded
2025-01-14 18:56:24 - ERROR - Erro ao obter precisão para ETH/USDT: binance markets not loaded
2025-01-14 18:56:24 - ERROR - Erro ao obter precisão para SOL/USDT: binance markets not loaded
2025-01-14 18:56:24 - ERROR - Erro ao obter precisão para XRP/USDT: binance markets not loaded
2025-01-14 18:56:25 - ERROR - Erro ao obter precisão para ADA/USDT: binance markets not loaded
2025-01-14 18:56:25 - ERROR - Erro ao obter precisão para BTC/USDT: binance markets not loaded
2025-01-14 18:56:25 - ERROR - Erro ao obter precisão para ETH/USDT: binance markets not loaded
2025-01-14 18:56:25 - ERROR - Erro ao obter precisão para SOL/USDT: binance markets not loaded
2025-01-14 18:56:25 - ERROR - Erro ao obter precisão para XRP/USDT: binance markets not loaded
2025-01-14 18:56:25 - ERROR - Erro ao obter precisão para ADA/USDT: binance markets not loaded
2025-01-14 18:56:25 - ERROR - Erro ao obter precisão para BTC/USDT: binance markets not loaded
2025-01-14 18:56:25 - ERROR - Erro ao obter precisão para ETH/USDT: binance markets not loaded
2025-01-14 18:56:25 - ERROR - Erro ao obter precisão para SOL/USDT: binance markets not loaded
2025-01-14 18:56:25 - ERROR - Erro ao obter precisão para XRP/USDT: binance markets not loaded
2025-01-14 18:56:26 - ERROR - Erro ao obter precisão para ADA/USDT: binance markets not loaded
2025-01-14 18:56:26 - ERROR - Erro ao obter precisão para BTC/USDT: binance markets not loaded
2025-01-14 18:56:26 - ERROR - Erro ao obter precisão para ETH/USDT: binance markets not loaded
2025-01-14 18:56:26 - ERROR - Erro ao obter precisão para SOL/USDT: binance markets not loaded
2025-01-14 18:56:26 - ERROR - Erro ao obter precisão para XRP/USDT: binance markets not loaded
2025-01-14 18:56:26 - ERROR - Erro ao obter precisão para ADA/USDT: binance markets not loaded
2025-01-14 18:56:26 - ERROR - Erro ao obter precisão para BTC/USDT: binance markets not loaded
2025-01-14 18:56:26 - ERROR - Erro ao obter precisão para ETH/USDT: binance markets not loaded
2025-01-14 18:56:26 - ERROR - Erro ao obter precisão para SOL/USDT: binance markets not loaded
2025-01-14 18:56:26 - ERROR - Erro ao obter precisão para XRP/USDT: binance markets not loaded
2025-01-14 18:56:27 - ERROR - Erro ao obter precisão para ADA/USDT: binance markets not loaded
2025-01-14 18:56:27 - ERROR - Erro ao obter precisão para BTC/USDT: binance markets not loaded
2025-01-14 18:56:27 - ERROR - Erro ao obter precisão para ETH/USDT: binance markets not loaded
2025-01-14 18:56:27 - ERROR - Erro ao obter precisão para SOL/USDT: binance markets not loaded
2025-01-14 18:56:27 - ERROR - Erro ao obter precisão para XRP/USDT: binance markets not loaded
2025-01-14 18:56:27 - ERROR - Erro ao obter precisão para ADA/USDT: binance markets not loaded
2025-01-14 18:56:27 - ERROR - Erro ao obter precisão para BTC/USDT: binance markets not loaded
2025-01-14 18:56:27 - ERROR - Erro ao obter precisão para ETH/USDT: binance markets not loaded
2025-01-14 18:56:27 - ERROR - Erro ao obter precisão para SOL/USDT: binance markets not loaded
2025-01-14 18:56:27 - ERROR - Erro ao obter precisão para XRP/USDT: binance markets not loaded
2025-01-14 18:56:27 - ERROR - Erro ao obter precisão para ADA/USDT: binance markets not loaded
2025-01-14 18:56:27 - ERROR - Erro ao obter precisão para BTC/USDT: binance markets not loaded
2025-01-14 18:56:27 - ERROR - Erro ao obter precisão para ETH/USDT: binance markets not loaded
2025-01-14 18:56:27 - ERROR - Erro ao obter precisão para SOL/USDT: binance markets not loaded
2025-01-14 18:56:27 - ERROR - Erro ao obter precisão para XRP/USDT: binance markets not loaded
2025-01-14 18:56:28 - ERROR - Erro ao obter precisão para ADA/USDT: binance markets not loaded
2025-01-14 18:56:28 - ERROR - Erro ao obter precisão para BTC/USDT: binance markets not loaded
2025-01-14 18:56:28 - ERROR - Erro ao obter precisão para ETH/USDT: binance markets not loaded
2025-01-14 18:56:28 - ERROR - Erro ao obter precisão para SOL/USDT: binance markets not loaded
2025-01-14 18:56:28 - ERROR - Erro ao obter precisão para XRP/USDT: binance markets not loaded
2025-01-14 18:56:28 - ERROR - Erro ao obter precisão para ADA/USDT: binance markets not loaded
2025-01-14 18:56:28 - ERROR - Erro ao obter precisão para BTC/USDT: binance markets not loaded
2025-01-14 18:56:28 - ERROR - Erro ao obter precisão para ETH/USDT: binance markets not loaded
2025-01-14 18:56:28 - ERROR - Erro ao obter precisão para SOL/USDT: binance markets not loaded
2025-01-14 18:56:28 - ERROR - Erro ao obter precisão para XRP/USDT: binance markets not loaded
2025-01-14 18:56:29 - ERROR - Erro ao obter precisão para ADA/USDT: binance markets not loaded
2025-01-14 18:56:29 - ERROR - Erro ao obter precisão para BTC/USDT: binance markets not loaded
2025-01-14 18:56:29 - ERROR - Erro ao obter precisão para ETH/USDT: binance markets not loaded
2025-01-14 18:56:29 - ERROR - Erro ao obter precisão para SOL/USDT: binance markets not loaded
2025-01-14 18:56:29 - ERROR - Erro ao obter precisão para XRP/USDT: binance markets not loaded
2025-01-14 18:56:29 - ERROR - Erro ao obter precisão para ADA/USDT: binance markets not loaded
2025-01-14 18:56:29 - ERROR - Erro ao obter precisão para BTC/USDT: binance markets not loaded
2025-01-14 18:56:29 - ERROR - Erro ao obter precisão para ETH/USDT: binance markets not loaded
2025-01-14 18:56:29 - ERROR - Erro ao obter precisão para SOL/USDT: binance markets not loaded
2025-01-14 18:56:29 - ERROR - Erro ao obter precisão para XRP/USDT: binance markets not loaded
2025-01-14 18:56:30 - ERROR - Erro ao obter precisão para ADA/USDT: binance markets not loaded
2025-01-14 18:56:30 - ERROR - Erro ao obter precisão para BTC/USDT: binance markets not loaded
2025-01-14 18:56:30 - ERROR - Erro ao obter precisão para ETH/USDT: binance markets not loaded
2025-01-14 18:56:30 - ERROR - Erro ao obter precisão para SOL/USDT: binance markets not loaded
2025-01-14 18:56:30 - ERROR - Erro ao obter precisão para XRP/USDT: binance markets not loaded
2025-01-14 18:56:30 - ERROR - Erro ao obter precisão para ADA/USDT: binance markets not loaded
2025-01-14 18:56:30 - ERROR - Erro ao obter precisão para BTC/USDT: binance markets not loaded
2025-01-14 18:56:30 - ERROR - Erro ao obter precisão para ETH/USDT: binance markets not loaded
2025-01-14 18:56:30 - ERROR - Erro ao obter precisão para SOL/USDT: binance markets not loaded
2025-01-14 18:56:30 - ERROR - Erro ao obter precisão para XRP/USDT: binance markets not loaded
2025-01-14 18:56:30 - ERROR - Erro ao obter precisão para ADA/USDT: binance markets not loaded
2025-01-14 18:56:30 - ERROR - Erro ao obter precisão para BTC/USDT: binance markets not loaded
2025-01-14 18:56:30 - ERROR - Erro ao obter precisão para ETH/USDT: binance markets not loaded
2025-01-14 18:56:30 - ERROR - Erro ao obter precisão para SOL/USDT: binance markets not loaded
2025-01-14 18:56:30 - ERROR - Erro ao obter precisão para XRP/USDT: binance markets not loaded
2025-01-14 18:56:31 - ERROR - Erro ao obter precisão para ADA/USDT: binance markets not loaded
2025-01-14 18:56:31 - ERROR - Erro ao obter precisão para BTC/USDT: binance markets not loaded
2025-01-14 18:56:31 - ERROR - Erro ao obter precisão para ETH/USDT: binance markets not loaded
2025-01-14 18:56:31 - ERROR - Erro ao obter precisão para SOL/USDT: binance markets not loaded
2025-01-14 18:56:31 - ERROR - Erro ao obter precisão para XRP/USDT: binance markets not loaded
2025-01-14 18:56:31 - ERROR - Erro ao obter precisão para ADA/USDT: binance markets not loaded
2025-01-14 18:56:31 - ERROR - Erro ao obter precisão para BTC/USDT: binance markets not loaded
2025-01-14 18:56:31 - ERROR - Erro ao obter precisão para ETH/USDT: binance markets not loaded
2025-01-14 18:56:31 - ERROR - Erro ao obter precisão para SOL/USDT: binance markets not loaded
2025-01-14 18:56:31 - ERROR - Erro ao obter precisão para XRP/USDT: binance markets not loaded
2025-01-14 18:56:32 - ERROR - Erro ao obter precisão para ADA/USDT: binance markets not loaded
2025-01-14 18:56:32 - ERROR - Erro ao obter precisão para BTC/USDT: binance markets not loaded
2025-01-14 18:56:32 - ERROR - Erro ao obter precisão para ETH/USDT: binance markets not loaded
2025-01-14 18:56:32 - ERROR - Erro ao obter precisão para SOL/USDT: binance markets not loaded
2025-01-14 18:56:32 - ERROR - Erro ao obter precisão para XRP/USDT: binance markets not loaded
2025-01-14 18:56:32 - ERROR - Erro ao obter precisão para ADA/USDT: binance markets not loaded
2025-01-14 18:56:32 - ERROR - Erro ao obter precisão para BTC/USDT: binance markets not loaded
2025-01-14 18:56:32 - ERROR - Erro ao obter precisão para ETH/USDT: binance markets not loaded
2025-01-14 18:56:32 - ERROR - Erro ao obter precisão para SOL/USDT: binance markets not loaded
2025-01-14 18:56:32 - ERROR - Erro ao obter precisão para XRP/USDT: binance markets not loaded
2025-01-14 18:56:33 - ERROR - Erro ao obter precisão para ADA/USDT: binance markets not loaded
2025-01-14 18:56:33 - ERROR - Erro ao obter precisão para BTC/USDT: binance markets not loaded
2025-01-14 18:56:33 - ERROR - Erro ao obter precisão para ETH/USDT: binance markets not loaded
2025-01-14 18:56:33 - ERROR - Erro ao obter precisão para SOL/USDT: binance markets not loaded
2025-01-14 18:56:33 - ERROR - Erro ao obter precisão para XRP/USDT: binance markets not loaded
2025-01-14 18:56:33 - ERROR - Erro ao obter precisão para ADA/USDT: binance markets not loaded
2025-01-14 18:56:33 - ERROR - Erro ao obter precisão para BTC/USDT: binance markets not loaded
2025-01-14 18:56:33 - ERROR - Erro ao obter precisão para ETH/USDT: binance markets not loaded
2025-01-14 18:56:33 - ERROR - Erro ao obter precisão para SOL/USDT: binance markets not loaded
2025-01-14 18:56:33 - ERROR - Erro ao obter precisão para XRP/USDT: binance markets not loaded
2025-01-14 18:56:33 - ERROR - Erro ao obter precisão para ADA/USDT: binance markets not loaded
2025-01-14 18:56:33 - ERROR - Erro ao obter precisão para BTC/USDT: binance markets not loaded
2025-01-14 18:56:33 - ERROR - Erro ao obter precisão para ETH/USDT: binance markets not loaded
2025-01-14 18:56:33 - ERROR - Erro ao obter precisão para SOL/USDT: binance markets not loaded
2025-01-14 18:56:33 - ERROR - Erro ao obter precisão para XRP/USDT: binance markets not loaded
2025-01-14 18:56:34 - ERROR - Erro ao obter precisão para ADA/USDT: binance markets not loaded
2025-01-14 18:56:34 - ERROR - Erro ao obter precisão para BTC/USDT: binance markets not loaded
2025-01-14 18:56:34 - ERROR - Erro ao obter precisão para ETH/USDT: binance markets not loaded
2025-01-14 18:56:34 - ERROR - Erro ao obter precisão para SOL/USDT: binance markets not loaded
2025-01-14 18:56:34 - ERROR - Erro ao obter precisão para XRP/USDT: binance markets not loaded
2025-01-14 18:56:34 - ERROR - Erro ao obter precisão para ADA/USDT: binance markets not loaded
2025-01-14 18:56:34 - ERROR - Erro ao obter precisão para BTC/USDT: binance markets not loaded
2025-01-14 18:56:34 - ERROR - Erro ao obter precisão para ETH/USDT: binance markets not loaded
2025-01-14 18:56:34 - ERROR - Erro ao obter precisão para SOL/USDT: binance markets not loaded
2025-01-14 18:56:34 - ERROR - Erro ao obter precisão para XRP/USDT: binance markets not loaded
2025-01-14 18:56:35 - ERROR - Erro ao obter precisão para ADA/USDT: binance markets not loaded
2025-01-14 18:56:35 - ERROR - Erro ao obter precisão para BTC/USDT: binance markets not loaded
2025-01-14 18:56:35 - ERROR - Erro ao obter precisão para ETH/USDT: binance markets not loaded
2025-01-14 18:56:35 - ERROR - Erro ao obter precisão para SOL/USDT: binance markets not loaded
2025-01-14 18:56:35 - ERROR - Erro ao obter precisão para XRP/USDT: binance markets not loaded
2025-01-14 18:56:35 - ERROR - Erro ao obter precisão para ADA/USDT: binance markets not loaded
2025-01-14 18:56:35 - ERROR - Erro ao obter precisão para BTC/USDT: binance markets not loaded
2025-01-14 18:56:35 - ERROR - Erro ao obter precisão para ETH/USDT: binance markets not loaded
2025-01-14 18:56:35 - ERROR - Erro ao obter precisão para SOL/USDT: binance markets not loaded
2025-01-14 18:56:35 - ERROR - Erro ao obter precisão para XRP/USDT: binance markets not loaded
2025-01-14 18:56:36 - ERROR - Erro ao obter precisão para ADA/USDT: binance markets not loaded
2025-01-14 18:56:36 - ERROR - Erro ao obter precisão para BTC/USDT: binance markets not loaded
2025-01-14 18:56:36 - ERROR - Erro ao obter precisão para ETH/USDT: binance markets not loaded
2025-01-14 18:56:36 - ERROR - Erro ao obter precisão para SOL/USDT: binance markets not loaded
2025-01-14 18:56:36 - ERROR - Erro ao obter precisão para XRP/USDT: binance markets not loaded
2025-01-14 18:56:36 - ERROR - Erro ao obter precisão para ADA/USDT: binance markets not loaded
2025-01-14 18:56:36 - ERROR - Erro ao obter precisão para BTC/USDT: binance markets not loaded
2025-01-14 18:56:36 - ERROR - Erro ao obter precisão para ETH/USDT: binance markets not loaded
2025-01-14 18:56:36 - ERROR - Erro ao obter precisão para SOL/USDT: binance markets not loaded
2025-01-14 18:56:36 - ERROR - Erro ao obter precisão para XRP/USDT: binance markets not loaded
2025-01-14 18:56:36 - ERROR - Erro ao obter precisão para ADA/USDT: binance markets not loaded
2025-01-14 18:56:36 - ERROR - Erro ao obter precisão para BTC/USDT: binance markets not loaded
2025-01-14 18:56:36 - ERROR - Erro ao obter precisão para ETH/USDT: binance markets not loaded
2025-01-14 18:56:36 - ERROR - Erro ao obter precisão para SOL/USDT: binance markets not loaded
2025-01-14 18:56:36 - ERROR - Erro ao obter precisão para XRP/USDT: binance markets not loaded
2025-01-14 18:56:37 - ERROR - Erro ao obter precisão para ADA/USDT: binance markets not loaded
2025-01-14 18:56:37 - ERROR - Erro ao obter precisão para BTC/USDT: binance markets not loaded
2025-01-14 18:56:37 - ERROR - Erro ao obter precisão para ETH/USDT: binance markets not loaded
2025-01-14 18:56:37 - ERROR - Erro ao obter precisão para SOL/USDT: binance markets not loaded
2025-01-14 18:56:37 - ERROR - Erro ao obter precisão para XRP/USDT: binance markets not loaded
2025-01-14 18:56:37 - ERROR - Erro ao obter precisão para ADA/USDT: binance markets not loaded
2025-01-14 18:56:37 - ERROR - Erro ao obter precisão para BTC/USDT: binance markets not loaded
2025-01-14 18:56:37 - ERROR - Erro ao obter precisão para ETH/USDT: binance markets not loaded
2025-01-14 18:56:37 - ERROR - Erro ao obter precisão para SOL/USDT: binance markets not loaded
2025-01-14 18:56:37 - ERROR - Erro ao obter precisão para XRP/USDT: binance markets not loaded
2025-01-14 18:56:38 - ERROR - Erro ao obter precisão para ADA/USDT: binance markets not loaded
2025-01-14 18:56:38 - ERROR - Erro ao obter precisão para BTC/USDT: binance markets not loaded
2025-01-14 18:56:38 - ERROR - Erro ao obter precisão para ETH/USDT: binance markets not loaded
2025-01-14 18:56:38 - ERROR - Erro ao obter precisão para SOL/USDT: binance markets not loaded
2025-01-14 18:56:38 - ERROR - Erro ao obter precisão para XRP/USDT: binance markets not loaded
2025-01-14 18:56:38 - ERROR - Erro ao obter precisão para ADA/USDT: binance markets not loaded
2025-01-14 18:56:38 - ERROR - Erro ao obter precisão para BTC/USDT: binance markets not loaded
2025-01-14 18:56:38 - ERROR - Erro ao obter precisão para ETH/USDT: binance markets not loaded
2025-01-14 18:56:38 - ERROR - Erro ao obter precisão para SOL/USDT: binance markets not loaded
2025-01-14 18:56:38 - ERROR - Erro ao obter precisão para XRP/USDT: binance markets not loaded
2025-01-14 18:56:39 - ERROR - Erro ao obter precisão para ADA/USDT: binance markets not loaded
2025-01-14 18:56:39 - ERROR - Erro ao obter precisão para BTC/USDT: binance markets not loaded
2025-01-14 18:56:39 - ERROR - Erro ao obter precisão para ETH/USDT: binance markets not loaded
2025-01-14 18:56:39 - ERROR - Erro ao obter precisão para SOL/USDT: binance markets not loaded
2025-01-14 18:56:39 - ERROR - Erro ao obter precisão para XRP/USDT: binance markets not loaded
2025-01-14 18:56:39 - ERROR - Erro ao obter precisão para ADA/USDT: binance markets not loaded
2025-01-14 18:56:39 - ERROR - Erro ao obter precisão para BTC/USDT: binance markets not loaded
2025-01-14 18:56:39 - ERROR - Erro ao obter precisão para ETH/USDT: binance markets not loaded
2025-01-14 18:56:39 - ERROR - Erro ao obter precisão para SOL/USDT: binance markets not loaded
2025-01-14 18:56:39 - ERROR - Erro ao obter precisão para XRP/USDT: binance markets not loaded
2025-01-14 18:56:40 - ERROR - Erro ao obter precisão para ADA/USDT: binance markets not loaded
2025-01-14 18:56:40 - ERROR - Erro ao obter precisão para BTC/USDT: binance markets not loaded
2025-01-14 18:56:40 - ERROR - Erro ao obter precisão para ETH/USDT: binance markets not loaded
2025-01-14 18:56:40 - ERROR - Erro ao obter precisão para SOL/USDT: binance markets not loaded
2025-01-14 18:56:40 - ERROR - Erro ao obter precisão para XRP/USDT: binance markets not loaded
2025-01-14 18:56:40 - ERROR - Erro ao obter precisão para ADA/USDT: binance markets not loaded
2025-01-14 18:56:40 - ERROR - Erro ao obter precisão para BTC/USDT: binance markets not loaded
2025-01-14 18:56:40 - ERROR - Erro ao obter precisão para ETH/USDT: binance markets not loaded
2025-01-14 18:56:40 - ERROR - Erro ao obter precisão para SOL/USDT: binance markets not loaded
2025-01-14 18:56:40 - ERROR - Erro ao obter precisão para XRP/USDT: binance markets not loaded
2025-01-14 18:56:40 - ERROR - Erro ao obter precisão para ADA/USDT: binance markets not loaded
2025-01-14 18:56:40 - ERROR - Erro ao obter precisão para BTC/USDT: binance markets not loaded
2025-01-14 18:56:40 - ERROR - Erro ao obter precisão para ETH/USDT: binance markets not loaded
2025-01-14 18:56:40 - ERROR - Erro ao obter precisão para SOL/USDT: binance markets not loaded
2025-01-14 18:56:40 - ERROR - Erro ao obter precisão para XRP/USDT: binance markets not loaded
2025-01-14 18:56:41 - ERROR - Erro ao obter precisão para ADA/USDT: binance markets not loaded
2025-01-14 18:56:41 - ERROR - Erro ao obter precisão para BTC/USDT: binance markets not loaded
2025-01-14 18:56:41 - ERROR - Erro ao obter precisão para ETH/USDT: binance markets not loaded
2025-01-14 18:56:41 - ERROR - Erro ao obter precisão para SOL/USDT: binance markets not loaded
2025-01-14 18:56:41 - ERROR - Erro ao obter precisão para XRP/USDT: binance markets not loaded
2025-01-14 18:56:41 - ERROR - Erro ao obter precisão para ADA/USDT: binance markets not loaded
2025-01-14 18:56:41 - ERROR - Erro ao obter precisão para BTC/USDT: binance markets not loaded
2025-01-14 18:56:41 - ERROR - Erro ao obter precisão para ETH/USDT: binance markets not loaded
2025-01-14 18:56:41 - ERROR - Erro ao obter precisão para SOL/USDT: binance markets not loaded
2025-01-14 18:56:41 - ERROR - Erro ao obter precisão para XRP/USDT: binance markets not loaded
2025-01-14 18:56:42 - ERROR - Erro ao obter precisão para ADA/USDT: binance markets not loaded
2025-01-14 18:56:42 - ERROR - Erro ao obter precisão para BTC/USDT: binance markets not loaded
2025-01-14 18:56:42 - ERROR - Erro ao obter precisão para ETH/USDT: binance markets not loaded
2025-01-14 18:56:42 - ERROR - Erro ao obter precisão para SOL/USDT: binance markets not loaded
2025-01-14 18:56:42 - ERROR - Erro ao obter precisão para XRP/USDT: binance markets not loaded
2025-01-14 18:56:42 - ERROR - Erro ao obter precisão para ADA/USDT: binance markets not loaded
2025-01-14 18:56:42 - ERROR - Erro ao obter precisão para BTC/USDT: binance markets not loaded
2025-01-14 18:56:42 - ERROR - Erro ao obter precisão para ETH/USDT: binance markets not loaded
2025-01-14 18:56:42 - ERROR - Erro ao obter precisão para SOL/USDT: binance markets not loaded
2025-01-14 18:56:42 - ERROR - Erro ao obter precisão para XRP/USDT: binance markets not loaded
2025-01-14 18:56:43 - ERROR - Erro ao obter precisão para ADA/USDT: binance markets not loaded
2025-01-14 18:56:43 - ERROR - Erro ao obter precisão para BTC/USDT: binance markets not loaded
2025-01-14 18:56:43 - ERROR - Erro ao obter precisão para ETH/USDT: binance markets not loaded
2025-01-14 18:56:43 - ERROR - Erro ao obter precisão para SOL/USDT: binance markets not loaded
2025-01-14 18:56:43 - ERROR - Erro ao obter precisão para XRP/USDT: binance markets not loaded
2025-01-14 18:56:43 - ERROR - Erro ao obter precisão para ADA/USDT: binance markets not loaded
2025-01-14 18:56:43 - ERROR - Erro ao obter precisão para BTC/USDT: binance markets not loaded
2025-01-14 18:56:43 - ERROR - Erro ao obter precisão para ETH/USDT: binance markets not loaded
2025-01-14 18:56:43 - ERROR - Erro ao obter precisão para SOL/USDT: binance markets not loaded
2025-01-14 18:56:43 - ERROR - Erro ao obter precisão para XRP/USDT: binance markets not loaded
2025-01-14 18:56:43 - ERROR - Erro ao obter precisão para ADA/USDT: binance markets not loaded
2025-01-14 18:56:43 - ERROR - Erro ao obter precisão para BTC/USDT: binance markets not loaded
2025-01-14 18:56:43 - ERROR - Erro ao obter precisão para ETH/USDT: binance markets not loaded
2025-01-14 18:56:43 - ERROR - Erro ao obter precisão para SOL/USDT: binance markets not loaded
2025-01-14 18:56:43 - ERROR - Erro ao obter precisão para XRP/USDT: binance markets not loaded
2025-01-14 18:56:44 - ERROR - Erro ao obter precisão para ADA/USDT: binance markets not loaded
2025-01-14 18:56:44 - ERROR - Erro ao obter precisão para BTC/USDT: binance markets not loaded
2025-01-14 18:56:44 - ERROR - Erro ao obter precisão para ETH/USDT: binance markets not loaded
2025-01-14 18:56:44 - ERROR - Erro ao obter precisão para SOL/USDT: binance markets not loaded
2025-01-14 18:56:44 - ERROR - Erro ao obter precisão para XRP/USDT: binance markets not loaded
2025-01-14 18:56:44 - ERROR - Erro ao obter precisão para ADA/USDT: binance markets not loaded
2025-01-14 18:56:44 - ERROR - Erro ao obter precisão para BTC/USDT: binance markets not loaded
2025-01-14 18:56:44 - ERROR - Erro ao obter precisão para ETH/USDT: binance markets not loaded
2025-01-14 18:56:44 - ERROR - Erro ao obter precisão para SOL/USDT: binance markets not loaded
2025-01-14 18:56:44 - ERROR - Erro ao obter precisão para XRP/USDT: binance markets not loaded
2025-01-14 18:56:45 - ERROR - Erro ao obter precisão para ADA/USDT: binance markets not loaded
2025-01-14 18:56:45 - ERROR - Erro ao obter precisão para BTC/USDT: binance markets not loaded
2025-01-14 18:56:45 - ERROR - Erro ao obter precisão para ETH/USDT: binance markets not loaded
2025-01-14 18:56:45 - ERROR - Erro ao obter precisão para SOL/USDT: binance markets not loaded
2025-01-14 18:56:45 - ERROR - Erro ao obter precisão para XRP/USDT: binance markets not loaded
2025-01-14 18:56:45 - ERROR - Erro ao obter precisão para ADA/USDT: binance markets not loaded
2025-01-14 18:56:45 - ERROR - Erro ao obter precisão para BTC/USDT: binance markets not loaded
2025-01-14 18:56:45 - ERROR - Erro ao obter precisão para ETH/USDT: binance markets not loaded
2025-01-14 18:56:45 - ERROR - Erro ao obter precisão para SOL/USDT: binance markets not loaded
2025-01-14 18:56:45 - ERROR - Erro ao obter precisão para XRP/USDT: binance markets not loaded
2025-01-14 18:56:46 - ERROR - Erro ao obter precisão para ADA/USDT: binance markets not loaded
2025-01-14 18:56:46 - ERROR - Erro ao obter precisão para BTC/USDT: binance markets not loaded
2025-01-14 18:56:46 - ERROR - Erro ao obter precisão para ETH/USDT: binance markets not loaded
2025-01-14 18:56:46 - ERROR - Erro ao obter precisão para SOL/USDT: binance markets not loaded
2025-01-14 18:56:46 - ERROR - Erro ao obter precisão para XRP/USDT: binance markets not loaded
2025-01-14 18:56:46 - ERROR - Erro ao obter precisão para ADA/USDT: binance markets not loaded
2025-01-14 18:56:46 - ERROR - Erro ao obter precisão para BTC/USDT: binance markets not loaded
2025-01-14 18:56:46 - ERROR - Erro ao obter precisão para ETH/USDT: binance markets not loaded
2025-01-14 18:56:46 - ERROR - Erro ao obter precisão para SOL/USDT: binance markets not loaded
2025-01-14 18:56:46 - ERROR - Erro ao obter precisão para XRP/USDT: binance markets not loaded
2025-01-14 18:56:46 - ERROR - Erro ao obter precisão para ADA/USDT: binance markets not loaded
2025-01-14 18:56:46 - ERROR - Erro ao obter precisão para BTC/USDT: binance markets not loaded
2025-01-14 18:56:46 - ERROR - Erro ao obter precisão para ETH/USDT: binance markets not loaded
2025-01-14 18:56:46 - ERROR - Erro ao obter precisão para SOL/USDT: binance markets not loaded
2025-01-14 18:56:46 - ERROR - Erro ao obter precisão para XRP/USDT: binance markets not loaded
2025-01-14 18:56:47 - ERROR - Erro ao obter precisão para ADA/USDT: binance markets not loaded
2025-01-14 18:56:47 - ERROR - Erro ao obter precisão para BTC/USDT: binance markets not loaded
2025-01-14 18:56:47 - ERROR - Erro ao obter precisão para ETH/USDT: binance markets not loaded
2025-01-14 18:56:47 - ERROR - Erro ao obter precisão para SOL/USDT: binance markets not loaded
2025-01-14 18:56:47 - ERROR - Erro ao obter precisão para XRP/USDT: binance markets not loaded
2025-01-14 18:56:47 - ERROR - Erro ao obter precisão para ADA/USDT: binance markets not loaded
2025-01-14 18:56:47 - ERROR - Erro ao obter precisão para BTC/USDT: binance markets not loaded
2025-01-14 18:56:47 - ERROR - Erro ao obter precisão para ETH/USDT: binance markets not loaded
2025-01-14 18:56:47 - ERROR - Erro ao obter precisão para SOL/USDT: binance markets not loaded
2025-01-14 18:56:47 - ERROR - Erro ao obter precisão para XRP/USDT: binance markets not loaded
2025-01-14 18:56:48 - ERROR - Erro ao obter precisão para ADA/USDT: binance markets not loaded
2025-01-14 18:56:48 - ERROR - Erro ao obter precisão para BTC/USDT: binance markets not loaded
2025-01-14 18:56:48 - ERROR - Erro ao obter precisão para ETH/USDT: binance markets not loaded
2025-01-14 18:56:48 - ERROR - Erro ao obter precisão para SOL/USDT: binance markets not loaded
2025-01-14 18:56:48 - ERROR - Erro ao obter precisão para XRP/USDT: binance markets not loaded
2025-01-14 18:56:48 - ERROR - Erro ao obter precisão para ADA/USDT: binance markets not loaded
2025-01-14 18:56:48 - ERROR - Erro ao obter precisão para BTC/USDT: binance markets not loaded
2025-01-14 18:56:48 - ERROR - Erro ao obter precisão para ETH/USDT: binance markets not loaded
2025-01-14 18:56:48 - ERROR - Erro ao obter precisão para SOL/USDT: binance markets not loaded
2025-01-14 18:56:48 - ERROR - Erro ao obter precisão para XRP/USDT: binance markets not loaded
2025-01-14 18:56:49 - ERROR - Erro ao obter precisão para ADA/USDT: binance markets not loaded
2025-01-14 18:56:49 - ERROR - Erro ao obter precisão para BTC/USDT: binance markets not loaded
2025-01-14 18:56:49 - ERROR - Erro ao obter precisão para ETH/USDT: binance markets not loaded
2025-01-14 18:56:49 - ERROR - Erro ao obter precisão para SOL/USDT: binance markets not loaded
2025-01-14 18:56:49 - ERROR - Erro ao obter precisão para XRP/USDT: binance markets not loaded
2025-01-14 18:56:49 - ERROR - Erro ao obter precisão para ADA/USDT: binance markets not loaded
2025-01-14 18:56:49 - ERROR - Erro ao obter precisão para BTC/USDT: binance markets not loaded
2025-01-14 18:56:49 - ERROR - Erro ao obter precisão para ETH/USDT: binance markets not loaded
2025-01-14 18:56:49 - ERROR - Erro ao obter precisão para SOL/USDT: binance markets not loaded
2025-01-14 18:56:49 - ERROR - Erro ao obter precisão para XRP/USDT: binance markets not loaded
2025-01-14 18:56:49 - ERROR - Erro ao obter precisão para ADA/USDT: binance markets not loaded
2025-01-14 18:56:49 - ERROR - Erro ao obter precisão para BTC/USDT: binance markets not loaded
2025-01-14 18:56:49 - ERROR - Erro ao obter precisão para ETH/USDT: binance markets not loaded
2025-01-14 18:56:49 - ERROR - Erro ao obter precisão para SOL/USDT: binance markets not loaded
2025-01-14 18:56:49 - ERROR - Erro ao obter precisão para XRP/USDT: binance markets not loaded
2025-01-14 18:56:50 - ERROR - Erro ao obter precisão para ADA/USDT: binance markets not loaded
2025-01-14 18:56:50 - ERROR - Erro ao obter precisão para BTC/USDT: binance markets not loaded
2025-01-14 18:56:50 - ERROR - Erro ao obter precisão para ETH/USDT: binance markets not loaded
2025-01-14 18:56:50 - ERROR - Erro ao obter precisão para SOL/USDT: binance markets not loaded
2025-01-14 18:56:50 - ERROR - Erro ao obter precisão para XRP/USDT: binance markets not loaded
2025-01-14 18:56:50 - ERROR - Erro ao obter precisão para ADA/USDT: binance markets not loaded
2025-01-14 18:56:50 - ERROR - Erro ao obter precisão para BTC/USDT: binance markets not loaded
2025-01-14 18:56:50 - ERROR - Erro ao obter precisão para ETH/USDT: binance markets not loaded
2025-01-14 18:56:50 - ERROR - Erro ao obter precisão para SOL/USDT: binance markets not loaded
2025-01-14 18:56:50 - ERROR - Erro ao obter precisão para XRP/USDT: binance markets not loaded
2025-01-14 18:56:51 - ERROR - Erro ao obter precisão para ADA/USDT: binance markets not loaded
2025-01-14 18:56:51 - ERROR - Erro ao obter precisão para BTC/USDT: binance markets not loaded
2025-01-14 18:56:51 - ERROR - Erro ao obter precisão para ETH/USDT: binance markets not loaded
2025-01-14 18:56:51 - ERROR - Erro ao obter precisão para SOL/USDT: binance markets not loaded
2025-01-14 18:56:51 - ERROR - Erro ao obter precisão para XRP/USDT: binance markets not loaded
2025-01-14 18:56:51 - ERROR - Erro ao obter precisão para ADA/USDT: binance markets not loaded
2025-01-14 18:56:51 - ERROR - Erro ao obter precisão para BTC/USDT: binance markets not loaded
2025-01-14 18:56:51 - ERROR - Erro ao obter precisão para ETH/USDT: binance markets not loaded
2025-01-14 18:56:51 - ERROR - Erro ao obter precisão para SOL/USDT: binance markets not loaded
2025-01-14 18:56:51 - ERROR - Erro ao obter precisão para XRP/USDT: binance markets not loaded
2025-01-14 18:56:52 - ERROR - Erro ao obter precisão para ADA/USDT: binance markets not loaded
2025-01-14 18:56:52 - ERROR - Erro ao obter precisão para BTC/USDT: binance markets not loaded
2025-01-14 18:56:52 - ERROR - Erro ao obter precisão para ETH/USDT: binance markets not loaded
2025-01-14 18:56:52 - ERROR - Erro ao obter precisão para SOL/USDT: binance markets not loaded
2025-01-14 18:56:52 - ERROR - Erro ao obter precisão para XRP/USDT: binance markets not loaded
2025-01-14 18:56:52 - ERROR - Erro ao obter precisão para ADA/USDT: binance markets not loaded
2025-01-14 18:56:52 - ERROR - Erro ao obter precisão para BTC/USDT: binance markets not loaded
2025-01-14 18:56:52 - ERROR - Erro ao obter precisão para ETH/USDT: binance markets not loaded
2025-01-14 18:56:52 - ERROR - Erro ao obter precisão para SOL/USDT: binance markets not loaded
2025-01-14 18:56:52 - ERROR - Erro ao obter precisão para XRP/USDT: binance markets not loaded
2025-01-14 18:56:52 - ERROR - Erro ao obter precisão para ADA/USDT: binance markets not loaded
2025-01-14 18:56:52 - ERROR - Erro ao obter precisão para BTC/USDT: binance markets not loaded
2025-01-14 18:56:52 - ERROR - Erro ao obter precisão para ETH/USDT: binance markets not loaded
2025-01-14 18:56:52 - ERROR - Erro ao obter precisão para SOL/USDT: binance markets not loaded
2025-01-14 18:56:52 - ERROR - Erro ao obter precisão para XRP/USDT: binance markets not loaded
2025-01-14 18:56:53 - ERROR - Erro ao obter precisão para ADA/USDT: binance markets not loaded
2025-01-14 18:56:53 - ERROR - Erro ao obter precisão para BTC/USDT: binance markets not loaded
2025-01-14 18:56:53 - ERROR - Erro ao obter precisão para ETH/USDT: binance markets not loaded
2025-01-14 18:56:53 - ERROR - Erro ao obter precisão para SOL/USDT: binance markets not loaded
2025-01-14 18:56:53 - ERROR - Erro ao obter precisão para XRP/USDT: binance markets not loaded
2025-01-14 18:56:53 - ERROR - Erro ao obter precisão para ADA/USDT: binance markets not loaded
2025-01-14 18:56:53 - ERROR - Erro ao obter precisão para BTC/USDT: binance markets not loaded
2025-01-14 18:56:53 - ERROR - Erro ao obter precisão para ETH/USDT: binance markets not loaded
2025-01-14 18:56:53 - ERROR - Erro ao obter precisão para SOL/USDT: binance markets not loaded
2025-01-14 18:56:53 - ERROR - Erro ao obter precisão para XRP/USDT: binance markets not loaded
2025-01-14 18:56:54 - ERROR - Erro ao obter precisão para ADA/USDT: binance markets not loaded
2025-01-14 18:56:54 - ERROR - Erro ao obter precisão para BTC/USDT: binance markets not loaded
2025-01-14 18:56:54 - ERROR - Erro ao obter precisão para ETH/USDT: binance markets not loaded
2025-01-14 18:56:54 - ERROR - Erro ao obter precisão para SOL/USDT: binance markets not loaded
2025-01-14 18:56:54 - ERROR - Erro ao obter precisão para XRP/USDT: binance markets not loaded
2025-01-14 18:56:54 - ERROR - Erro ao obter precisão para ADA/USDT: binance markets not loaded
2025-01-14 18:56:54 - ERROR - Erro ao obter precisão para BTC/USDT: binance markets not loaded
2025-01-14 18:56:54 - ERROR - Erro ao obter precisão para ETH/USDT: binance markets not loaded
2025-01-14 18:56:54 - ERROR - Erro ao obter precisão para SOL/USDT: binance markets not loaded
2025-01-14 18:56:54 - ERROR - Erro ao obter precisão para XRP/USDT: binance markets not loaded
2025-01-14 18:56:55 - ERROR - Erro ao obter precisão para ADA/USDT: binance markets not loaded
2025-01-14 18:56:55 - ERROR - Erro ao obter precisão para BTC/USDT: binance markets not loaded
2025-01-14 18:56:55 - ERROR - Erro ao obter precisão para ETH/USDT: binance markets not loaded
2025-01-14 18:56:55 - ERROR - Erro ao obter precisão para SOL/USDT: binance markets not loaded
2025-01-14 18:56:55 - ERROR - Erro ao obter precisão para XRP/USDT: binance markets not loaded
2025-01-14 18:56:55 - ERROR - Erro ao obter precisão para ADA/USDT: binance markets not loaded
2025-01-14 18:56:55 - ERROR - Erro ao obter precisão para BTC/USDT: binance markets not loaded
2025-01-14 18:56:55 - ERROR - Erro ao obter precisão para ETH/USDT: binance markets not loaded
2025-01-14 18:56:55 - ERROR - Erro ao obter precisão para SOL/USDT: binance markets not loaded
2025-01-14 18:56:55 - ERROR - Erro ao obter precisão para XRP/USDT: binance markets not loaded
2025-01-14 18:56:55 - ERROR - Erro ao obter precisão para ADA/USDT: binance markets not loaded
2025-01-14 18:56:55 - ERROR - Erro ao obter precisão para BTC/USDT: binance markets not loaded
2025-01-14 18:56:55 - ERROR - Erro ao obter precisão para ETH/USDT: binance markets not loaded
2025-01-14 18:56:55 - ERROR - Erro ao obter precisão para SOL/USDT: binance markets not loaded
2025-01-14 18:56:55 - ERROR - Erro ao obter precisão para XRP/USDT: binance markets not loaded
2025-01-14 18:56:56 - ERROR - Erro ao obter precisão para ADA/USDT: binance markets not loaded
2025-01-14 18:56:56 - ERROR - Erro ao obter precisão para BTC/USDT: binance markets not loaded
2025-01-14 18:56:56 - ERROR - Erro ao obter precisão para ETH/USDT: binance markets not loaded
2025-01-14 18:56:56 - ERROR - Erro ao obter precisão para SOL/USDT: binance markets not loaded
2025-01-14 18:56:56 - ERROR - Erro ao obter precisão para XRP/USDT: binance markets not loaded
2025-01-14 18:56:56 - ERROR - Erro ao obter precisão para ADA/USDT: binance markets not loaded
2025-01-14 18:56:56 - ERROR - Erro ao obter precisão para BTC/USDT: binance markets not loaded
2025-01-14 18:56:56 - ERROR - Erro ao obter precisão para ETH/USDT: binance markets not loaded
2025-01-14 18:56:56 - ERROR - Erro ao obter precisão para SOL/USDT: binance markets not loaded
2025-01-14 18:56:56 - ERROR - Erro ao obter precisão para XRP/USDT: binance markets not loaded
2025-01-14 18:56:57 - ERROR - Erro ao obter precisão para ADA/USDT: binance markets not loaded
2025-01-14 18:56:57 - ERROR - Erro ao obter precisão para BTC/USDT: binance markets not loaded
2025-01-14 18:56:57 - ERROR - Erro ao obter precisão para ETH/USDT: binance markets not loaded
2025-01-14 18:56:57 - ERROR - Erro ao obter precisão para SOL/USDT: binance markets not loaded
2025-01-14 18:56:57 - ERROR - Erro ao obter precisão para XRP/USDT: binance markets not loaded
2025-01-14 18:56:57 - ERROR - Erro ao obter precisão para ADA/USDT: binance markets not loaded
2025-01-14 18:56:57 - ERROR - Erro ao obter precisão para BTC/USDT: binance markets not loaded
2025-01-14 18:56:57 - ERROR - Erro ao obter precisão para ETH/USDT: binance markets not loaded
2025-01-14 18:56:57 - ERROR - Erro ao obter precisão para SOL/USDT: binance markets not loaded
2025-01-14 18:56:57 - ERROR - Erro ao obter precisão para XRP/USDT: binance markets not loaded
2025-01-14 18:56:58 - ERROR - Erro ao obter precisão para ADA/USDT: binance markets not loaded
2025-01-14 18:56:58 - ERROR - Erro ao obter precisão para BTC/USDT: binance markets not loaded
2025-01-14 18:56:58 - ERROR - Erro ao obter precisão para ETH/USDT: binance markets not loaded
2025-01-14 18:56:58 - ERROR - Erro ao obter precisão para SOL/USDT: binance markets not loaded
2025-01-14 18:56:58 - ERROR - Erro ao obter precisão para XRP/USDT: binance markets not loaded
2025-01-14 18:56:58 - ERROR - Erro ao obter precisão para ADA/USDT: binance markets not loaded
2025-01-14 18:56:58 - ERROR - Erro ao obter precisão para BTC/USDT: binance markets not loaded
2025-01-14 18:56:58 - ERROR - Erro ao obter precisão para ETH/USDT: binance markets not loaded
2025-01-14 18:56:58 - ERROR - Erro ao obter precisão para SOL/USDT: binance markets not loaded
2025-01-14 18:56:58 - ERROR - Erro ao obter precisão para XRP/USDT: binance markets not loaded
2025-01-14 18:56:58 - ERROR - Erro ao obter precisão para ADA/USDT: binance markets not loaded
2025-01-14 18:56:58 - ERROR - Erro ao obter precisão para BTC/USDT: binance markets not loaded
2025-01-14 18:56:58 - ERROR - Erro ao obter precisão para ETH/USDT: binance markets not loaded
2025-01-14 18:56:58 - ERROR - Erro ao obter precisão para SOL/USDT: binance markets not loaded
2025-01-14 18:56:58 - ERROR - Erro ao obter precisão para XRP/USDT: binance markets not loaded
2025-01-14 18:56:59 - ERROR - Erro ao obter precisão para ADA/USDT: binance markets not loaded
2025-01-14 18:56:59 - ERROR - Erro ao obter precisão para BTC/USDT: binance markets not loaded
2025-01-14 18:56:59 - ERROR - Erro ao obter precisão para ETH/USDT: binance markets not loaded
2025-01-14 18:56:59 - ERROR - Erro ao obter precisão para SOL/USDT: binance markets not loaded
2025-01-14 18:56:59 - ERROR - Erro ao obter precisão para XRP/USDT: binance markets not loaded
2025-01-14 18:56:59 - ERROR - Erro ao obter precisão para ADA/USDT: binance markets not loaded
2025-01-14 18:56:59 - ERROR - Erro ao obter precisão para BTC/USDT: binance markets not loaded
2025-01-14 18:56:59 - ERROR - Erro ao obter precisão para ETH/USDT: binance markets not loaded
2025-01-14 18:56:59 - ERROR - Erro ao obter precisão para SOL/USDT: binance markets not loaded
2025-01-14 18:56:59 - ERROR - Erro ao obter precisão para XRP/USDT: binance markets not loaded
2025-01-14 18:57:00 - ERROR - Erro ao obter precisão para ADA/USDT: binance markets not loaded
2025-01-14 18:57:00 - ERROR - Erro ao obter precisão para BTC/USDT: binance markets not loaded
2025-01-14 18:57:00 - ERROR - Erro ao obter precisão para ETH/USDT: binance markets not loaded
2025-01-14 18:57:00 - ERROR - Erro ao obter precisão para SOL/USDT: binance markets not loaded
2025-01-14 18:57:00 - ERROR - Erro ao obter precisão para XRP/USDT: binance markets not loaded
2025-01-14 18:57:00 - ERROR - Erro ao obter precisão para ADA/USDT: binance markets not loaded
2025-01-14 18:57:00 - ERROR - Erro ao obter precisão para BTC/USDT: binance markets not loaded
2025-01-14 18:57:00 - ERROR - Erro ao obter precisão para ETH/USDT: binance markets not loaded
2025-01-14 18:57:00 - ERROR - Erro ao obter precisão para SOL/USDT: binance markets not loaded
2025-01-14 18:57:00 - ERROR - Erro ao obter precisão para XRP/USDT: binance markets not loaded
2025-01-14 18:57:01 - ERROR - Erro ao obter precisão para ADA/USDT: binance markets not loaded
2025-01-14 18:57:01 - ERROR - Erro ao obter precisão para BTC/USDT: binance markets not loaded
2025-01-14 18:57:01 - ERROR - Erro ao obter precisão para ETH/USDT: binance markets not loaded
2025-01-14 18:57:01 - ERROR - Erro ao obter precisão para SOL/USDT: binance markets not loaded
2025-01-14 18:57:01 - ERROR - Erro ao obter precisão para XRP/USDT: binance markets not loaded
2025-01-14 18:57:01 - ERROR - Erro ao obter precisão para ADA/USDT: binance markets not loaded
2025-01-14 18:57:01 - ERROR - Erro ao obter precisão para BTC/USDT: binance markets not loaded
2025-01-14 18:57:01 - ERROR - Erro ao obter precisão para ETH/USDT: binance markets not loaded
2025-01-14 18:57:01 - ERROR - Erro ao obter precisão para SOL/USDT: binance markets not loaded
2025-01-14 18:57:01 - ERROR - Erro ao obter precisão para XRP/USDT: binance markets not loaded
2025-01-14 18:57:02 - ERROR - Erro ao obter precisão para ADA/USDT: binance markets not loaded
2025-01-14 18:57:02 - ERROR - Erro ao obter precisão para BTC/USDT: binance markets not loaded
2025-01-14 18:57:02 - ERROR - Erro ao obter precisão para ETH/USDT: binance markets not loaded
2025-01-14 18:57:02 - ERROR - Erro ao obter precisão para SOL/USDT: binance markets not loaded
2025-01-14 18:57:02 - ERROR - Erro ao obter precisão para XRP/USDT: binance markets not loaded
2025-01-14 18:57:02 - ERROR - Erro ao obter precisão para ADA/USDT: binance markets not loaded
2025-01-14 18:57:02 - ERROR - Erro ao obter precisão para BTC/USDT: binance markets not loaded
2025-01-14 18:57:02 - ERROR - Erro ao obter precisão para ETH/USDT: binance markets not loaded
2025-01-14 18:57:02 - ERROR - Erro ao obter precisão para SOL/USDT: binance markets not loaded
2025-01-14 18:57:02 - ERROR - Erro ao obter precisão para XRP/USDT: binance markets not loaded
2025-01-14 18:57:02 - ERROR - Erro ao obter precisão para ADA/USDT: binance markets not loaded
2025-01-14 18:57:02 - ERROR - Erro ao obter precisão para BTC/USDT: binance markets not loaded
2025-01-14 18:57:02 - ERROR - Erro ao obter precisão para ETH/USDT: binance markets not loaded
2025-01-14 18:57:02 - ERROR - Erro ao obter precisão para SOL/USDT: binance markets not loaded
2025-01-14 18:57:02 - ERROR - Erro ao obter precisão para XRP/USDT: binance markets not loaded
2025-01-14 18:57:03 - ERROR - Erro ao obter precisão para ADA/USDT: binance markets not loaded
2025-01-14 18:57:03 - ERROR - Erro ao obter precisão para BTC/USDT: binance markets not loaded
2025-01-14 18:57:03 - ERROR - Erro ao obter precisão para ETH/USDT: binance markets not loaded
2025-01-14 18:57:03 - ERROR - Erro ao obter precisão para SOL/USDT: binance markets not loaded
2025-01-14 18:57:03 - ERROR - Erro ao obter precisão para XRP/USDT: binance markets not loaded
2025-01-14 18:57:03 - ERROR - Erro ao obter precisão para ADA/USDT: binance markets not loaded
2025-01-14 18:57:03 - ERROR - Erro ao obter precisão para BTC/USDT: binance markets not loaded
2025-01-14 18:57:03 - ERROR - Erro ao obter precisão para ETH/USDT: binance markets not loaded
2025-01-14 18:57:03 - ERROR - Erro ao obter precisão para SOL/USDT: binance markets not loaded
2025-01-14 18:57:03 - ERROR - Erro ao obter precisão para XRP/USDT: binance markets not loaded
2025-01-14 18:57:04 - ERROR - Erro ao obter precisão para ADA/USDT: binance markets not loaded
2025-01-14 18:57:04 - ERROR - Erro ao obter precisão para BTC/USDT: binance markets not loaded
2025-01-14 18:57:04 - ERROR - Erro ao obter precisão para ETH/USDT: binance markets not loaded
2025-01-14 18:57:04 - ERROR - Erro ao obter precisão para SOL/USDT: binance markets not loaded
2025-01-14 18:57:04 - ERROR - Erro ao obter precisão para XRP/USDT: binance markets not loaded
2025-01-14 18:57:04 - ERROR - Erro ao obter precisão para ADA/USDT: binance markets not loaded
2025-01-14 18:57:04 - ERROR - Erro ao obter precisão para BTC/USDT: binance markets not loaded
2025-01-14 18:57:04 - ERROR - Erro ao obter precisão para ETH/USDT: binance markets not loaded
2025-01-14 18:57:04 - ERROR - Erro ao obter precisão para SOL/USDT: binance markets not loaded
2025-01-14 18:57:04 - ERROR - Erro ao obter precisão para XRP/USDT: binance markets not loaded
2025-01-14 18:57:05 - ERROR - Erro ao obter precisão para ADA/USDT: binance markets not loaded
2025-01-14 18:57:05 - ERROR - Erro ao obter precisão para BTC/USDT: binance markets not loaded
2025-01-14 18:57:05 - ERROR - Erro ao obter precisão para ETH/USDT: binance markets not loaded
2025-01-14 18:57:05 - ERROR - Erro ao obter precisão para SOL/USDT: binance markets not loaded
2025-01-14 18:57:05 - ERROR - Erro ao obter precisão para XRP/USDT: binance markets not loaded
2025-01-14 18:57:05 - ERROR - Erro ao obter precisão para ADA/USDT: binance markets not loaded
2025-01-14 18:57:05 - ERROR - Erro ao obter precisão para BTC/USDT: binance markets not loaded
2025-01-14 18:57:05 - ERROR - Erro ao obter precisão para ETH/USDT: binance markets not loaded
2025-01-14 18:57:05 - ERROR - Erro ao obter precisão para SOL/USDT: binance markets not loaded
2025-01-14 18:57:05 - ERROR - Erro ao obter precisão para XRP/USDT: binance markets not loaded
2025-01-14 18:57:05 - ERROR - Erro ao obter precisão para ADA/USDT: binance markets not loaded
2025-01-14 18:57:05 - ERROR - Erro ao obter precisão para BTC/USDT: binance markets not loaded
2025-01-14 18:57:05 - ERROR - Erro ao obter precisão para ETH/USDT: binance markets not loaded
2025-01-14 18:57:05 - ERROR - Erro ao obter precisão para SOL/USDT: binance markets not loaded
2025-01-14 18:57:05 - ERROR - Erro ao obter precisão para XRP/USDT: binance markets not loaded
2025-01-14 18:57:06 - ERROR - Erro ao obter precisão para ADA/USDT: binance markets not loaded
2025-01-14 18:57:06 - ERROR - Erro ao obter precisão para BTC/USDT: binance markets not loaded
2025-01-14 18:57:06 - ERROR - Erro ao obter precisão para ETH/USDT: binance markets not loaded
2025-01-14 18:57:06 - ERROR - Erro ao obter precisão para SOL/USDT: binance markets not loaded
2025-01-14 18:57:06 - ERROR - Erro ao obter precisão para XRP/USDT: binance markets not loaded
2025-01-14 18:57:06 - ERROR - Erro ao obter precisão para ADA/USDT: binance markets not loaded
2025-01-14 18:57:06 - ERROR - Erro ao obter precisão para BTC/USDT: binance markets not loaded
2025-01-14 18:57:06 - ERROR - Erro ao obter precisão para ETH/USDT: binance markets not loaded
2025-01-14 18:57:06 - ERROR - Erro ao obter precisão para SOL/USDT: binance markets not loaded
2025-01-14 18:57:06 - ERROR - Erro ao obter precisão para XRP/USDT: binance markets not loaded
2025-01-14 18:57:07 - ERROR - Erro ao obter precisão para ADA/USDT: binance markets not loaded
2025-01-14 18:57:07 - ERROR - Erro ao obter precisão para BTC/USDT: binance markets not loaded
2025-01-14 18:57:07 - ERROR - Erro ao obter precisão para ETH/USDT: binance markets not loaded
2025-01-14 18:57:07 - ERROR - Erro ao obter precisão para SOL/USDT: binance markets not loaded
2025-01-14 18:57:07 - ERROR - Erro ao obter precisão para XRP/USDT: binance markets not loaded
2025-01-14 18:57:07 - ERROR - Erro ao obter precisão para ADA/USDT: binance markets not loaded
2025-01-14 18:57:07 - ERROR - Erro ao obter precisão para BTC/USDT: binance markets not loaded
2025-01-14 18:57:07 - ERROR - Erro ao obter precisão para ETH/USDT: binance markets not loaded
2025-01-14 18:57:07 - ERROR - Erro ao obter precisão para SOL/USDT: binance markets not loaded
2025-01-14 18:57:07 - ERROR - Erro ao obter precisão para XRP/USDT: binance markets not loaded
2025-01-14 18:57:08 - ERROR - Erro ao obter precisão para ADA/USDT: binance markets not loaded
2025-01-14 18:57:08 - ERROR - Erro ao obter precisão para BTC/USDT: binance markets not loaded
2025-01-14 18:57:08 - ERROR - Erro ao obter precisão para ETH/USDT: binance markets not loaded
2025-01-14 18:57:08 - ERROR - Erro ao obter precisão para SOL/USDT: binance markets not loaded
2025-01-14 18:57:08 - ERROR - Erro ao obter precisão para XRP/USDT: binance markets not loaded
2025-01-14 18:57:08 - ERROR - Erro ao obter precisão para ADA/USDT: binance markets not loaded
2025-01-14 18:57:08 - ERROR - Erro ao obter precisão para BTC/USDT: binance markets not loaded
2025-01-14 18:57:08 - ERROR - Erro ao obter precisão para ETH/USDT: binance markets not loaded
2025-01-14 18:57:08 - ERROR - Erro ao obter precisão para SOL/USDT: binance markets not loaded
2025-01-14 18:57:08 - ERROR - Erro ao obter precisão para XRP/USDT: binance markets not loaded
2025-01-14 18:57:08 - ERROR - Erro ao obter precisão para ADA/USDT: binance markets not loaded
2025-01-14 18:57:08 - ERROR - Erro ao obter precisão para BTC/USDT: binance markets not loaded
2025-01-14 18:57:08 - ERROR - Erro ao obter precisão para ETH/USDT: binance markets not loaded
2025-01-14 18:57:08 - ERROR - Erro ao obter precisão para SOL/USDT: binance markets not loaded
2025-01-14 18:57:08 - ERROR - Erro ao obter precisão para XRP/USDT: binance markets not loaded
2025-01-14 18:57:09 - ERROR - Erro ao obter precisão para ADA/USDT: binance markets not loaded
2025-01-14 18:57:09 - ERROR - Erro ao obter precisão para BTC/USDT: binance markets not loaded
2025-01-14 18:57:09 - ERROR - Erro ao obter precisão para ETH/USDT: binance markets not loaded
2025-01-14 18:57:09 - ERROR - Erro ao obter precisão para SOL/USDT: binance markets not loaded
2025-01-14 18:57:09 - ERROR - Erro ao obter precisão para XRP/USDT: binance markets not loaded
2025-01-14 18:57:09 - ERROR - Erro ao obter precisão para ADA/USDT: binance markets not loaded
2025-01-14 18:57:09 - ERROR - Erro ao obter precisão para BTC/USDT: binance markets not loaded
2025-01-14 18:57:09 - ERROR - Erro ao obter precisão para ETH/USDT: binance markets not loaded
2025-01-14 18:57:09 - ERROR - Erro ao obter precisão para SOL/USDT: binance markets not loaded
2025-01-14 18:57:09 - ERROR - Erro ao obter precisão para XRP/USDT: binance markets not loaded
2025-01-14 18:57:10 - ERROR - Erro ao obter precisão para ADA/USDT: binance markets not loaded
2025-01-14 18:57:10 - ERROR - Erro ao obter precisão para BTC/USDT: binance markets not loaded
2025-01-14 18:57:10 - ERROR - Erro ao obter precisão para ETH/USDT: binance markets not loaded
2025-01-14 18:57:10 - ERROR - Erro ao obter precisão para SOL/USDT: binance markets not loaded
2025-01-14 18:57:10 - ERROR - Erro ao obter precisão para XRP/USDT: binance markets not loaded
2025-01-14 18:57:10 - ERROR - Erro ao obter precisão para ADA/USDT: binance markets not loaded
2025-01-14 18:57:10 - ERROR - Erro ao obter precisão para BTC/USDT: binance markets not loaded
2025-01-14 18:57:10 - ERROR - Erro ao obter precisão para ETH/USDT: binance markets not loaded
2025-01-14 18:57:10 - ERROR - Erro ao obter precisão para SOL/USDT: binance markets not loaded
2025-01-14 18:57:10 - ERROR - Erro ao obter precisão para XRP/USDT: binance markets not loaded
2025-01-14 18:57:11 - ERROR - Erro ao obter precisão para ADA/USDT: binance markets not loaded
2025-01-14 18:57:11 - ERROR - Erro ao obter precisão para BTC/USDT: binance markets not loaded
2025-01-14 18:57:11 - ERROR - Erro ao obter precisão para ETH/USDT: binance markets not loaded
2025-01-14 18:57:11 - ERROR - Erro ao obter precisão para SOL/USDT: binance markets not loaded
2025-01-14 18:57:11 - ERROR - Erro ao obter precisão para XRP/USDT: binance markets not loaded
2025-01-14 18:57:11 - ERROR - Erro ao obter precisão para ADA/USDT: binance markets not loaded
2025-01-14 18:57:11 - ERROR - Erro ao obter precisão para BTC/USDT: binance markets not loaded
2025-01-14 18:57:11 - ERROR - Erro ao obter precisão para ETH/USDT: binance markets not loaded
2025-01-14 18:57:11 - ERROR - Erro ao obter precisão para SOL/USDT: binance markets not loaded
2025-01-14 18:57:11 - ERROR - Erro ao obter precisão para XRP/USDT: binance markets not loaded
2025-01-14 18:57:11 - ERROR - Erro ao obter precisão para ADA/USDT: binance markets not loaded
2025-01-14 18:57:11 - ERROR - Erro ao obter precisão para BTC/USDT: binance markets not loaded
2025-01-14 18:57:11 - ERROR - Erro ao obter precisão para ETH/USDT: binance markets not loaded
2025-01-14 18:57:11 - ERROR - Erro ao obter precisão para SOL/USDT: binance markets not loaded
2025-01-14 18:57:11 - ERROR - Erro ao obter precisão para XRP/USDT: binance markets not loaded
2025-01-14 18:57:12 - ERROR - Erro ao obter precisão para ADA/USDT: binance markets not loaded
2025-01-14 18:57:12 - ERROR - Erro ao obter precisão para BTC/USDT: binance markets not loaded
2025-01-14 18:57:12 - ERROR - Erro ao obter precisão para ETH/USDT: binance markets not loaded
2025-01-14 18:57:12 - ERROR - Erro ao obter precisão para SOL/USDT: binance markets not loaded
2025-01-14 18:57:12 - ERROR - Erro ao obter precisão para XRP/USDT: binance markets not loaded
2025-01-14 18:57:12 - ERROR - Erro ao obter precisão para ADA/USDT: binance markets not loaded
2025-01-14 18:57:12 - ERROR - Erro ao obter precisão para BTC/USDT: binance markets not loaded
2025-01-14 18:57:12 - ERROR - Erro ao obter precisão para ETH/USDT: binance markets not loaded
2025-01-14 18:57:12 - ERROR - Erro ao obter precisão para SOL/USDT: binance markets not loaded
2025-01-14 18:57:12 - ERROR - Erro ao obter precisão para XRP/USDT: binance markets not loaded
2025-01-14 18:57:13 - ERROR - Erro ao obter precisão para ADA/USDT: binance markets not loaded
2025-01-14 18:57:13 - ERROR - Erro ao obter precisão para BTC/USDT: binance markets not loaded
2025-01-14 18:57:13 - ERROR - Erro ao obter precisão para ETH/USDT: binance markets not loaded
2025-01-14 18:57:13 - ERROR - Erro ao obter precisão para SOL/USDT: binance markets not loaded
2025-01-14 18:57:13 - ERROR - Erro ao obter precisão para XRP/USDT: binance markets not loaded
2025-01-14 18:57:13 - ERROR - Erro ao obter precisão para ADA/USDT: binance markets not loaded
2025-01-14 18:57:13 - ERROR - Erro ao obter precisão para BTC/USDT: binance markets not loaded
2025-01-14 18:57:13 - ERROR - Erro ao obter precisão para ETH/USDT: binance markets not loaded
2025-01-14 18:57:13 - ERROR - Erro ao obter precisão para SOL/USDT: binance markets not loaded
2025-01-14 18:57:13 - ERROR - Erro ao obter precisão para XRP/USDT: binance markets not loaded
2025-01-14 18:57:14 - ERROR - Erro ao obter precisão para ADA/USDT: binance markets not loaded
2025-01-14 18:57:14 - ERROR - Erro ao obter precisão para BTC/USDT: binance markets not loaded
2025-01-14 18:57:14 - ERROR - Erro ao obter precisão para ETH/USDT: binance markets not loaded
2025-01-14 18:57:14 - ERROR - Erro ao obter precisão para SOL/USDT: binance markets not loaded
2025-01-14 18:57:14 - ERROR - Erro ao obter precisão para XRP/USDT: binance markets not loaded
2025-01-14 18:57:14 - ERROR - Erro ao obter precisão para ADA/USDT: binance markets not loaded
2025-01-14 18:57:14 - ERROR - Erro ao obter precisão para BTC/USDT: binance markets not loaded
2025-01-14 18:57:14 - ERROR - Erro ao obter precisão para ETH/USDT: binance markets not loaded
2025-01-14 18:57:14 - ERROR - Erro ao obter precisão para SOL/USDT: binance markets not loaded
2025-01-14 18:57:14 - ERROR - Erro ao obter precisão para XRP/USDT: binance markets not loaded
2025-01-14 18:57:14 - ERROR - Erro ao obter precisão para ADA/USDT: binance markets not loaded
2025-01-14 18:57:14 - ERROR - Erro ao obter precisão para BTC/USDT: binance markets not loaded
2025-01-14 18:57:14 - ERROR - Erro ao obter precisão para ETH/USDT: binance markets not loaded
2025-01-14 18:57:14 - ERROR - Erro ao obter precisão para SOL/USDT: binance markets not loaded
2025-01-14 18:57:14 - ERROR - Erro ao obter precisão para XRP/USDT: binance markets not loaded
2025-01-14 18:57:15 - ERROR - Erro ao obter precisão para ADA/USDT: binance markets not loaded
2025-01-14 18:57:15 - ERROR - Erro ao obter precisão para BTC/USDT: binance markets not loaded
2025-01-14 18:57:15 - ERROR - Erro ao obter precisão para ETH/USDT: binance markets not loaded
2025-01-14 18:57:15 - ERROR - Erro ao obter precisão para SOL/USDT: binance markets not loaded
2025-01-14 18:57:15 - ERROR - Erro ao obter precisão para XRP/USDT: binance markets not loaded
2025-01-14 18:57:15 - ERROR - Erro ao obter precisão para ADA/USDT: binance markets not loaded
2025-01-14 18:57:15 - ERROR - Erro ao obter precisão para BTC/USDT: binance markets not loaded
2025-01-14 18:57:15 - ERROR - Erro ao obter precisão para ETH/USDT: binance markets not loaded
2025-01-14 18:57:15 - ERROR - Erro ao obter precisão para SOL/USDT: binance markets not loaded
2025-01-14 18:57:15 - ERROR - Erro ao obter precisão para XRP/USDT: binance markets not loaded
2025-01-14 18:57:16 - ERROR - Erro ao obter precisão para ADA/USDT: binance markets not loaded
2025-01-14 18:57:16 - ERROR - Erro ao obter precisão para BTC/USDT: binance markets not loaded
2025-01-14 18:57:16 - ERROR - Erro ao obter precisão para ETH/USDT: binance markets not loaded
2025-01-14 18:57:16 - ERROR - Erro ao obter precisão para SOL/USDT: binance markets not loaded
2025-01-14 18:57:16 - ERROR - Erro ao obter precisão para XRP/USDT: binance markets not loaded
2025-01-14 18:57:16 - ERROR - Erro ao obter precisão para ADA/USDT: binance markets not loaded
2025-01-14 18:57:16 - ERROR - Erro ao obter precisão para BTC/USDT: binance markets not loaded
2025-01-14 18:57:16 - ERROR - Erro ao obter precisão para ETH/USDT: binance markets not loaded
2025-01-14 18:57:16 - ERROR - Erro ao obter precisão para SOL/USDT: binance markets not loaded
2025-01-14 18:57:16 - ERROR - Erro ao obter precisão para XRP/USDT: binance markets not loaded
2025-01-14 18:57:17 - ERROR - Erro ao obter precisão para ADA/USDT: binance markets not loaded
2025-01-14 18:57:17 - ERROR - Erro ao obter precisão para BTC/USDT: binance markets not loaded
2025-01-14 18:57:17 - ERROR - Erro ao obter precisão para ETH/USDT: binance markets not loaded
2025-01-14 18:57:17 - ERROR - Erro ao obter precisão para SOL/USDT: binance markets not loaded
2025-01-14 18:57:17 - ERROR - Erro ao obter precisão para XRP/USDT: binance markets not loaded
2025-01-14 18:57:17 - ERROR - Erro ao obter precisão para ADA/USDT: binance markets not loaded
2025-01-14 18:57:17 - ERROR - Erro ao obter precisão para BTC/USDT: binance markets not loaded
2025-01-14 18:57:17 - ERROR - Erro ao obter precisão para ETH/USDT: binance markets not loaded
2025-01-14 18:57:17 - ERROR - Erro ao obter precisão para SOL/USDT: binance markets not loaded
2025-01-14 18:57:17 - ERROR - Erro ao obter precisão para XRP/USDT: binance markets not loaded
2025-01-14 18:57:18 - ERROR - Erro ao obter precisão para ADA/USDT: binance markets not loaded
2025-01-14 18:57:18 - ERROR - Erro ao obter precisão para BTC/USDT: binance markets not loaded
2025-01-14 18:57:18 - ERROR - Erro ao obter precisão para ETH/USDT: binance markets not loaded
2025-01-14 18:57:18 - ERROR - Erro ao obter precisão para SOL/USDT: binance markets not loaded
2025-01-14 18:57:18 - ERROR - Erro ao obter precisão para XRP/USDT: binance markets not loaded
2025-01-14 18:57:18 - ERROR - Erro ao obter precisão para ADA/USDT: binance markets not loaded
2025-01-14 18:57:18 - ERROR - Erro ao obter precisão para BTC/USDT: binance markets not loaded
2025-01-14 18:57:18 - ERROR - Erro ao obter precisão para ETH/USDT: binance markets not loaded
2025-01-14 18:57:18 - ERROR - Erro ao obter precisão para SOL/USDT: binance markets not loaded
2025-01-14 18:57:18 - ERROR - Erro ao obter precisão para XRP/USDT: binance markets not loaded
2025-01-14 18:57:18 - ERROR - Erro ao obter precisão para ADA/USDT: binance markets not loaded
2025-01-14 18:57:18 - ERROR - Erro ao obter precisão para BTC/USDT: binance markets not loaded
2025-01-14 18:57:18 - ERROR - Erro ao obter precisão para ETH/USDT: binance markets not loaded
2025-01-14 18:57:18 - ERROR - Erro ao obter precisão para SOL/USDT: binance markets not loaded
2025-01-14 18:57:18 - ERROR - Erro ao obter precisão para XRP/USDT: binance markets not loaded
2025-01-14 18:57:19 - ERROR - Erro ao obter precisão para ADA/USDT: binance markets not loaded
2025-01-14 18:57:19 - ERROR - Erro ao obter precisão para BTC/USDT: binance markets not loaded
2025-01-14 18:57:19 - ERROR - Erro ao obter precisão para ETH/USDT: binance markets not loaded
2025-01-14 18:57:19 - ERROR - Erro ao obter precisão para SOL/USDT: binance markets not loaded
2025-01-14 18:57:19 - ERROR - Erro ao obter precisão para XRP/USDT: binance markets not loaded
2025-01-14 18:57:19 - ERROR - Erro ao obter precisão para ADA/USDT: binance markets not loaded
2025-01-14 18:57:19 - ERROR - Erro ao obter precisão para BTC/USDT: binance markets not loaded
2025-01-14 18:57:19 - ERROR - Erro ao obter precisão para ETH/USDT: binance markets not loaded
2025-01-14 18:57:19 - ERROR - Erro ao obter precisão para SOL/USDT: binance markets not loaded
2025-01-14 18:57:19 - ERROR - Erro ao obter precisão para XRP/USDT: binance markets not loaded
2025-01-14 18:57:20 - ERROR - Erro ao obter precisão para ADA/USDT: binance markets not loaded
2025-01-14 18:57:20 - ERROR - Erro ao obter precisão para BTC/USDT: binance markets not loaded
2025-01-14 18:57:20 - ERROR - Erro ao obter precisão para ETH/USDT: binance markets not loaded
2025-01-14 18:57:20 - ERROR - Erro ao obter precisão para SOL/USDT: binance markets not loaded
2025-01-14 18:57:20 - ERROR - Erro ao obter precisão para XRP/USDT: binance markets not loaded
2025-01-14 18:57:20 - ERROR - Erro ao obter precisão para ADA/USDT: binance markets not loaded
2025-01-14 18:57:20 - ERROR - Erro ao obter precisão para BTC/USDT: binance markets not loaded
2025-01-14 18:57:20 - ERROR - Erro ao obter precisão para ETH/USDT: binance markets not loaded
2025-01-14 18:57:20 - ERROR - Erro ao obter precisão para SOL/USDT: binance markets not loaded
2025-01-14 18:57:20 - ERROR - Erro ao obter precisão para XRP/USDT: binance markets not loaded
2025-01-14 18:57:21 - ERROR - Erro ao obter precisão para ADA/USDT: binance markets not loaded
2025-01-14 18:57:21 - ERROR - Erro ao obter precisão para BTC/USDT: binance markets not loaded
2025-01-14 18:57:21 - ERROR - Erro ao obter precisão para ETH/USDT: binance markets not loaded
2025-01-14 18:57:21 - ERROR - Erro ao obter precisão para SOL/USDT: binance markets not loaded
2025-01-14 18:57:21 - ERROR - Erro ao obter precisão para XRP/USDT: binance markets not loaded
2025-01-14 18:57:21 - ERROR - Erro ao obter precisão para ADA/USDT: binance markets not loaded
2025-01-14 18:57:21 - ERROR - Erro ao obter precisão para BTC/USDT: binance markets not loaded
2025-01-14 18:57:21 - ERROR - Erro ao obter precisão para ETH/USDT: binance markets not loaded
2025-01-14 18:57:21 - ERROR - Erro ao obter precisão para SOL/USDT: binance markets not loaded
2025-01-14 18:57:21 - ERROR - Erro ao obter precisão para XRP/USDT: binance markets not loaded
2025-01-14 18:57:21 - ERROR - Erro ao obter precisão para ADA/USDT: binance markets not loaded
2025-01-14 18:57:21 - ERROR - Erro ao obter precisão para BTC/USDT: binance markets not loaded
2025-01-14 18:57:21 - ERROR - Erro ao obter precisão para ETH/USDT: binance markets not loaded
2025-01-14 18:57:21 - ERROR - Erro ao obter precisão para SOL/USDT: binance markets not loaded
2025-01-14 18:57:21 - ERROR - Erro ao obter precisão para XRP/USDT: binance markets not loaded
2025-01-14 18:57:22 - ERROR - Erro ao obter precisão para ADA/USDT: binance markets not loaded
2025-01-14 18:57:22 - ERROR - Erro ao obter precisão para BTC/USDT: binance markets not loaded
2025-01-14 18:57:22 - ERROR - Erro ao obter precisão para ETH/USDT: binance markets not loaded
2025-01-14 18:57:22 - ERROR - Erro ao obter precisão para SOL/USDT: binance markets not loaded
2025-01-14 18:57:22 - ERROR - Erro ao obter precisão para XRP/USDT: binance markets not loaded
2025-01-14 18:57:22 - ERROR - Erro ao obter precisão para ADA/USDT: binance markets not loaded
2025-01-14 18:57:22 - ERROR - Erro ao obter precisão para BTC/USDT: binance markets not loaded
2025-01-14 18:57:22 - ERROR - Erro ao obter precisão para ETH/USDT: binance markets not loaded
2025-01-14 18:57:22 - ERROR - Erro ao obter precisão para SOL/USDT: binance markets not loaded
2025-01-14 18:57:22 - ERROR - Erro ao obter precisão para XRP/USDT: binance markets not loaded
2025-01-14 18:57:23 - ERROR - Erro ao obter precisão para ADA/USDT: binance markets not loaded
2025-01-14 18:57:23 - ERROR - Erro ao obter precisão para BTC/USDT: binance markets not loaded
2025-01-14 18:57:23 - ERROR - Erro ao obter precisão para ETH/USDT: binance markets not loaded
2025-01-14 18:57:23 - ERROR - Erro ao obter precisão para SOL/USDT: binance markets not loaded
2025-01-14 18:57:23 - ERROR - Erro ao obter precisão para XRP/USDT: binance markets not loaded
2025-01-14 18:57:23 - ERROR - Erro ao obter precisão para ADA/USDT: binance markets not loaded
2025-01-14 18:57:23 - ERROR - Erro ao obter precisão para BTC/USDT: binance markets not loaded
2025-01-14 18:57:23 - ERROR - Erro ao obter precisão para ETH/USDT: binance markets not loaded
2025-01-14 18:57:23 - ERROR - Erro ao obter precisão para SOL/USDT: binance markets not loaded
2025-01-14 18:57:23 - ERROR - Erro ao obter precisão para XRP/USDT: binance markets not loaded
2025-01-14 18:57:24 - ERROR - Erro ao obter precisão para ADA/USDT: binance markets not loaded
2025-01-14 18:57:24 - ERROR - Erro ao obter precisão para BTC/USDT: binance markets not loaded
2025-01-14 18:57:24 - ERROR - Erro ao obter precisão para ETH/USDT: binance markets not loaded
2025-01-14 18:57:24 - ERROR - Erro ao obter precisão para SOL/USDT: binance markets not loaded
2025-01-14 18:57:24 - ERROR - Erro ao obter precisão para XRP/USDT: binance markets not loaded
2025-01-14 18:57:24 - ERROR - Erro ao obter precisão para ADA/USDT: binance markets not loaded
2025-01-14 18:57:24 - ERROR - Erro ao obter precisão para BTC/USDT: binance markets not loaded
2025-01-14 18:57:24 - ERROR - Erro ao obter precisão para ETH/USDT: binance markets not loaded
2025-01-14 18:57:24 - ERROR - Erro ao obter precisão para SOL/USDT: binance markets not loaded
2025-01-14 18:57:24 - ERROR - Erro ao obter precisão para XRP/USDT: binance markets not loaded
2025-01-14 18:57:24 - ERROR - Erro ao obter precisão para ADA/USDT: binance markets not loaded
2025-01-14 18:57:24 - ERROR - Erro ao obter precisão para BTC/USDT: binance markets not loaded
2025-01-14 18:57:24 - ERROR - Erro ao obter precisão para ETH/USDT: binance markets not loaded
2025-01-14 18:57:24 - ERROR - Erro ao obter precisão para SOL/USDT: binance markets not loaded
2025-01-14 18:57:24 - ERROR - Erro ao obter precisão para XRP/USDT: binance markets not loaded
2025-01-14 18:57:25 - ERROR - Erro ao obter precisão para ADA/USDT: binance markets not loaded
2025-01-14 18:57:25 - ERROR - Erro ao obter precisão para BTC/USDT: binance markets not loaded
2025-01-14 18:57:25 - ERROR - Erro ao obter precisão para ETH/USDT: binance markets not loaded
2025-01-14 18:57:25 - ERROR - Erro ao obter precisão para SOL/USDT: binance markets not loaded
2025-01-14 18:57:25 - ERROR - Erro ao obter precisão para XRP/USDT: binance markets not loaded
2025-01-14 18:57:25 - ERROR - Erro ao obter precisão para ADA/USDT: binance markets not loaded
2025-01-14 18:57:25 - ERROR - Erro ao obter precisão para BTC/USDT: binance markets not loaded
2025-01-14 18:57:25 - ERROR - Erro ao obter precisão para ETH/USDT: binance markets not loaded
2025-01-14 18:57:25 - ERROR - Erro ao obter precisão para SOL/USDT: binance markets not loaded
2025-01-14 18:57:25 - ERROR - Erro ao obter precisão para XRP/USDT: binance markets not loaded
2025-01-14 18:57:26 - ERROR - Erro ao obter precisão para ADA/USDT: binance markets not loaded
2025-01-14 18:57:26 - ERROR - Erro ao obter precisão para BTC/USDT: binance markets not loaded
2025-01-14 18:57:26 - ERROR - Erro ao obter precisão para ETH/USDT: binance markets not loaded
2025-01-14 18:57:26 - ERROR - Erro ao obter precisão para SOL/USDT: binance markets not loaded
2025-01-14 18:57:26 - ERROR - Erro ao obter precisão para XRP/USDT: binance markets not loaded
2025-01-14 18:57:26 - ERROR - Erro ao obter precisão para ADA/USDT: binance markets not loaded
2025-01-14 18:57:26 - ERROR - Erro ao obter precisão para BTC/USDT: binance markets not loaded
2025-01-14 18:57:26 - ERROR - Erro ao obter precisão para ETH/USDT: binance markets not loaded
2025-01-14 18:57:26 - ERROR - Erro ao obter precisão para SOL/USDT: binance markets not loaded
2025-01-14 18:57:26 - ERROR - Erro ao obter precisão para XRP/USDT: binance markets not loaded
2025-01-14 18:57:27 - ERROR - Erro ao obter precisão para ADA/USDT: binance markets not loaded
2025-01-14 18:57:27 - ERROR - Erro ao obter precisão para BTC/USDT: binance markets not loaded
2025-01-14 18:57:27 - ERROR - Erro ao obter precisão para ETH/USDT: binance markets not loaded
2025-01-14 18:57:27 - ERROR - Erro ao obter precisão para SOL/USDT: binance markets not loaded
2025-01-14 18:57:27 - ERROR - Erro ao obter precisão para XRP/USDT: binance markets not loaded
2025-01-14 18:57:27 - ERROR - Erro ao obter precisão para ADA/USDT: binance markets not loaded
2025-01-14 18:57:27 - ERROR - Erro ao obter precisão para BTC/USDT: binance markets not loaded
2025-01-14 18:57:27 - ERROR - Erro ao obter precisão para ETH/USDT: binance markets not loaded
2025-01-14 18:57:27 - ERROR - Erro ao obter precisão para SOL/USDT: binance markets not loaded
2025-01-14 18:57:27 - ERROR - Erro ao obter precisão para XRP/USDT: binance markets not loaded
2025-01-14 18:57:27 - ERROR - Erro ao obter precisão para ADA/USDT: binance markets not loaded
2025-01-14 18:57:27 - ERROR - Erro ao obter precisão para BTC/USDT: binance markets not loaded
2025-01-14 18:57:27 - ERROR - Erro ao obter precisão para ETH/USDT: binance markets not loaded
2025-01-14 18:57:27 - ERROR - Erro ao obter precisão para SOL/USDT: binance markets not loaded
2025-01-14 18:57:27 - ERROR - Erro ao obter precisão para XRP/USDT: binance markets not loaded
2025-01-14 18:57:28 - ERROR - Erro ao obter precisão para ADA/USDT: binance markets not loaded
2025-01-14 18:57:28 - ERROR - Erro ao obter precisão para BTC/USDT: binance markets not loaded
2025-01-14 18:57:28 - ERROR - Erro ao obter precisão para ETH/USDT: binance markets not loaded
2025-01-14 18:57:28 - ERROR - Erro ao obter precisão para SOL/USDT: binance markets not loaded
2025-01-14 18:57:28 - ERROR - Erro ao obter precisão para XRP/USDT: binance markets not loaded
2025-01-14 18:57:28 - ERROR - Erro ao obter precisão para ADA/USDT: binance markets not loaded
2025-01-14 18:57:28 - ERROR - Erro ao obter precisão para BTC/USDT: binance markets not loaded
2025-01-14 18:57:28 - ERROR - Erro ao obter precisão para ETH/USDT: binance markets not loaded
2025-01-14 18:57:28 - ERROR - Erro ao obter precisão para SOL/USDT: binance markets not loaded
2025-01-14 18:57:28 - ERROR - Erro ao obter precisão para XRP/USDT: binance markets not loaded
2025-01-14 18:57:29 - ERROR - Erro ao obter precisão para ADA/USDT: binance markets not loaded
2025-01-14 18:57:29 - ERROR - Erro ao obter precisão para BTC/USDT: binance markets not loaded
2025-01-14 18:57:29 - ERROR - Erro ao obter precisão para ETH/USDT: binance markets not loaded
2025-01-14 18:57:29 - ERROR - Erro ao obter precisão para SOL/USDT: binance markets not loaded
2025-01-14 18:57:29 - ERROR - Erro ao obter precisão para XRP/USDT: binance markets not loaded
2025-01-14 18:57:29 - ERROR - Erro ao obter precisão para ADA/USDT: binance markets not loaded
2025-01-14 18:57:29 - ERROR - Erro ao obter precisão para BTC/USDT: binance markets not loaded
2025-01-14 18:57:29 - ERROR - Erro ao obter precisão para ETH/USDT: binance markets not loaded
2025-01-14 18:57:29 - ERROR - Erro ao obter precisão para SOL/USDT: binance markets not loaded
2025-01-14 18:57:29 - ERROR - Erro ao obter precisão para XRP/USDT: binance markets not loaded
2025-01-14 18:57:30 - ERROR - Erro ao obter precisão para ADA/USDT: binance markets not loaded
2025-01-14 18:57:30 - ERROR - Erro ao obter precisão para BTC/USDT: binance markets not loaded
2025-01-14 18:57:30 - ERROR - Erro ao obter precisão para ETH/USDT: binance markets not loaded
2025-01-14 18:57:30 - ERROR - Erro ao obter precisão para SOL/USDT: binance markets not loaded
2025-01-14 18:57:30 - ERROR - Erro ao obter precisão para XRP/USDT: binance markets not loaded
2025-01-14 18:57:30 - ERROR - Erro ao obter precisão para ADA/USDT: binance markets not loaded
2025-01-14 18:57:30 - ERROR - Erro ao obter precisão para BTC/USDT: binance markets not loaded
2025-01-14 18:57:30 - ERROR - Erro ao obter precisão para ETH/USDT: binance markets not loaded
2025-01-14 18:57:30 - ERROR - Erro ao obter precisão para SOL/USDT: binance markets not loaded
2025-01-14 18:57:30 - ERROR - Erro ao obter precisão para XRP/USDT: binance markets not loaded
2025-01-14 18:57:30 - ERROR - Erro ao obter precisão para ADA/USDT: binance markets not loaded
2025-01-14 18:57:30 - ERROR - Erro ao obter precisão para BTC/USDT: binance markets not loaded
2025-01-14 18:57:30 - ERROR - Erro ao obter precisão para ETH/USDT: binance markets not loaded
2025-01-14 18:57:30 - ERROR - Erro ao obter precisão para SOL/USDT: binance markets not loaded
2025-01-14 18:57:30 - ERROR - Erro ao obter precisão para XRP/USDT: binance markets not loaded
2025-01-14 18:57:31 - ERROR - Erro ao obter precisão para ADA/USDT: binance markets not loaded
2025-01-14 18:57:31 - ERROR - Erro ao obter precisão para BTC/USDT: binance markets not loaded
2025-01-14 18:57:31 - ERROR - Erro ao obter precisão para ETH/USDT: binance markets not loaded
2025-01-14 18:57:31 - ERROR - Erro ao obter precisão para SOL/USDT: binance markets not loaded
2025-01-14 18:57:31 - ERROR - Erro ao obter precisão para XRP/USDT: binance markets not loaded
2025-01-14 18:57:31 - ERROR - Erro ao obter precisão para ADA/USDT: binance markets not loaded
2025-01-14 18:57:31 - ERROR - Erro ao obter precisão para BTC/USDT: binance markets not loaded
2025-01-14 18:57:31 - ERROR - Erro ao obter precisão para ETH/USDT: binance markets not loaded
2025-01-14 18:57:31 - ERROR - Erro ao obter precisão para SOL/USDT: binance markets not loaded
2025-01-14 18:57:31 - ERROR - Erro ao obter precisão para XRP/USDT: binance markets not loaded
2025-01-14 18:57:32 - ERROR - Erro ao obter precisão para ADA/USDT: binance markets not loaded
2025-01-14 18:57:32 - ERROR - Erro ao obter precisão para BTC/USDT: binance markets not loaded
2025-01-14 18:57:32 - ERROR - Erro ao obter precisão para ETH/USDT: binance markets not loaded
2025-01-14 18:57:32 - ERROR - Erro ao obter precisão para SOL/USDT: binance markets not loaded
2025-01-14 18:57:32 - ERROR - Erro ao obter precisão para XRP/USDT: binance markets not loaded
2025-01-14 18:57:32 - ERROR - Erro ao obter precisão para ADA/USDT: binance markets not loaded
2025-01-14 18:57:32 - ERROR - Erro ao obter precisão para BTC/USDT: binance markets not loaded
2025-01-14 18:57:32 - ERROR - Erro ao obter precisão para ETH/USDT: binance markets not loaded
2025-01-14 18:57:32 - ERROR - Erro ao obter precisão para SOL/USDT: binance markets not loaded
2025-01-14 18:57:32 - ERROR - Erro ao obter precisão para XRP/USDT: binance markets not loaded
2025-01-14 18:57:33 - ERROR - Erro ao obter precisão para ADA/USDT: binance markets not loaded
2025-01-14 18:57:33 - ERROR - Erro ao obter precisão para BTC/USDT: binance markets not loaded
2025-01-14 18:57:33 - ERROR - Erro ao obter precisão para ETH/USDT: binance markets not loaded
2025-01-14 18:57:33 - ERROR - Erro ao obter precisão para SOL/USDT: binance markets not loaded
2025-01-14 18:57:33 - ERROR - Erro ao obter precisão para XRP/USDT: binance markets not loaded
2025-01-14 18:57:33 - ERROR - Erro ao obter precisão para ADA/USDT: binance markets not loaded
2025-01-14 18:57:33 - ERROR - Erro ao obter precisão para BTC/USDT: binance markets not loaded
2025-01-14 18:57:33 - ERROR - Erro ao obter precisão para ETH/USDT: binance markets not loaded
2025-01-14 18:57:33 - ERROR - Erro ao obter precisão para SOL/USDT: binance markets not loaded
2025-01-14 18:57:33 - ERROR - Erro ao obter precisão para XRP/USDT: binance markets not loaded
2025-01-14 18:57:34 - ERROR - Erro ao obter precisão para ADA/USDT: binance markets not loaded
2025-01-14 18:57:34 - ERROR - Erro ao obter precisão para BTC/USDT: binance markets not loaded
2025-01-14 18:57:34 - ERROR - Erro ao obter precisão para ETH/USDT: binance markets not loaded
2025-01-14 18:57:34 - ERROR - Erro ao obter precisão para SOL/USDT: binance markets not loaded
2025-01-14 18:57:34 - ERROR - Erro ao obter precisão para XRP/USDT: binance markets not loaded
2025-01-14 18:57:34 - ERROR - Erro ao obter precisão para ADA/USDT: binance markets not loaded
2025-01-14 18:57:34 - ERROR - Erro ao obter precisão para BTC/USDT: binance markets not loaded
2025-01-14 18:57:34 - ERROR - Erro ao obter precisão para ETH/USDT: binance markets not loaded
2025-01-14 18:57:34 - ERROR - Erro ao obter precisão para SOL/USDT: binance markets not loaded
2025-01-14 18:57:34 - ERROR - Erro ao obter precisão para XRP/USDT: binance markets not loaded
2025-01-14 18:57:34 - ERROR - Erro ao obter precisão para ADA/USDT: binance markets not loaded
2025-01-14 18:57:34 - ERROR - Erro ao obter precisão para BTC/USDT: binance markets not loaded
2025-01-14 18:57:34 - ERROR - Erro ao obter precisão para ETH/USDT: binance markets not loaded
2025-01-14 18:57:34 - ERROR - Erro ao obter precisão para SOL/USDT: binance markets not loaded
2025-01-14 18:57:34 - ERROR - Erro ao obter precisão para XRP/USDT: binance markets not loaded
2025-01-14 18:57:35 - ERROR - Erro ao obter precisão para ADA/USDT: binance markets not loaded
2025-01-14 18:57:35 - ERROR - Erro ao obter precisão para BTC/USDT: binance markets not loaded
2025-01-14 18:57:35 - ERROR - Erro ao obter precisão para ETH/USDT: binance markets not loaded
2025-01-14 18:57:35 - ERROR - Erro ao obter precisão para SOL/USDT: binance markets not loaded
2025-01-14 18:57:35 - ERROR - Erro ao obter precisão para XRP/USDT: binance markets not loaded
2025-01-14 18:57:35 - ERROR - Erro ao obter precisão para ADA/USDT: binance markets not loaded
2025-01-14 18:57:35 - ERROR - Erro ao obter precisão para BTC/USDT: binance markets not loaded
2025-01-14 18:57:35 - ERROR - Erro ao obter precisão para ETH/USDT: binance markets not loaded
2025-01-14 18:57:35 - ERROR - Erro ao obter precisão para SOL/USDT: binance markets not loaded
2025-01-14 18:57:35 - ERROR - Erro ao obter precisão para XRP/USDT: binance markets not loaded
2025-01-14 18:57:36 - ERROR - Erro ao obter precisão para ADA/USDT: binance markets not loaded
2025-01-14 18:57:36 - ERROR - Erro ao obter precisão para BTC/USDT: binance markets not loaded
2025-01-14 18:57:36 - ERROR - Erro ao obter precisão para ETH/USDT: binance markets not loaded
2025-01-14 18:57:36 - ERROR - Erro ao obter precisão para SOL/USDT: binance markets not loaded
2025-01-14 18:57:36 - ERROR - Erro ao obter precisão para XRP/USDT: binance markets not loaded
2025-01-14 18:57:36 - ERROR - Erro ao obter precisão para ADA/USDT: binance markets not loaded
2025-01-14 18:57:36 - ERROR - Erro ao obter precisão para BTC/USDT: binance markets not loaded
2025-01-14 18:57:36 - ERROR - Erro ao obter precisão para ETH/USDT: binance markets not loaded
2025-01-14 18:57:36 - ERROR - Erro ao obter precisão para SOL/USDT: binance markets not loaded
2025-01-14 18:57:36 - ERROR - Erro ao obter precisão para XRP/USDT: binance markets not loaded
2025-01-14 18:57:37 - ERROR - Erro ao obter precisão para ADA/USDT: binance markets not loaded
2025-01-14 18:57:37 - ERROR - Erro ao obter precisão para BTC/USDT: binance markets not loaded
2025-01-14 18:57:37 - ERROR - Erro ao obter precisão para ETH/USDT: binance markets not loaded
2025-01-14 18:57:37 - ERROR - Erro ao obter precisão para SOL/USDT: binance markets not loaded
2025-01-14 18:57:37 - ERROR - Erro ao obter precisão para XRP/USDT: binance markets not loaded
2025-01-14 18:57:37 - ERROR - Erro ao obter precisão para ADA/USDT: binance markets not loaded
2025-01-14 18:57:37 - ERROR - Erro ao obter precisão para BTC/USDT: binance markets not loaded
2025-01-14 18:57:37 - ERROR - Erro ao obter precisão para ETH/USDT: binance markets not loaded
2025-01-14 18:57:37 - ERROR - Erro ao obter precisão para SOL/USDT: binance markets not loaded
2025-01-14 18:57:37 - ERROR - Erro ao obter precisão para XRP/USDT: binance markets not loaded
2025-01-14 18:57:37 - ERROR - Erro ao obter precisão para ADA/USDT: binance markets not loaded
2025-01-14 18:57:37 - ERROR - Erro ao obter precisão para BTC/USDT: binance markets not loaded
2025-01-14 18:57:37 - ERROR - Erro ao obter precisão para ETH/USDT: binance markets not loaded
2025-01-14 18:57:37 - ERROR - Erro ao obter precisão para SOL/USDT: binance markets not loaded
2025-01-14 18:57:37 - ERROR - Erro ao obter precisão para XRP/USDT: binance markets not loaded
2025-01-14 18:57:38 - ERROR - Erro ao obter precisão para ADA/USDT: binance markets not loaded
2025-01-14 18:57:38 - ERROR - Erro ao obter precisão para BTC/USDT: binance markets not loaded
2025-01-14 18:57:38 - ERROR - Erro ao obter precisão para ETH/USDT: binance markets not loaded
2025-01-14 18:57:38 - ERROR - Erro ao obter precisão para SOL/USDT: binance markets not loaded
2025-01-14 18:57:38 - ERROR - Erro ao obter precisão para XRP/USDT: binance markets not loaded
2025-01-14 18:57:38 - ERROR - Erro ao obter precisão para ADA/USDT: binance markets not loaded
2025-01-14 18:57:38 - ERROR - Erro ao obter precisão para BTC/USDT: binance markets not loaded
2025-01-14 18:57:38 - ERROR - Erro ao obter precisão para ETH/USDT: binance markets not loaded
2025-01-14 18:57:38 - ERROR - Erro ao obter precisão para SOL/USDT: binance markets not loaded
2025-01-14 18:57:38 - ERROR - Erro ao obter precisão para XRP/USDT: binance markets not loaded
2025-01-14 18:57:39 - ERROR - Erro ao obter precisão para ADA/USDT: binance markets not loaded
2025-01-14 18:57:39 - ERROR - Erro ao obter precisão para BTC/USDT: binance markets not loaded
2025-01-14 18:57:39 - ERROR - Erro ao obter precisão para ETH/USDT: binance markets not loaded
2025-01-14 18:57:39 - ERROR - Erro ao obter precisão para SOL/USDT: binance markets not loaded
2025-01-14 18:57:39 - ERROR - Erro ao obter precisão para XRP/USDT: binance markets not loaded
2025-01-14 18:57:39 - ERROR - Erro ao obter precisão para ADA/USDT: binance markets not loaded
2025-01-14 18:57:39 - ERROR - Erro ao obter precisão para BTC/USDT: binance markets not loaded
2025-01-14 18:57:39 - ERROR - Erro ao obter precisão para ETH/USDT: binance markets not loaded
2025-01-14 18:57:39 - ERROR - Erro ao obter precisão para SOL/USDT: binance markets not loaded
2025-01-14 18:57:39 - ERROR - Erro ao obter precisão para XRP/USDT: binance markets not loaded
2025-01-14 18:57:40 - ERROR - Erro ao obter precisão para ADA/USDT: binance markets not loaded
2025-01-14 18:57:40 - ERROR - Erro ao obter precisão para BTC/USDT: binance markets not loaded
2025-01-14 18:57:40 - ERROR - Erro ao obter precisão para ETH/USDT: binance markets not loaded
2025-01-14 18:57:40 - ERROR - Erro ao obter precisão para SOL/USDT: binance markets not loaded
2025-01-14 18:57:40 - ERROR - Erro ao obter precisão para XRP/USDT: binance markets not loaded
2025-01-14 18:57:40 - ERROR - Erro ao obter precisão para ADA/USDT: binance markets not loaded
2025-01-14 18:57:40 - ERROR - Erro ao obter precisão para BTC/USDT: binance markets not loaded
2025-01-14 18:57:40 - ERROR - Erro ao obter precisão para ETH/USDT: binance markets not loaded
2025-01-14 18:57:40 - ERROR - Erro ao obter precisão para SOL/USDT: binance markets not loaded
2025-01-14 18:57:40 - ERROR - Erro ao obter precisão para XRP/USDT: binance markets not loaded
2025-01-14 18:57:40 - ERROR - Erro ao obter precisão para ADA/USDT: binance markets not loaded
2025-01-14 18:57:40 - ERROR - Erro ao obter precisão para BTC/USDT: binance markets not loaded
2025-01-14 18:57:40 - ERROR - Erro ao obter precisão para ETH/USDT: binance markets not loaded
2025-01-14 18:57:40 - ERROR - Erro ao obter precisão para SOL/USDT: binance markets not loaded
2025-01-14 18:57:40 - ERROR - Erro ao obter precisão para XRP/USDT: binance markets not loaded
2025-01-14 18:57:41 - ERROR - Erro ao obter precisão para ADA/USDT: binance markets not loaded
2025-01-14 18:57:41 - ERROR - Erro ao obter precisão para BTC/USDT: binance markets not loaded
2025-01-14 18:57:41 - ERROR - Erro ao obter precisão para ETH/USDT: binance markets not loaded
2025-01-14 18:57:41 - ERROR - Erro ao obter precisão para SOL/USDT: binance markets not loaded
2025-01-14 18:57:41 - ERROR - Erro ao obter precisão para XRP/USDT: binance markets not loaded
2025-01-14 18:57:41 - ERROR - Erro ao obter precisão para ADA/USDT: binance markets not loaded
2025-01-14 18:57:41 - ERROR - Erro ao obter precisão para BTC/USDT: binance markets not loaded
2025-01-14 18:57:41 - ERROR - Erro ao obter precisão para ETH/USDT: binance markets not loaded
2025-01-14 18:57:41 - ERROR - Erro ao obter precisão para SOL/USDT: binance markets not loaded
2025-01-14 18:57:41 - ERROR - Erro ao obter precisão para XRP/USDT: binance markets not loaded
2025-01-14 18:57:42 - ERROR - Erro ao obter precisão para ADA/USDT: binance markets not loaded
2025-01-14 18:57:42 - ERROR - Erro ao obter precisão para BTC/USDT: binance markets not loaded
2025-01-14 18:57:42 - ERROR - Erro ao obter precisão para ETH/USDT: binance markets not loaded
2025-01-14 18:57:42 - ERROR - Erro ao obter precisão para SOL/USDT: binance markets not loaded
2025-01-14 18:57:42 - ERROR - Erro ao obter precisão para XRP/USDT: binance markets not loaded
2025-01-14 18:57:42 - ERROR - Erro ao obter precisão para ADA/USDT: binance markets not loaded
2025-01-14 18:57:42 - ERROR - Erro ao obter precisão para BTC/USDT: binance markets not loaded
2025-01-14 18:57:42 - ERROR - Erro ao obter precisão para ETH/USDT: binance markets not loaded
2025-01-14 18:57:42 - ERROR - Erro ao obter precisão para SOL/USDT: binance markets not loaded
2025-01-14 18:57:42 - ERROR - Erro ao obter precisão para XRP/USDT: binance markets not loaded
2025-01-14 18:57:43 - ERROR - Erro ao obter precisão para ADA/USDT: binance markets not loaded
2025-01-14 18:57:43 - ERROR - Erro ao obter precisão para BTC/USDT: binance markets not loaded
2025-01-14 18:57:43 - ERROR - Erro ao obter precisão para ETH/USDT: binance markets not loaded
2025-01-14 18:57:43 - ERROR - Erro ao obter precisão para SOL/USDT: binance markets not loaded
2025-01-14 18:57:43 - ERROR - Erro ao obter precisão para XRP/USDT: binance markets not loaded
2025-01-14 18:57:43 - ERROR - Erro ao obter precisão para ADA/USDT: binance markets not loaded
2025-01-14 18:57:43 - ERROR - Erro ao obter precisão para BTC/USDT: binance markets not loaded
2025-01-14 18:57:43 - ERROR - Erro ao obter precisão para ETH/USDT: binance markets not loaded
2025-01-14 18:57:43 - ERROR - Erro ao obter precisão para SOL/USDT: binance markets not loaded
2025-01-14 18:57:43 - ERROR - Erro ao obter precisão para XRP/USDT: binance markets not loaded
2025-01-14 18:57:43 - ERROR - Erro ao obter precisão para ADA/USDT: binance markets not loaded
2025-01-14 18:57:43 - ERROR - Erro ao obter precisão para BTC/USDT: binance markets not loaded
2025-01-14 18:57:43 - ERROR - Erro ao obter precisão para ETH/USDT: binance markets not loaded
2025-01-14 18:57:43 - ERROR - Erro ao obter precisão para SOL/USDT: binance markets not loaded
2025-01-14 18:57:43 - ERROR - Erro ao obter precisão para XRP/USDT: binance markets not loaded
2025-01-14 18:57:44 - ERROR - Erro ao obter precisão para ADA/USDT: binance markets not loaded
2025-01-14 18:57:44 - ERROR - Erro ao obter precisão para BTC/USDT: binance markets not loaded
2025-01-14 18:57:44 - ERROR - Erro ao obter precisão para ETH/USDT: binance markets not loaded
2025-01-14 18:57:44 - ERROR - Erro ao obter precisão para SOL/USDT: binance markets not loaded
2025-01-14 18:57:44 - ERROR - Erro ao obter precisão para XRP/USDT: binance markets not loaded
2025-01-14 18:57:44 - ERROR - Erro ao obter precisão para ADA/USDT: binance markets not loaded
2025-01-14 18:57:44 - ERROR - Erro ao obter precisão para BTC/USDT: binance markets not loaded
2025-01-14 18:57:44 - ERROR - Erro ao obter precisão para ETH/USDT: binance markets not loaded
2025-01-14 18:57:44 - ERROR - Erro ao obter precisão para SOL/USDT: binance markets not loaded
2025-01-14 18:57:44 - ERROR - Erro ao obter precisão para XRP/USDT: binance markets not loaded
2025-01-14 18:57:45 - ERROR - Erro ao obter precisão para ADA/USDT: binance markets not loaded
2025-01-14 18:57:45 - ERROR - Erro ao obter precisão para BTC/USDT: binance markets not loaded
2025-01-14 18:57:45 - ERROR - Erro ao obter precisão para ETH/USDT: binance markets not loaded
2025-01-14 18:57:45 - ERROR - Erro ao obter precisão para SOL/USDT: binance markets not loaded
2025-01-14 18:57:45 - ERROR - Erro ao obter precisão para XRP/USDT: binance markets not loaded
2025-01-14 18:57:45 - ERROR - Erro ao obter precisão para ADA/USDT: binance markets not loaded
2025-01-14 18:57:45 - ERROR - Erro ao obter precisão para BTC/USDT: binance markets not loaded
2025-01-14 18:57:45 - ERROR - Erro ao obter precisão para ETH/USDT: binance markets not loaded
2025-01-14 18:57:45 - ERROR - Erro ao obter precisão para SOL/USDT: binance markets not loaded
2025-01-14 18:57:45 - ERROR - Erro ao obter precisão para XRP/USDT: binance markets not loaded
2025-01-14 18:57:46 - ERROR - Erro ao obter precisão para ADA/USDT: binance markets not loaded
2025-01-14 18:57:46 - ERROR - Erro ao obter precisão para BTC/USDT: binance markets not loaded
2025-01-14 18:57:46 - ERROR - Erro ao obter precisão para ETH/USDT: binance markets not loaded
2025-01-14 18:57:46 - ERROR - Erro ao obter precisão para SOL/USDT: binance markets not loaded
2025-01-14 18:57:46 - ERROR - Erro ao obter precisão para XRP/USDT: binance markets not loaded
2025-01-14 18:57:46 - ERROR - Erro ao obter precisão para ADA/USDT: binance markets not loaded
2025-01-14 18:57:46 - ERROR - Erro ao obter precisão para BTC/USDT: binance markets not loaded
2025-01-14 18:57:46 - ERROR - Erro ao obter precisão para ETH/USDT: binance markets not loaded
2025-01-14 18:57:46 - ERROR - Erro ao obter precisão para SOL/USDT: binance markets not loaded
2025-01-14 18:57:46 - ERROR - Erro ao obter precisão para XRP/USDT: binance markets not loaded
2025-01-14 18:57:46 - ERROR - Erro ao obter precisão para ADA/USDT: binance markets not loaded
2025-01-14 18:57:46 - ERROR - Erro ao obter precisão para BTC/USDT: binance markets not loaded
2025-01-14 18:57:46 - ERROR - Erro ao obter precisão para ETH/USDT: binance markets not loaded
2025-01-14 18:57:46 - ERROR - Erro ao obter precisão para SOL/USDT: binance markets not loaded
2025-01-14 18:57:46 - ERROR - Erro ao obter precisão para XRP/USDT: binance markets not loaded
2025-01-14 18:57:47 - ERROR - Erro ao obter precisão para ADA/USDT: binance markets not loaded
2025-01-14 18:57:47 - ERROR - Erro ao obter precisão para BTC/USDT: binance markets not loaded
2025-01-14 18:57:47 - ERROR - Erro ao obter precisão para ETH/USDT: binance markets not loaded
2025-01-14 18:57:47 - ERROR - Erro ao obter precisão para SOL/USDT: binance markets not loaded
2025-01-14 18:57:47 - ERROR - Erro ao obter precisão para XRP/USDT: binance markets not loaded
2025-01-14 18:57:47 - ERROR - Erro ao obter precisão para ADA/USDT: binance markets not loaded
2025-01-14 18:57:47 - ERROR - Erro ao obter precisão para BTC/USDT: binance markets not loaded
2025-01-14 18:57:47 - ERROR - Erro ao obter precisão para ETH/USDT: binance markets not loaded
2025-01-14 18:57:47 - ERROR - Erro ao obter precisão para SOL/USDT: binance markets not loaded
2025-01-14 18:57:47 - ERROR - Erro ao obter precisão para XRP/USDT: binance markets not loaded
2025-01-14 18:57:48 - ERROR - Erro ao obter precisão para ADA/USDT: binance markets not loaded
2025-01-14 18:57:48 - ERROR - Erro ao obter precisão para BTC/USDT: binance markets not loaded
2025-01-14 18:57:48 - ERROR - Erro ao obter precisão para ETH/USDT: binance markets not loaded
2025-01-14 18:57:48 - ERROR - Erro ao obter precisão para SOL/USDT: binance markets not loaded
2025-01-14 18:57:48 - ERROR - Erro ao obter precisão para XRP/USDT: binance markets not loaded
2025-01-14 18:57:48 - ERROR - Erro ao obter precisão para ADA/USDT: binance markets not loaded
2025-01-14 18:57:48 - ERROR - Erro ao obter precisão para BTC/USDT: binance markets not loaded
2025-01-14 18:57:48 - ERROR - Erro ao obter precisão para ETH/USDT: binance markets not loaded
2025-01-14 18:57:48 - ERROR - Erro ao obter precisão para SOL/USDT: binance markets not loaded
2025-01-14 18:57:48 - ERROR - Erro ao obter precisão para XRP/USDT: binance markets not loaded
2025-01-14 18:57:49 - ERROR - Erro ao obter precisão para ADA/USDT: binance markets not loaded
2025-01-14 18:57:49 - ERROR - Erro ao obter precisão para BTC/USDT: binance markets not loaded
2025-01-14 18:57:49 - ERROR - Erro ao obter precisão para ETH/USDT: binance markets not loaded
2025-01-14 18:57:49 - ERROR - Erro ao obter precisão para SOL/USDT: binance markets not loaded
2025-01-14 18:57:49 - ERROR - Erro ao obter precisão para XRP/USDT: binance markets not loaded
2025-01-14 18:57:49 - ERROR - Erro ao obter precisão para ADA/USDT: binance markets not loaded
2025-01-14 18:57:49 - ERROR - Erro ao obter precisão para BTC/USDT: binance markets not loaded
2025-01-14 18:57:49 - ERROR - Erro ao obter precisão para ETH/USDT: binance markets not loaded
2025-01-14 18:57:49 - ERROR - Erro ao obter precisão para SOL/USDT: binance markets not loaded
2025-01-14 18:57:49 - ERROR - Erro ao obter precisão para XRP/USDT: binance markets not loaded
2025-01-14 18:57:50 - ERROR - Erro ao obter precisão para ADA/USDT: binance markets not loaded
2025-01-14 18:57:50 - ERROR - Erro ao obter precisão para BTC/USDT: binance markets not loaded
2025-01-14 18:57:50 - ERROR - Erro ao obter precisão para ETH/USDT: binance markets not loaded
2025-01-14 18:57:50 - ERROR - Erro ao obter precisão para SOL/USDT: binance markets not loaded
2025-01-14 18:57:50 - ERROR - Erro ao obter precisão para XRP/USDT: binance markets not loaded
2025-01-14 18:57:50 - ERROR - Erro ao obter precisão para ADA/USDT: binance markets not loaded
2025-01-14 18:57:50 - ERROR - Erro ao obter precisão para BTC/USDT: binance markets not loaded
2025-01-14 18:57:50 - ERROR - Erro ao obter precisão para ETH/USDT: binance markets not loaded
2025-01-14 18:57:50 - ERROR - Erro ao obter precisão para SOL/USDT: binance markets not loaded
2025-01-14 18:57:50 - ERROR - Erro ao obter precisão para XRP/USDT: binance markets not loaded
2025-01-14 18:57:50 - ERROR - Erro ao obter precisão para ADA/USDT: binance markets not loaded
2025-01-14 18:57:50 - ERROR - Erro ao obter precisão para BTC/USDT: binance markets not loaded
2025-01-14 18:57:50 - ERROR - Erro ao obter precisão para ETH/USDT: binance markets not loaded
2025-01-14 18:57:50 - ERROR - Erro ao obter precisão para SOL/USDT: binance markets not loaded
2025-01-14 18:57:50 - ERROR - Erro ao obter precisão para XRP/USDT: binance markets not loaded
2025-01-14 18:57:51 - ERROR - Erro ao obter precisão para ADA/USDT: binance markets not loaded
2025-01-14 18:57:51 - ERROR - Erro ao obter precisão para BTC/USDT: binance markets not loaded
2025-01-14 18:57:51 - ERROR - Erro ao obter precisão para ETH/USDT: binance markets not loaded
2025-01-14 18:57:51 - ERROR - Erro ao obter precisão para SOL/USDT: binance markets not loaded
2025-01-14 18:57:51 - ERROR - Erro ao obter precisão para XRP/USDT: binance markets not loaded
2025-01-14 18:57:51 - ERROR - Erro ao obter precisão para ADA/USDT: binance markets not loaded
2025-01-14 18:57:51 - ERROR - Erro ao obter precisão para BTC/USDT: binance markets not loaded
2025-01-14 18:57:51 - ERROR - Erro ao obter precisão para ETH/USDT: binance markets not loaded
2025-01-14 18:57:51 - ERROR - Erro ao obter precisão para SOL/USDT: binance markets not loaded
2025-01-14 18:57:51 - ERROR - Erro ao obter precisão para XRP/USDT: binance markets not loaded
2025-01-14 18:58:13 - ERROR - Erro no loop principal: binance amount of SOL/USDT:USDT must be greater than minimum amount precision of 0
2025-01-16 14:16:31 - ERROR - Erro ao obter posi��o de HASH11: cannot access local variable 'positions' where it is not associated with a value
2025-01-16 14:16:31 - ERROR - Posi��o inicial de HASH11 n�o encontrada.
2025-01-16 14:16:46 - ERROR - Erro ao obter posi��o de HASH11: cannot access local variable 'positions' where it is not associated with a value
2025-01-16 14:16:46 - ERROR - Posi��o inicial de HASH11 n�o encontrada.
2025-01-16 14:17:39 - ERROR - Erro ao obter posi��o de HASH11: cannot access local variable 'positions' where it is not associated with a value
2025-01-16 14:17:39 - ERROR - Posi��o inicial de HASH11 n�o encontrada.
2025-01-16 14:22:18 - ERROR - Erro ao obter posi��o de HASH11: cannot access local variable 'positions_data' where it is not associated with a value
2025-01-16 14:22:18 - ERROR - Posi��o inicial de HASH11 n�o encontrada.
2025-01-16 19:21:32 - ERROR - Posi��o inicial de QBTC11 n�o encontrada.
2025-01-17 13:19:51 - ERROR - Erro no loop principal: binance {"code":-1102,"msg":"Mandatory parameter 'quantity' was not sent, was empty/null, or malformed."}
2025-01-17 14:45:15 - ERROR - Erro no loop principal: 'NoneType' object is not subscriptable
2025-01-20 13:09:50 - ERROR - Posi��o inicial de HASH11 n�o encontrada.
2025-01-20 17:39:08 - ERROR - Erro no loop principal: binance {"code":-1008,"msg":"Server is currently overloaded with other requests. Please try again in a few minutes."}
2025-01-21 14:36:49 - ERROR - Posi��o inicial de HASH11 n�o encontrada.
2025-01-21 14:36:56 - ERROR - Posi��o inicial de HASH11 n�o encontrada.
2025-01-21 17:42:25 - ERROR - Posi��o inicial de HASH11 n�o encontrada.
2025-01-21 17:47:32 - ERROR - Posi��o inicial de HASH11 n�o encontrada.
2025-01-23 20:12:26 - ERROR - Erro no loop principal: binance {"code":-1008,"msg":"Server is currently overloaded with other requests. Please try again in a few minutes."}
2025-01-27 14:31:26 - ERROR - Erro no loop principal: binance {"code":-1008,"msg":"Server is currently overloaded with other requests. Please try again in a few minutes."}
2025-01-28 13:42:24 - ERROR - Erro ao obter posi��o de QSOL11: cannot access local variable 'positions_data' where it is not associated with a value
2025-01-28 13:42:24 - ERROR - Posi��o de HASH11 n�o encontrada.
2025-01-28 16:49:51 - ERROR - Erro ao obter posi��o de QBTC11: cannot access local variable 'positions_data' where it is not associated with a value
2025-01-28 16:49:51 - ERROR - Posi��o de QBTC11 n�o encontrada.
2025-01-28 16:49:51 - ERROR - Erro ao obter posi��o de QSOL11: cannot access local variable 'positions_data' where it is not associated with a value
2025-01-28 16:49:51 - ERROR - Posi��o de QSOL11 n�o encontrada.
2025-01-28 16:49:51 - ERROR - Erro ao obter posi��o de HASH11: cannot access local variable 'positions_data' where it is not associated with a value
2025-01-28 16:49:51 - ERROR - Posi��o de HASH11 n�o encontrada.
2025-01-28 20:23:26 - ERROR - Posi��o de QSOL11 n�o encontrada.
2025-01-29 13:09:26 - ERROR - Posi��o inicial de QSOL11 n�o encontrada.
2025-01-29 19:40:18 - ERROR - Erro no loop principal: binance {"code":-1008,"msg":"Server is currently overloaded with other requests. Please try again in a few minutes."}
2025-02-03 08:10:33 - ERROR - Erro no loop principal: 'NoneType' object is not subscriptable
2025-02-03 14:01:28 - ERROR - Posi��o de QSOL11 n�o encontrada.
2025-02-03 14:26:54 - ERROR - Posi��o inicialn�o encontrada.
2025-02-03 14:31:32 - ERROR - Erro no loop principal: binance {"code":-1008,"msg":"Server is currently overloaded with other requests. Please try again in a few minutes."}
2025-02-03 14:32:23 - ERROR - Erro no loop principal: binance {"code":-1008,"msg":"Server is currently overloaded with other requests. Please try again in a few minutes."}
2025-02-06 13:31:05 - ERROR - Erro no loop principal: binance {"code":-1008,"msg":"Server is currently overloaded with other requests. Please try again in a few minutes."}
2025-02-06 18:33:25 - ERROR - Erro no loop principal: binance {"code":-1008,"msg":"Server is currently overloaded with other requests. Please try again in a few minutes."}
2025-02-07 13:18:00 - ERROR - Posi��o inicialn�o encontrada.
2025-02-07 13:30:07 - ERROR - Erro no loop principal: binance {"code":-1008,"msg":"Server is currently overloaded with other requests. Please try again in a few minutes."}
2025-02-14 21:56:18 - ERROR - Erro ao obter posi��o de QSOL11: cannot access local variable 'positions_data' where it is not associated with a value
2025-02-14 21:56:18 - ERROR - Erro no loop principal: 'NoneType' object is not subscriptable
2025-02-14 21:56:18 - ERROR - Erro ao obter posi��o: cannot access local variable 'positions_data' where it is not associated with a value
2025-02-14 21:56:18 - ERROR - Posi��o n�o encontrada.
2025-02-17 16:35:07 - ERROR - Erro no loop principal: 'NoneType' object is not subscriptable
2025-02-28 13:30:18 - ERROR - Erro no loop principal: binance {"code":-1008,"msg":"Server is currently overloaded with other requests. Please try again in a few minutes."}
2025-02-28 13:30:23 - ERROR - Erro no loop principal: binance {"code":-1008,"msg":"Server is currently overloaded with other requests. Please try again in a few minutes."}
2025-03-07 08:09:37 - ERROR - Erro no loop principal: 'NoneType' object is not subscriptable
2025-03-07 08:09:44 - ERROR - Erro no loop principal: 'NoneType' object is not subscriptable
2025-03-07 13:30:11 - ERROR - Erro no loop principal: binance {"code":-1008,"msg":"Server is currently overloaded with other requests. Please try again in a few minutes."}
